Year,Series,Sector,Age group,Education level,Geopolitical zone,Wealth Index Quintile,State,Form of violence,Units,GeoCode,Value
2018,"Proportion of ever-partnered women and girls aged 15 years and older subjected to physical, sexual or psychological violence by a current or former intimate partner in the previous 12 months, by form of violence and by age",,,,,,,Emotional Violence,Percentage (%),NG,26.7
2018,"Proportion of ever-partnered women and girls aged 15 years and older subjected to physical, sexual or psychological violence by a current or former intimate partner in the previous 12 months, by form of violence and by age",Urban,,,,,,Emotional Violence,Percentage (%),NG,22.8
2018,"Proportion of ever-partnered women and girls aged 15 years and older subjected to physical, sexual or psychological violence by a current or former intimate partner in the previous 12 months, by form of violence and by age",Rural,,,,,,Emotional Violence,Percentage (%),NG,29.7
2018,"Proportion of ever-partnered women and girls aged 15 years and older subjected to physical, sexual or psychological violence by a current or former intimate partner in the previous 12 months, by form of violence and by age",,15-19,,,,,Emotional Violence,Percentage (%),NG,17.4
2018,"Proportion of ever-partnered women and girls aged 15 years and older subjected to physical, sexual or psychological violence by a current or former intimate partner in the previous 12 months, by form of violence and by age",,20-24,,,,,Emotional Violence,Percentage (%),NG,29.4
2018,"Proportion of ever-partnered women and girls aged 15 years and older subjected to physical, sexual or psychological violence by a current or former intimate partner in the previous 12 months, by form of violence and by age",,25-29,,,,,Emotional Violence,Percentage (%),NG,30.9
2018,"Proportion of ever-partnered women and girls aged 15 years and older subjected to physical, sexual or psychological violence by a current or former intimate partner in the previous 12 months, by form of violence and by age",,30-39,,,,,Emotional Violence,Percentage (%),NG,27.9
2018,"Proportion of ever-partnered women and girls aged 15 years and older subjected to physical, sexual or psychological violence by a current or former intimate partner in the previous 12 months, by form of violence and by age",,40-49,,,,,Emotional Violence,Percentage (%),NG,21.7
2018,"Proportion of ever-partnered women and girls aged 15 years and older subjected to physical, sexual or psychological violence by a current or former intimate partner in the previous 12 months, by form of violence and by age",,,,North Central,,,Emotional Violence,Percentage (%),NGNCZ06,35.8
2018,"Proportion of ever-partnered women and girls aged 15 years and older subjected to physical, sexual or psychological violence by a current or former intimate partner in the previous 12 months, by form of violence and by age",,,,North East,,,Emotional Violence,Percentage (%),NGNEZ05,38.4
2018,"Proportion of ever-partnered women and girls aged 15 years and older subjected to physical, sexual or psychological violence by a current or former intimate partner in the previous 12 months, by form of violence and by age",,,,North West,,,Emotional Violence,Percentage (%),NGNWZ04,22.5
2018,"Proportion of ever-partnered women and girls aged 15 years and older subjected to physical, sexual or psychological violence by a current or former intimate partner in the previous 12 months, by form of violence and by age",,,,South East,,,Emotional Violence,Percentage (%),NGSEZ03,29.8
2018,"Proportion of ever-partnered women and girls aged 15 years and older subjected to physical, sexual or psychological violence by a current or former intimate partner in the previous 12 months, by form of violence and by age",,,,South South,,,Emotional Violence,Percentage (%),NGSSZ02,30.5
2018,"Proportion of ever-partnered women and girls aged 15 years and older subjected to physical, sexual or psychological violence by a current or former intimate partner in the previous 12 months, by form of violence and by age",,,,South West,,,Emotional Violence,Percentage (%),NGSWZ01,12.7
2018,"Proportion of ever-partnered women and girls aged 15 years and older subjected to physical, sexual or psychological violence by a current or former intimate partner in the previous 12 months, by form of violence and by age",,,None,,,,Emotional Violence,Percentage (%),NG,27.6
2018,"Proportion of ever-partnered women and girls aged 15 years and older subjected to physical, sexual or psychological violence by a current or former intimate partner in the previous 12 months, by form of violence and by age",,,Primary,,,,Emotional Violence,Percentage (%),NG,27.8
2018,"Proportion of ever-partnered women and girls aged 15 years and older subjected to physical, sexual or psychological violence by a current or former intimate partner in the previous 12 months, by form of violence and by age",,,Secondary,,,,Emotional Violence,Percentage (%),NG,27.2
2018,"Proportion of ever-partnered women and girls aged 15 years and older subjected to physical, sexual or psychological violence by a current or former intimate partner in the previous 12 months, by form of violence and by age",,,Higher,,,,Emotional Violence,Percentage (%),NG,19.2
2018,"Proportion of ever-partnered women and girls aged 15 years and older subjected to physical, sexual or psychological violence by a current or former intimate partner in the previous 12 months, by form of violence and by age",,,,,Lowest,,Emotional Violence,Percentage (%),NG,28.8
2018,"Proportion of ever-partnered women and girls aged 15 years and older subjected to physical, sexual or psychological violence by a current or former intimate partner in the previous 12 months, by form of violence and by age",,,,,Second,,Emotional Violence,Percentage (%),NG,29.5
2018,"Proportion of ever-partnered women and girls aged 15 years and older subjected to physical, sexual or psychological violence by a current or former intimate partner in the previous 12 months, by form of violence and by age",,,,,Middle,,Emotional Violence,Percentage (%),NG,30.1
2018,"Proportion of ever-partnered women and girls aged 15 years and older subjected to physical, sexual or psychological violence by a current or former intimate partner in the previous 12 months, by form of violence and by age",,,,,Fourth,,Emotional Violence,Percentage (%),NG,26.4
2018,"Proportion of ever-partnered women and girls aged 15 years and older subjected to physical, sexual or psychological violence by a current or former intimate partner in the previous 12 months, by form of violence and by age",,,,,Highest,,Emotional Violence,Percentage (%),NG,19.1
2018,"Proportion of ever-partnered women and girls aged 15 years and older subjected to physical, sexual or psychological violence by a current or former intimate partner in the previous 12 months, by form of violence and by age",,,,,,Abia,Emotional Violence,Percentage (%),NGAB01,28.0
2018,"Proportion of ever-partnered women and girls aged 15 years and older subjected to physical, sexual or psychological violence by a current or former intimate partner in the previous 12 months, by form of violence and by age",,,,,,Adamawa,Emotional Violence,Percentage (%),NGAD02,55.9
2018,"Proportion of ever-partnered women and girls aged 15 years and older subjected to physical, sexual or psychological violence by a current or former intimate partner in the previous 12 months, by form of violence and by age",,,,,,Akwa Ibom,Emotional Violence,Percentage (%),NGAK03,24.2
2018,"Proportion of ever-partnered women and girls aged 15 years and older subjected to physical, sexual or psychological violence by a current or former intimate partner in the previous 12 months, by form of violence and by age",,,,,,Anambra,Emotional Violence,Percentage (%),NGAN04,35.2
2018,"Proportion of ever-partnered women and girls aged 15 years and older subjected to physical, sexual or psychological violence by a current or former intimate partner in the previous 12 months, by form of violence and by age",,,,,,Bauchi,Emotional Violence,Percentage (%),NGBA05,50.2
2018,"Proportion of ever-partnered women and girls aged 15 years and older subjected to physical, sexual or psychological violence by a current or former intimate partner in the previous 12 months, by form of violence and by age",,,,,,Bayelsa,Emotional Violence,Percentage (%),NGBY06,27.4
2018,"Proportion of ever-partnered women and girls aged 15 years and older subjected to physical, sexual or psychological violence by a current or former intimate partner in the previous 12 months, by form of violence and by age",,,,,,Benue,Emotional Violence,Percentage (%),NGBE07,42.9
2018,"Proportion of ever-partnered women and girls aged 15 years and older subjected to physical, sexual or psychological violence by a current or former intimate partner in the previous 12 months, by form of violence and by age",,,,,,Borno,Emotional Violence,Percentage (%),NGBO08,18.9
2018,"Proportion of ever-partnered women and girls aged 15 years and older subjected to physical, sexual or psychological violence by a current or former intimate partner in the previous 12 months, by form of violence and by age",,,,,,Cross River,Emotional Violence,Percentage (%),NGXR09,27.0
2018,"Proportion of ever-partnered women and girls aged 15 years and older subjected to physical, sexual or psychological violence by a current or former intimate partner in the previous 12 months, by form of violence and by age",,,,,,Delta,Emotional Violence,Percentage (%),NGDE10,39.4
2018,"Proportion of ever-partnered women and girls aged 15 years and older subjected to physical, sexual or psychological violence by a current or former intimate partner in the previous 12 months, by form of violence and by age",,,,,,Ebonyi,Emotional Violence,Percentage (%),NGEB11,29.3
2018,"Proportion of ever-partnered women and girls aged 15 years and older subjected to physical, sexual or psychological violence by a current or former intimate partner in the previous 12 months, by form of violence and by age",,,,,,Edo,Emotional Violence,Percentage (%),NGED12,41.1
2018,"Proportion of ever-partnered women and girls aged 15 years and older subjected to physical, sexual or psychological violence by a current or former intimate partner in the previous 12 months, by form of violence and by age",,,,,,Ekiti,Emotional Violence,Percentage (%),NGEK13,15.6
2018,"Proportion of ever-partnered women and girls aged 15 years and older subjected to physical, sexual or psychological violence by a current or former intimate partner in the previous 12 months, by form of violence and by age",,,,,,Enugu,Emotional Violence,Percentage (%),NGEN14,13.2
2018,"Proportion of ever-partnered women and girls aged 15 years and older subjected to physical, sexual or psychological violence by a current or former intimate partner in the previous 12 months, by form of violence and by age",,,,,,Gombe,Emotional Violence,Percentage (%),NGGO15,66.6
2018,"Proportion of ever-partnered women and girls aged 15 years and older subjected to physical, sexual or psychological violence by a current or former intimate partner in the previous 12 months, by form of violence and by age",,,,,,Imo,Emotional Violence,Percentage (%),NGIM16,35.1
2018,"Proportion of ever-partnered women and girls aged 15 years and older subjected to physical, sexual or psychological violence by a current or former intimate partner in the previous 12 months, by form of violence and by age",,,,,,Jigawa,Emotional Violence,Percentage (%),NGJI17,9.7
2018,"Proportion of ever-partnered women and girls aged 15 years and older subjected to physical, sexual or psychological violence by a current or former intimate partner in the previous 12 months, by form of violence and by age",,,,,,Kaduna,Emotional Violence,Percentage (%),NGKD18,53.3
2018,"Proportion of ever-partnered women and girls aged 15 years and older subjected to physical, sexual or psychological violence by a current or former intimate partner in the previous 12 months, by form of violence and by age",,,,,,Kano,Emotional Violence,Percentage (%),NGKN19,14.2
2018,"Proportion of ever-partnered women and girls aged 15 years and older subjected to physical, sexual or psychological violence by a current or former intimate partner in the previous 12 months, by form of violence and by age",,,,,,Katsina,Emotional Violence,Percentage (%),NGKT20,10.8
2018,"Proportion of ever-partnered women and girls aged 15 years and older subjected to physical, sexual or psychological violence by a current or former intimate partner in the previous 12 months, by form of violence and by age",,,,,,Kebbi,Emotional Violence,Percentage (%),NGKE21,13.4
2018,"Proportion of ever-partnered women and girls aged 15 years and older subjected to physical, sexual or psychological violence by a current or former intimate partner in the previous 12 months, by form of violence and by age",,,,,,Kogi,Emotional Violence,Percentage (%),NGKO22,58.9
2018,"Proportion of ever-partnered women and girls aged 15 years and older subjected to physical, sexual or psychological violence by a current or former intimate partner in the previous 12 months, by form of violence and by age",,,,,,Kwara,Emotional Violence,Percentage (%),NGKW23,27.1
2018,"Proportion of ever-partnered women and girls aged 15 years and older subjected to physical, sexual or psychological violence by a current or former intimate partner in the previous 12 months, by form of violence and by age",,,,,,Lagos,Emotional Violence,Percentage (%),NGLA24,13.8
2018,"Proportion of ever-partnered women and girls aged 15 years and older subjected to physical, sexual or psychological violence by a current or former intimate partner in the previous 12 months, by form of violence and by age",,,,,,Nasarawa,Emotional Violence,Percentage (%),NGNA25,9.8
2018,"Proportion of ever-partnered women and girls aged 15 years and older subjected to physical, sexual or psychological violence by a current or former intimate partner in the previous 12 months, by form of violence and by age",,,,,,Niger,Emotional Violence,Percentage (%),NGNI26,33.3
2018,"Proportion of ever-partnered women and girls aged 15 years and older subjected to physical, sexual or psychological violence by a current or former intimate partner in the previous 12 months, by form of violence and by age",,,,,,Ogun,Emotional Violence,Percentage (%),NGOG27,12.6
2018,"Proportion of ever-partnered women and girls aged 15 years and older subjected to physical, sexual or psychological violence by a current or former intimate partner in the previous 12 months, by form of violence and by age",,,,,,Ondo,Emotional Violence,Percentage (%),NGON28,10.3
2018,"Proportion of ever-partnered women and girls aged 15 years and older subjected to physical, sexual or psychological violence by a current or former intimate partner in the previous 12 months, by form of violence and by age",,,,,,Osun,Emotional Violence,Percentage (%),NGOS29,14.2
2018,"Proportion of ever-partnered women and girls aged 15 years and older subjected to physical, sexual or psychological violence by a current or former intimate partner in the previous 12 months, by form of violence and by age",,,,,,Oyo,Emotional Violence,Percentage (%),NGOY30,10.6
2018,"Proportion of ever-partnered women and girls aged 15 years and older subjected to physical, sexual or psychological violence by a current or former intimate partner in the previous 12 months, by form of violence and by age",,,,,,Plateau,Emotional Violence,Percentage (%),NGPL31,47.5
2018,"Proportion of ever-partnered women and girls aged 15 years and older subjected to physical, sexual or psychological violence by a current or former intimate partner in the previous 12 months, by form of violence and by age",,,,,,Rivers,Emotional Violence,Percentage (%),NGRI32,27.1
2018,"Proportion of ever-partnered women and girls aged 15 years and older subjected to physical, sexual or psychological violence by a current or former intimate partner in the previous 12 months, by form of violence and by age",,,,,,Sokoto,Emotional Violence,Percentage (%),NGSO33,30.3
2018,"Proportion of ever-partnered women and girls aged 15 years and older subjected to physical, sexual or psychological violence by a current or former intimate partner in the previous 12 months, by form of violence and by age",,,,,,Taraba,Emotional Violence,Percentage (%),NGTA34,32.7
2018,"Proportion of ever-partnered women and girls aged 15 years and older subjected to physical, sexual or psychological violence by a current or former intimate partner in the previous 12 months, by form of violence and by age",,,,,,Yobe,Emotional Violence,Percentage (%),NGYO35,22.1
2018,"Proportion of ever-partnered women and girls aged 15 years and older subjected to physical, sexual or psychological violence by a current or former intimate partner in the previous 12 months, by form of violence and by age",,,,,,Zamfara,Emotional Violence,Percentage (%),NGZA36,17.7
2018,"Proportion of ever-partnered women and girls aged 15 years and older subjected to physical, sexual or psychological violence by a current or former intimate partner in the previous 12 months, by form of violence and by age",,,,,,Federal Capital Territory,Emotional Violence,Percentage (%),NGFC37,11.3
2018,"Proportion of ever-partnered women and girls aged 15 years and older subjected to physical, sexual or psychological violence by a current or former intimate partner in the previous 12 months, by form of violence and by age",,,,,,,Physical Violence,Percentage (%),NG,11.8
2018,"Proportion of ever-partnered women and girls aged 15 years and older subjected to physical, sexual or psychological violence by a current or former intimate partner in the previous 12 months, by form of violence and by age",Urban,,,,,,Physical Violence,Percentage (%),NG,10.5
2018,"Proportion of ever-partnered women and girls aged 15 years and older subjected to physical, sexual or psychological violence by a current or former intimate partner in the previous 12 months, by form of violence and by age",Rural,,,,,,Physical Violence,Percentage (%),NG,12.8
2018,"Proportion of ever-partnered women and girls aged 15 years and older subjected to physical, sexual or psychological violence by a current or former intimate partner in the previous 12 months, by form of violence and by age",,15-19,,,,,Physical Violence,Percentage (%),NG,9.4
2018,"Proportion of ever-partnered women and girls aged 15 years and older subjected to physical, sexual or psychological violence by a current or former intimate partner in the previous 12 months, by form of violence and by age",,20-24,,,,,Physical Violence,Percentage (%),NG,15.5
2018,"Proportion of ever-partnered women and girls aged 15 years and older subjected to physical, sexual or psychological violence by a current or former intimate partner in the previous 12 months, by form of violence and by age",,25-29,,,,,Physical Violence,Percentage (%),NG,13.8
2018,"Proportion of ever-partnered women and girls aged 15 years and older subjected to physical, sexual or psychological violence by a current or former intimate partner in the previous 12 months, by form of violence and by age",,30-39,,,,,Physical Violence,Percentage (%),NG,12.1
2018,"Proportion of ever-partnered women and girls aged 15 years and older subjected to physical, sexual or psychological violence by a current or former intimate partner in the previous 12 months, by form of violence and by age",,40-49,,,,,Physical Violence,Percentage (%),NG,7.9
2018,"Proportion of ever-partnered women and girls aged 15 years and older subjected to physical, sexual or psychological violence by a current or former intimate partner in the previous 12 months, by form of violence and by age",,,,North Central,,,Physical Violence,Percentage (%),NGNCZ06,18.3
2018,"Proportion of ever-partnered women and girls aged 15 years and older subjected to physical, sexual or psychological violence by a current or former intimate partner in the previous 12 months, by form of violence and by age",,,,North East,,,Physical Violence,Percentage (%),NGNEZ05,15.0
2018,"Proportion of ever-partnered women and girls aged 15 years and older subjected to physical, sexual or psychological violence by a current or former intimate partner in the previous 12 months, by form of violence and by age",,,,North West,,,Physical Violence,Percentage (%),NGNWZ04,5.9
2018,"Proportion of ever-partnered women and girls aged 15 years and older subjected to physical, sexual or psychological violence by a current or former intimate partner in the previous 12 months, by form of violence and by age",,,,South East,,,Physical Violence,Percentage (%),NGSEZ03,14.9
2018,"Proportion of ever-partnered women and girls aged 15 years and older subjected to physical, sexual or psychological violence by a current or former intimate partner in the previous 12 months, by form of violence and by age",,,,South South,,,Physical Violence,Percentage (%),NGSSZ02,18.9
2018,"Proportion of ever-partnered women and girls aged 15 years and older subjected to physical, sexual or psychological violence by a current or former intimate partner in the previous 12 months, by form of violence and by age",,,,South West,,,Physical Violence,Percentage (%),NGSWZ01,7.6
2018,"Proportion of ever-partnered women and girls aged 15 years and older subjected to physical, sexual or psychological violence by a current or former intimate partner in the previous 12 months, by form of violence and by age",,,None,,,,Physical Violence,Percentage (%),NG,10.3
2018,"Proportion of ever-partnered women and girls aged 15 years and older subjected to physical, sexual or psychological violence by a current or former intimate partner in the previous 12 months, by form of violence and by age",,,Primary,,,,Physical Violence,Percentage (%),NG,13.7
2018,"Proportion of ever-partnered women and girls aged 15 years and older subjected to physical, sexual or psychological violence by a current or former intimate partner in the previous 12 months, by form of violence and by age",,,Secondary,,,,Physical Violence,Percentage (%),NG,14.4
2018,"Proportion of ever-partnered women and girls aged 15 years and older subjected to physical, sexual or psychological violence by a current or former intimate partner in the previous 12 months, by form of violence and by age",,,Higher,,,,Physical Violence,Percentage (%),NG,5.9
2018,"Proportion of ever-partnered women and girls aged 15 years and older subjected to physical, sexual or psychological violence by a current or former intimate partner in the previous 12 months, by form of violence and by age",,,,,Lowest,,Physical Violence,Percentage (%),NG,10.1
2018,"Proportion of ever-partnered women and girls aged 15 years and older subjected to physical, sexual or psychological violence by a current or former intimate partner in the previous 12 months, by form of violence and by age",,,,,Second,,Physical Violence,Percentage (%),NG,12.6
2018,"Proportion of ever-partnered women and girls aged 15 years and older subjected to physical, sexual or psychological violence by a current or former intimate partner in the previous 12 months, by form of violence and by age",,,,,Middle,,Physical Violence,Percentage (%),NG,14.3
2018,"Proportion of ever-partnered women and girls aged 15 years and older subjected to physical, sexual or psychological violence by a current or former intimate partner in the previous 12 months, by form of violence and by age",,,,,Fourth,,Physical Violence,Percentage (%),NG,13.8
2018,"Proportion of ever-partnered women and girls aged 15 years and older subjected to physical, sexual or psychological violence by a current or former intimate partner in the previous 12 months, by form of violence and by age",,,,,Highest,,Physical Violence,Percentage (%),NG,8.1
2018,"Proportion of ever-partnered women and girls aged 15 years and older subjected to physical, sexual or psychological violence by a current or former intimate partner in the previous 12 months, by form of violence and by age",,,,,,Abia,Physical Violence,Percentage (%),NGAB01,20.3
2018,"Proportion of ever-partnered women and girls aged 15 years and older subjected to physical, sexual or psychological violence by a current or former intimate partner in the previous 12 months, by form of violence and by age",,,,,,Adamawa,Physical Violence,Percentage (%),NGAD02,32.2
2018,"Proportion of ever-partnered women and girls aged 15 years and older subjected to physical, sexual or psychological violence by a current or former intimate partner in the previous 12 months, by form of violence and by age",,,,,,Akwa Ibom,Physical Violence,Percentage (%),NGAK03,22.9
2018,"Proportion of ever-partnered women and girls aged 15 years and older subjected to physical, sexual or psychological violence by a current or former intimate partner in the previous 12 months, by form of violence and by age",,,,,,Anambra,Physical Violence,Percentage (%),NGAN04,12.8
2018,"Proportion of ever-partnered women and girls aged 15 years and older subjected to physical, sexual or psychological violence by a current or former intimate partner in the previous 12 months, by form of violence and by age",,,,,,Bauchi,Physical Violence,Percentage (%),NGBA05,14.6
2018,"Proportion of ever-partnered women and girls aged 15 years and older subjected to physical, sexual or psychological violence by a current or former intimate partner in the previous 12 months, by form of violence and by age",,,,,,Bayelsa,Physical Violence,Percentage (%),NGBY06,26.6
2018,"Proportion of ever-partnered women and girls aged 15 years and older subjected to physical, sexual or psychological violence by a current or former intimate partner in the previous 12 months, by form of violence and by age",,,,,,Benue,Physical Violence,Percentage (%),NGBE07,30.9
2018,"Proportion of ever-partnered women and girls aged 15 years and older subjected to physical, sexual or psychological violence by a current or former intimate partner in the previous 12 months, by form of violence and by age",,,,,,Borno,Physical Violence,Percentage (%),NGBO08,11.0
2018,"Proportion of ever-partnered women and girls aged 15 years and older subjected to physical, sexual or psychological violence by a current or former intimate partner in the previous 12 months, by form of violence and by age",,,,,,Cross River,Physical Violence,Percentage (%),NGXR09,12.6
2018,"Proportion of ever-partnered women and girls aged 15 years and older subjected to physical, sexual or psychological violence by a current or former intimate partner in the previous 12 months, by form of violence and by age",,,,,,Delta,Physical Violence,Percentage (%),NGDE10,11.8
2018,"Proportion of ever-partnered women and girls aged 15 years and older subjected to physical, sexual or psychological violence by a current or former intimate partner in the previous 12 months, by form of violence and by age",,,,,,Ebonyi,Physical Violence,Percentage (%),NGEB11,18.5
2018,"Proportion of ever-partnered women and girls aged 15 years and older subjected to physical, sexual or psychological violence by a current or former intimate partner in the previous 12 months, by form of violence and by age",,,,,,Edo,Physical Violence,Percentage (%),NGED12,21.6
2018,"Proportion of ever-partnered women and girls aged 15 years and older subjected to physical, sexual or psychological violence by a current or former intimate partner in the previous 12 months, by form of violence and by age",,,,,,Ekiti,Physical Violence,Percentage (%),NGEK13,11.0
2018,"Proportion of ever-partnered women and girls aged 15 years and older subjected to physical, sexual or psychological violence by a current or former intimate partner in the previous 12 months, by form of violence and by age",,,,,,Enugu,Physical Violence,Percentage (%),NGEN14,8.8
2018,"Proportion of ever-partnered women and girls aged 15 years and older subjected to physical, sexual or psychological violence by a current or former intimate partner in the previous 12 months, by form of violence and by age",,,,,,Gombe,Physical Violence,Percentage (%),NGGO15,25.6
2018,"Proportion of ever-partnered women and girls aged 15 years and older subjected to physical, sexual or psychological violence by a current or former intimate partner in the previous 12 months, by form of violence and by age",,,,,,Imo,Physical Violence,Percentage (%),NGIM16,15.8
2018,"Proportion of ever-partnered women and girls aged 15 years and older subjected to physical, sexual or psychological violence by a current or former intimate partner in the previous 12 months, by form of violence and by age",,,,,,Jigawa,Physical Violence,Percentage (%),NGJI17,1.8
2018,"Proportion of ever-partnered women and girls aged 15 years and older subjected to physical, sexual or psychological violence by a current or former intimate partner in the previous 12 months, by form of violence and by age",,,,,,Kaduna,Physical Violence,Percentage (%),NGKD18,13.8
2018,"Proportion of ever-partnered women and girls aged 15 years and older subjected to physical, sexual or psychological violence by a current or former intimate partner in the previous 12 months, by form of violence and by age",,,,,,Kano,Physical Violence,Percentage (%),NGKN19,2.7
2018,"Proportion of ever-partnered women and girls aged 15 years and older subjected to physical, sexual or psychological violence by a current or former intimate partner in the previous 12 months, by form of violence and by age",,,,,,Katsina,Physical Violence,Percentage (%),NGKT20,3.9
2018,"Proportion of ever-partnered women and girls aged 15 years and older subjected to physical, sexual or psychological violence by a current or former intimate partner in the previous 12 months, by form of violence and by age",,,,,,Kebbi,Physical Violence,Percentage (%),NGKE21,7.2
2018,"Proportion of ever-partnered women and girls aged 15 years and older subjected to physical, sexual or psychological violence by a current or former intimate partner in the previous 12 months, by form of violence and by age",,,,,,Kogi,Physical Violence,Percentage (%),NGKO22,9.5
2018,"Proportion of ever-partnered women and girls aged 15 years and older subjected to physical, sexual or psychological violence by a current or former intimate partner in the previous 12 months, by form of violence and by age",,,,,,Kwara,Physical Violence,Percentage (%),NGKW23,11.6
2018,"Proportion of ever-partnered women and girls aged 15 years and older subjected to physical, sexual or psychological violence by a current or former intimate partner in the previous 12 months, by form of violence and by age",,,,,,Lagos,Physical Violence,Percentage (%),NGLA24,4.5
2018,"Proportion of ever-partnered women and girls aged 15 years and older subjected to physical, sexual or psychological violence by a current or former intimate partner in the previous 12 months, by form of violence and by age",,,,,,Nasarawa,Physical Violence,Percentage (%),NGNA25,7.8
2018,"Proportion of ever-partnered women and girls aged 15 years and older subjected to physical, sexual or psychological violence by a current or former intimate partner in the previous 12 months, by form of violence and by age",,,,,,Niger,Physical Violence,Percentage (%),NGNI26,21.4
2018,"Proportion of ever-partnered women and girls aged 15 years and older subjected to physical, sexual or psychological violence by a current or former intimate partner in the previous 12 months, by form of violence and by age",,,,,,Ogun,Physical Violence,Percentage (%),NGOG27,5.5
2018,"Proportion of ever-partnered women and girls aged 15 years and older subjected to physical, sexual or psychological violence by a current or former intimate partner in the previous 12 months, by form of violence and by age",,,,,,Ondo,Physical Violence,Percentage (%),NGON28,8.5
2018,"Proportion of ever-partnered women and girls aged 15 years and older subjected to physical, sexual or psychological violence by a current or former intimate partner in the previous 12 months, by form of violence and by age",,,,,,Osun,Physical Violence,Percentage (%),NGOS29,14.8
2018,"Proportion of ever-partnered women and girls aged 15 years and older subjected to physical, sexual or psychological violence by a current or former intimate partner in the previous 12 months, by form of violence and by age",,,,,,Oyo,Physical Violence,Percentage (%),NGOY30,7.6
2018,"Proportion of ever-partnered women and girls aged 15 years and older subjected to physical, sexual or psychological violence by a current or former intimate partner in the previous 12 months, by form of violence and by age",,,,,,Plateau,Physical Violence,Percentage (%),NGPL31,15.4
2018,"Proportion of ever-partnered women and girls aged 15 years and older subjected to physical, sexual or psychological violence by a current or former intimate partner in the previous 12 months, by form of violence and by age",,,,,,Rivers,Physical Violence,Percentage (%),NGRI32,20.0
2018,"Proportion of ever-partnered women and girls aged 15 years and older subjected to physical, sexual or psychological violence by a current or former intimate partner in the previous 12 months, by form of violence and by age",,,,,,Sokoto,Physical Violence,Percentage (%),NGSO33,1.8
2018,"Proportion of ever-partnered women and girls aged 15 years and older subjected to physical, sexual or psychological violence by a current or former intimate partner in the previous 12 months, by form of violence and by age",,,,,,Taraba,Physical Violence,Percentage (%),NGTA34,13.2
2018,"Proportion of ever-partnered women and girls aged 15 years and older subjected to physical, sexual or psychological violence by a current or former intimate partner in the previous 12 months, by form of violence and by age",,,,,,Yobe,Physical Violence,Percentage (%),NGYO35,3.0
2018,"Proportion of ever-partnered women and girls aged 15 years and older subjected to physical, sexual or psychological violence by a current or former intimate partner in the previous 12 months, by form of violence and by age",,,,,,Zamfara,Physical Violence,Percentage (%),NGZA36,6.9
2018,"Proportion of ever-partnered women and girls aged 15 years and older subjected to physical, sexual or psychological violence by a current or former intimate partner in the previous 12 months, by form of violence and by age",,,,,,Federal Capital Territory,Physical Violence,Percentage (%),NGFC37,5.0
2018,"Proportion of ever-partnered women and girls aged 15 years and older subjected to physical, sexual or psychological violence by a current or former intimate partner in the previous 12 months, by form of violence and by age",,,,,,,Sexual Violence,Percentage (%),NG,4.7
2018,"Proportion of ever-partnered women and girls aged 15 years and older subjected to physical, sexual or psychological violence by a current or former intimate partner in the previous 12 months, by form of violence and by age",Urban,,,,,,Sexual Violence,Percentage (%),NG,4.1
2018,"Proportion of ever-partnered women and girls aged 15 years and older subjected to physical, sexual or psychological violence by a current or former intimate partner in the previous 12 months, by form of violence and by age",Rural,,,,,,Sexual Violence,Percentage (%),NG,5.1
2018,"Proportion of ever-partnered women and girls aged 15 years and older subjected to physical, sexual or psychological violence by a current or former intimate partner in the previous 12 months, by form of violence and by age",,15-19,,,,,Sexual Violence,Percentage (%),NG,7.4
2018,"Proportion of ever-partnered women and girls aged 15 years and older subjected to physical, sexual or psychological violence by a current or former intimate partner in the previous 12 months, by form of violence and by age",,20-24,,,,,Sexual Violence,Percentage (%),NG,8.5
2018,"Proportion of ever-partnered women and girls aged 15 years and older subjected to physical, sexual or psychological violence by a current or former intimate partner in the previous 12 months, by form of violence and by age",,25-29,,,,,Sexual Violence,Percentage (%),NG,4.3
2018,"Proportion of ever-partnered women and girls aged 15 years and older subjected to physical, sexual or psychological violence by a current or former intimate partner in the previous 12 months, by form of violence and by age",,30-39,,,,,Sexual Violence,Percentage (%),NG,4.3
2018,"Proportion of ever-partnered women and girls aged 15 years and older subjected to physical, sexual or psychological violence by a current or former intimate partner in the previous 12 months, by form of violence and by age",,40-49,,,,,Sexual Violence,Percentage (%),NG,2.7
2018,"Proportion of ever-partnered women and girls aged 15 years and older subjected to physical, sexual or psychological violence by a current or former intimate partner in the previous 12 months, by form of violence and by age",,,,North Central,,,Sexual Violence,Percentage (%),NGNCZ06,4.2
2018,"Proportion of ever-partnered women and girls aged 15 years and older subjected to physical, sexual or psychological violence by a current or former intimate partner in the previous 12 months, by form of violence and by age",,,,North East,,,Sexual Violence,Percentage (%),NGNEZ05,9.9
2018,"Proportion of ever-partnered women and girls aged 15 years and older subjected to physical, sexual or psychological violence by a current or former intimate partner in the previous 12 months, by form of violence and by age",,,,North West,,,Sexual Violence,Percentage (%),NGNWZ04,3.3
2018,"Proportion of ever-partnered women and girls aged 15 years and older subjected to physical, sexual or psychological violence by a current or former intimate partner in the previous 12 months, by form of violence and by age",,,,South East,,,Sexual Violence,Percentage (%),NGSEZ03,5.5
2018,"Proportion of ever-partnered women and girls aged 15 years and older subjected to physical, sexual or psychological violence by a current or former intimate partner in the previous 12 months, by form of violence and by age",,,,South South,,,Sexual Violence,Percentage (%),NGSSZ02,6.2
2018,"Proportion of ever-partnered women and girls aged 15 years and older subjected to physical, sexual or psychological violence by a current or former intimate partner in the previous 12 months, by form of violence and by age",,,,South West,,,Sexual Violence,Percentage (%),NGSWZ01,1.5
2018,"Proportion of ever-partnered women and girls aged 15 years and older subjected to physical, sexual or psychological violence by a current or former intimate partner in the previous 12 months, by form of violence and by age",,,None,,,,Sexual Violence,Percentage (%),NG,4.9
2018,"Proportion of ever-partnered women and girls aged 15 years and older subjected to physical, sexual or psychological violence by a current or former intimate partner in the previous 12 months, by form of violence and by age",,,Primary,,,,Sexual Violence,Percentage (%),NG,4.5
2018,"Proportion of ever-partnered women and girls aged 15 years and older subjected to physical, sexual or psychological violence by a current or former intimate partner in the previous 12 months, by form of violence and by age",,,Secondary,,,,Sexual Violence,Percentage (%),NG,5.5
2018,"Proportion of ever-partnered women and girls aged 15 years and older subjected to physical, sexual or psychological violence by a current or former intimate partner in the previous 12 months, by form of violence and by age",,,Higher,,,,Sexual Violence,Percentage (%),NG,1.3
2018,"Proportion of ever-partnered women and girls aged 15 years and older subjected to physical, sexual or psychological violence by a current or former intimate partner in the previous 12 months, by form of violence and by age",,,,,Lowest,,Sexual Violence,Percentage (%),NG,6.2
2018,"Proportion of ever-partnered women and girls aged 15 years and older subjected to physical, sexual or psychological violence by a current or former intimate partner in the previous 12 months, by form of violence and by age",,,,,Second,,Sexual Violence,Percentage (%),NG,5.4
2018,"Proportion of ever-partnered women and girls aged 15 years and older subjected to physical, sexual or psychological violence by a current or former intimate partner in the previous 12 months, by form of violence and by age",,,,,Middle,,Sexual Violence,Percentage (%),NG,5.1
2018,"Proportion of ever-partnered women and girls aged 15 years and older subjected to physical, sexual or psychological violence by a current or former intimate partner in the previous 12 months, by form of violence and by age",,,,,Fourth,,Sexual Violence,Percentage (%),NG,4.8
2018,"Proportion of ever-partnered women and girls aged 15 years and older subjected to physical, sexual or psychological violence by a current or former intimate partner in the previous 12 months, by form of violence and by age",,,,,Highest,,Sexual Violence,Percentage (%),NG,2.1
2018,"Proportion of ever-partnered women and girls aged 15 years and older subjected to physical, sexual or psychological violence by a current or former intimate partner in the previous 12 months, by form of violence and by age",,,,,,Abia,Sexual Violence,Percentage (%),NGAB01,1.4
2018,"Proportion of ever-partnered women and girls aged 15 years and older subjected to physical, sexual or psychological violence by a current or former intimate partner in the previous 12 months, by form of violence and by age",,,,,,Adamawa,Sexual Violence,Percentage (%),NGAD02,11.0
2018,"Proportion of ever-partnered women and girls aged 15 years and older subjected to physical, sexual or psychological violence by a current or former intimate partner in the previous 12 months, by form of violence and by age",,,,,,Akwa Ibom,Sexual Violence,Percentage (%),NGAK03,11.7
2018,"Proportion of ever-partnered women and girls aged 15 years and older subjected to physical, sexual or psychological violence by a current or former intimate partner in the previous 12 months, by form of violence and by age",,,,,,Anambra,Sexual Violence,Percentage (%),NGAN04,3.3
2018,"Proportion of ever-partnered women and girls aged 15 years and older subjected to physical, sexual or psychological violence by a current or former intimate partner in the previous 12 months, by form of violence and by age",,,,,,Bauchi,Sexual Violence,Percentage (%),NGBA05,17.0
2018,"Proportion of ever-partnered women and girls aged 15 years and older subjected to physical, sexual or psychological violence by a current or former intimate partner in the previous 12 months, by form of violence and by age",,,,,,Bayelsa,Sexual Violence,Percentage (%),NGBY06,5.5
2018,"Proportion of ever-partnered women and girls aged 15 years and older subjected to physical, sexual or psychological violence by a current or former intimate partner in the previous 12 months, by form of violence and by age",,,,,,Benue,Sexual Violence,Percentage (%),NGBE07,2.3
2018,"Proportion of ever-partnered women and girls aged 15 years and older subjected to physical, sexual or psychological violence by a current or former intimate partner in the previous 12 months, by form of violence and by age",,,,,,Borno,Sexual Violence,Percentage (%),NGBO08,4.1
2018,"Proportion of ever-partnered women and girls aged 15 years and older subjected to physical, sexual or psychological violence by a current or former intimate partner in the previous 12 months, by form of violence and by age",,,,,,Cross River,Sexual Violence,Percentage (%),NGXR09,0.9
2018,"Proportion of ever-partnered women and girls aged 15 years and older subjected to physical, sexual or psychological violence by a current or former intimate partner in the previous 12 months, by form of violence and by age",,,,,,Delta,Sexual Violence,Percentage (%),NGDE10,4.8
2018,"Proportion of ever-partnered women and girls aged 15 years and older subjected to physical, sexual or psychological violence by a current or former intimate partner in the previous 12 months, by form of violence and by age",,,,,,Ebonyi,Sexual Violence,Percentage (%),NGEB11,10.1
2018,"Proportion of ever-partnered women and girls aged 15 years and older subjected to physical, sexual or psychological violence by a current or former intimate partner in the previous 12 months, by form of violence and by age",,,,,,Edo,Sexual Violence,Percentage (%),NGED12,6.1
2018,"Proportion of ever-partnered women and girls aged 15 years and older subjected to physical, sexual or psychological violence by a current or former intimate partner in the previous 12 months, by form of violence and by age",,,,,,Ekiti,Sexual Violence,Percentage (%),NGEK13,2.2
2018,"Proportion of ever-partnered women and girls aged 15 years and older subjected to physical, sexual or psychological violence by a current or former intimate partner in the previous 12 months, by form of violence and by age",,,,,,Enugu,Sexual Violence,Percentage (%),NGEN14,3.9
2018,"Proportion of ever-partnered women and girls aged 15 years and older subjected to physical, sexual or psychological violence by a current or former intimate partner in the previous 12 months, by form of violence and by age",,,,,,Gombe,Sexual Violence,Percentage (%),NGGO15,24.1
2018,"Proportion of ever-partnered women and girls aged 15 years and older subjected to physical, sexual or psychological violence by a current or former intimate partner in the previous 12 months, by form of violence and by age",,,,,,Imo,Sexual Violence,Percentage (%),NGIM16,7.8
2018,"Proportion of ever-partnered women and girls aged 15 years and older subjected to physical, sexual or psychological violence by a current or former intimate partner in the previous 12 months, by form of violence and by age",,,,,,Jigawa,Sexual Violence,Percentage (%),NGJI17,1.0
2018,"Proportion of ever-partnered women and girls aged 15 years and older subjected to physical, sexual or psychological violence by a current or former intimate partner in the previous 12 months, by form of violence and by age",,,,,,Kaduna,Sexual Violence,Percentage (%),NGKD18,7.9
2018,"Proportion of ever-partnered women and girls aged 15 years and older subjected to physical, sexual or psychological violence by a current or former intimate partner in the previous 12 months, by form of violence and by age",,,,,,Kano,Sexual Violence,Percentage (%),NGKN19,2.5
2018,"Proportion of ever-partnered women and girls aged 15 years and older subjected to physical, sexual or psychological violence by a current or former intimate partner in the previous 12 months, by form of violence and by age",,,,,,Katsina,Sexual Violence,Percentage (%),NGKT20,3.3
2018,"Proportion of ever-partnered women and girls aged 15 years and older subjected to physical, sexual or psychological violence by a current or former intimate partner in the previous 12 months, by form of violence and by age",,,,,,Kebbi,Sexual Violence,Percentage (%),NGKE21,0.5
2018,"Proportion of ever-partnered women and girls aged 15 years and older subjected to physical, sexual or psychological violence by a current or former intimate partner in the previous 12 months, by form of violence and by age",,,,,,Kogi,Sexual Violence,Percentage (%),NGKO22,2.8
2018,"Proportion of ever-partnered women and girls aged 15 years and older subjected to physical, sexual or psychological violence by a current or former intimate partner in the previous 12 months, by form of violence and by age",,,,,,Kwara,Sexual Violence,Percentage (%),NGKW23,2.0
2018,"Proportion of ever-partnered women and girls aged 15 years and older subjected to physical, sexual or psychological violence by a current or former intimate partner in the previous 12 months, by form of violence and by age",,,,,,Lagos,Sexual Violence,Percentage (%),NGLA24,0.1
2018,"Proportion of ever-partnered women and girls aged 15 years and older subjected to physical, sexual or psychological violence by a current or former intimate partner in the previous 12 months, by form of violence and by age",,,,,,Nasarawa,Sexual Violence,Percentage (%),NGNA25,2.3
2018,"Proportion of ever-partnered women and girls aged 15 years and older subjected to physical, sexual or psychological violence by a current or former intimate partner in the previous 12 months, by form of violence and by age",,,,,,Niger,Sexual Violence,Percentage (%),NGNI26,3.8
2018,"Proportion of ever-partnered women and girls aged 15 years and older subjected to physical, sexual or psychological violence by a current or former intimate partner in the previous 12 months, by form of violence and by age",,,,,,Ogun,Sexual Violence,Percentage (%),NGOG27,0.0
2018,"Proportion of ever-partnered women and girls aged 15 years and older subjected to physical, sexual or psychological violence by a current or former intimate partner in the previous 12 months, by form of violence and by age",,,,,,Ondo,Sexual Violence,Percentage (%),NGON28,2.1
2018,"Proportion of ever-partnered women and girls aged 15 years and older subjected to physical, sexual or psychological violence by a current or former intimate partner in the previous 12 months, by form of violence and by age",,,,,,Osun,Sexual Violence,Percentage (%),NGOS29,3.9
2018,"Proportion of ever-partnered women and girls aged 15 years and older subjected to physical, sexual or psychological violence by a current or former intimate partner in the previous 12 months, by form of violence and by age",,,,,,Oyo,Sexual Violence,Percentage (%),NGOY30,2.6
2018,"Proportion of ever-partnered women and girls aged 15 years and older subjected to physical, sexual or psychological violence by a current or former intimate partner in the previous 12 months, by form of violence and by age",,,,,,Plateau,Sexual Violence,Percentage (%),NGPL31,13.5
2018,"Proportion of ever-partnered women and girls aged 15 years and older subjected to physical, sexual or psychological violence by a current or former intimate partner in the previous 12 months, by form of violence and by age",,,,,,Rivers,Sexual Violence,Percentage (%),NGRI32,5.8
2018,"Proportion of ever-partnered women and girls aged 15 years and older subjected to physical, sexual or psychological violence by a current or former intimate partner in the previous 12 months, by form of violence and by age",,,,,,Sokoto,Sexual Violence,Percentage (%),NGSO33,0.8
2018,"Proportion of ever-partnered women and girls aged 15 years and older subjected to physical, sexual or psychological violence by a current or former intimate partner in the previous 12 months, by form of violence and by age",,,,,,Taraba,Sexual Violence,Percentage (%),NGTA34,3.5
2018,"Proportion of ever-partnered women and girls aged 15 years and older subjected to physical, sexual or psychological violence by a current or former intimate partner in the previous 12 months, by form of violence and by age",,,,,,Yobe,Sexual Violence,Percentage (%),NGYO35,3.2
2018,"Proportion of ever-partnered women and girls aged 15 years and older subjected to physical, sexual or psychological violence by a current or former intimate partner in the previous 12 months, by form of violence and by age",,,,,,Zamfara,Sexual Violence,Percentage (%),NGZA36,2.7
2018,"Proportion of ever-partnered women and girls aged 15 years and older subjected to physical, sexual or psychological violence by a current or former intimate partner in the previous 12 months, by form of violence and by age",,,,,,Federal Capital Territory,Sexual Violence,Percentage (%),NGFC37,1.4
2018,"Proportion of ever-partnered women and girls aged 15 years and older subjected to physical, sexual or psychological violence by a current or former intimate partner in the previous 12 months, by form of violence and by age",,,,,,,Physical and Sexual,Percentage (%),NG,2.7
2018,"Proportion of ever-partnered women and girls aged 15 years and older subjected to physical, sexual or psychological violence by a current or former intimate partner in the previous 12 months, by form of violence and by age",Urban,,,,,,Physical and Sexual,Percentage (%),NG,2.5
2018,"Proportion of ever-partnered women and girls aged 15 years and older subjected to physical, sexual or psychological violence by a current or former intimate partner in the previous 12 months, by form of violence and by age",Rural,,,,,,Physical and Sexual,Percentage (%),NG,2.9
2018,"Proportion of ever-partnered women and girls aged 15 years and older subjected to physical, sexual or psychological violence by a current or former intimate partner in the previous 12 months, by form of violence and by age",,15-19,,,,,Physical and Sexual,Percentage (%),NG,4.2
2018,"Proportion of ever-partnered women and girls aged 15 years and older subjected to physical, sexual or psychological violence by a current or former intimate partner in the previous 12 months, by form of violence and by age",,20-24,,,,,Physical and Sexual,Percentage (%),NG,4.6
2018,"Proportion of ever-partnered women and girls aged 15 years and older subjected to physical, sexual or psychological violence by a current or former intimate partner in the previous 12 months, by form of violence and by age",,25-29,,,,,Physical and Sexual,Percentage (%),NG,2.6
2018,"Proportion of ever-partnered women and girls aged 15 years and older subjected to physical, sexual or psychological violence by a current or former intimate partner in the previous 12 months, by form of violence and by age",,30-39,,,,,Physical and Sexual,Percentage (%),NG,2.6
2018,"Proportion of ever-partnered women and girls aged 15 years and older subjected to physical, sexual or psychological violence by a current or former intimate partner in the previous 12 months, by form of violence and by age",,40-49,,,,,Physical and Sexual,Percentage (%),NG,1.5
2018,"Proportion of ever-partnered women and girls aged 15 years and older subjected to physical, sexual or psychological violence by a current or former intimate partner in the previous 12 months, by form of violence and by age",,,,North Central,,,Physical and Sexual,Percentage (%),NGNCZ06,2.0
2018,"Proportion of ever-partnered women and girls aged 15 years and older subjected to physical, sexual or psychological violence by a current or former intimate partner in the previous 12 months, by form of violence and by age",,,,North East,,,Physical and Sexual,Percentage (%),NGNEZ05,5.2
2018,"Proportion of ever-partnered women and girls aged 15 years and older subjected to physical, sexual or psychological violence by a current or former intimate partner in the previous 12 months, by form of violence and by age",,,,North West,,,Physical and Sexual,Percentage (%),NGNWZ04,1.7
2018,"Proportion of ever-partnered women and girls aged 15 years and older subjected to physical, sexual or psychological violence by a current or former intimate partner in the previous 12 months, by form of violence and by age",,,,South East,,,Physical and Sexual,Percentage (%),NGSEZ03,3.6
2018,"Proportion of ever-partnered women and girls aged 15 years and older subjected to physical, sexual or psychological violence by a current or former intimate partner in the previous 12 months, by form of violence and by age",,,,South South,,,Physical and Sexual,Percentage (%),NGSSZ02,4.2
2018,"Proportion of ever-partnered women and girls aged 15 years and older subjected to physical, sexual or psychological violence by a current or former intimate partner in the previous 12 months, by form of violence and by age",,,,South West,,,Physical and Sexual,Percentage (%),NGSWZ01,1.3
2018,"Proportion of ever-partnered women and girls aged 15 years and older subjected to physical, sexual or psychological violence by a current or former intimate partner in the previous 12 months, by form of violence and by age",,,None,,,,Physical and Sexual,Percentage (%),NG,2.5
2018,"Proportion of ever-partnered women and girls aged 15 years and older subjected to physical, sexual or psychological violence by a current or former intimate partner in the previous 12 months, by form of violence and by age",,,Primary,,,,Physical and Sexual,Percentage (%),NG,3.2
2018,"Proportion of ever-partnered women and girls aged 15 years and older subjected to physical, sexual or psychological violence by a current or former intimate partner in the previous 12 months, by form of violence and by age",,,Secondary,,,,Physical and Sexual,Percentage (%),NG,3.4
2018,"Proportion of ever-partnered women and girls aged 15 years and older subjected to physical, sexual or psychological violence by a current or former intimate partner in the previous 12 months, by form of violence and by age",,,Higher,,,,Physical and Sexual,Percentage (%),NG,0.4
2018,"Proportion of ever-partnered women and girls aged 15 years and older subjected to physical, sexual or psychological violence by a current or former intimate partner in the previous 12 months, by form of violence and by age",,,,,Lowest,,Physical and Sexual,Percentage (%),NG,2.8
2018,"Proportion of ever-partnered women and girls aged 15 years and older subjected to physical, sexual or psychological violence by a current or former intimate partner in the previous 12 months, by form of violence and by age",,,,,Second,,Physical and Sexual,Percentage (%),NG,3.4
2018,"Proportion of ever-partnered women and girls aged 15 years and older subjected to physical, sexual or psychological violence by a current or former intimate partner in the previous 12 months, by form of violence and by age",,,,,Middle,,Physical and Sexual,Percentage (%),NG,3.2
2018,"Proportion of ever-partnered women and girls aged 15 years and older subjected to physical, sexual or psychological violence by a current or former intimate partner in the previous 12 months, by form of violence and by age",,,,,Fourth,,Physical and Sexual,Percentage (%),NG,3.1
2018,"Proportion of ever-partnered women and girls aged 15 years and older subjected to physical, sexual or psychological violence by a current or former intimate partner in the previous 12 months, by form of violence and by age",,,,,Highest,,Physical and Sexual,Percentage (%),NG,1.1
2018,"Proportion of ever-partnered women and girls aged 15 years and older subjected to physical, sexual or psychological violence by a current or former intimate partner in the previous 12 months, by form of violence and by age",,,,,,Abia,Physical and Sexual,Percentage (%),NGAB01,0.4
2018,"Proportion of ever-partnered women and girls aged 15 years and older subjected to physical, sexual or psychological violence by a current or former intimate partner in the previous 12 months, by form of violence and by age",,,,,,Adamawa,Physical and Sexual,Percentage (%),NGAD02,11.0
2018,"Proportion of ever-partnered women and girls aged 15 years and older subjected to physical, sexual or psychological violence by a current or former intimate partner in the previous 12 months, by form of violence and by age",,,,,,Akwa Ibom,Physical and Sexual,Percentage (%),NGAK03,8.3
2018,"Proportion of ever-partnered women and girls aged 15 years and older subjected to physical, sexual or psychological violence by a current or former intimate partner in the previous 12 months, by form of violence and by age",,,,,,Anambra,Physical and Sexual,Percentage (%),NGAN04,2.5
2018,"Proportion of ever-partnered women and girls aged 15 years and older subjected to physical, sexual or psychological violence by a current or former intimate partner in the previous 12 months, by form of violence and by age",,,,,,Bauchi,Physical and Sexual,Percentage (%),NGBA05,6.9
2018,"Proportion of ever-partnered women and girls aged 15 years and older subjected to physical, sexual or psychological violence by a current or former intimate partner in the previous 12 months, by form of violence and by age",,,,,,Bayelsa,Physical and Sexual,Percentage (%),NGBY06,2.6
2018,"Proportion of ever-partnered women and girls aged 15 years and older subjected to physical, sexual or psychological violence by a current or former intimate partner in the previous 12 months, by form of violence and by age",,,,,,Benue,Physical and Sexual,Percentage (%),NGBE07,2.3
2018,"Proportion of ever-partnered women and girls aged 15 years and older subjected to physical, sexual or psychological violence by a current or former intimate partner in the previous 12 months, by form of violence and by age",,,,,,Borno,Physical and Sexual,Percentage (%),NGBO08,1.3
2018,"Proportion of ever-partnered women and girls aged 15 years and older subjected to physical, sexual or psychological violence by a current or former intimate partner in the previous 12 months, by form of violence and by age",,,,,,Cross River,Physical and Sexual,Percentage (%),NGXR09,0.0
2018,"Proportion of ever-partnered women and girls aged 15 years and older subjected to physical, sexual or psychological violence by a current or former intimate partner in the previous 12 months, by form of violence and by age",,,,,,Delta,Physical and Sexual,Percentage (%),NGDE10,1.0
2018,"Proportion of ever-partnered women and girls aged 15 years and older subjected to physical, sexual or psychological violence by a current or former intimate partner in the previous 12 months, by form of violence and by age",,,,,,Ebonyi,Physical and Sexual,Percentage (%),NGEB11,6.7
2018,"Proportion of ever-partnered women and girls aged 15 years and older subjected to physical, sexual or psychological violence by a current or former intimate partner in the previous 12 months, by form of violence and by age",,,,,,Edo,Physical and Sexual,Percentage (%),NGED12,5.2
2018,"Proportion of ever-partnered women and girls aged 15 years and older subjected to physical, sexual or psychological violence by a current or former intimate partner in the previous 12 months, by form of violence and by age",,,,,,Ekiti,Physical and Sexual,Percentage (%),NGEK13,1.9
2018,"Proportion of ever-partnered women and girls aged 15 years and older subjected to physical, sexual or psychological violence by a current or former intimate partner in the previous 12 months, by form of violence and by age",,,,,,Enugu,Physical and Sexual,Percentage (%),NGEN14,3.9
2018,"Proportion of ever-partnered women and girls aged 15 years and older subjected to physical, sexual or psychological violence by a current or former intimate partner in the previous 12 months, by form of violence and by age",,,,,,Gombe,Physical and Sexual,Percentage (%),NGGO15,14.1
2018,"Proportion of ever-partnered women and girls aged 15 years and older subjected to physical, sexual or psychological violence by a current or former intimate partner in the previous 12 months, by form of violence and by age",,,,,,Imo,Physical and Sexual,Percentage (%),NGIM16,3.9
2018,"Proportion of ever-partnered women and girls aged 15 years and older subjected to physical, sexual or psychological violence by a current or former intimate partner in the previous 12 months, by form of violence and by age",,,,,,Jigawa,Physical and Sexual,Percentage (%),NGJI17,0.0
2018,"Proportion of ever-partnered women and girls aged 15 years and older subjected to physical, sexual or psychological violence by a current or former intimate partner in the previous 12 months, by form of violence and by age",,,,,,Kaduna,Physical and Sexual,Percentage (%),NGKD18,5.3
2018,"Proportion of ever-partnered women and girls aged 15 years and older subjected to physical, sexual or psychological violence by a current or former intimate partner in the previous 12 months, by form of violence and by age",,,,,,Kano,Physical and Sexual,Percentage (%),NGKN19,0.4
2018,"Proportion of ever-partnered women and girls aged 15 years and older subjected to physical, sexual or psychological violence by a current or former intimate partner in the previous 12 months, by form of violence and by age",,,,,,Katsina,Physical and Sexual,Percentage (%),NGKT20,2.3
2018,"Proportion of ever-partnered women and girls aged 15 years and older subjected to physical, sexual or psychological violence by a current or former intimate partner in the previous 12 months, by form of violence and by age",,,,,,Kebbi,Physical and Sexual,Percentage (%),NGKE21,0.5
2018,"Proportion of ever-partnered women and girls aged 15 years and older subjected to physical, sexual or psychological violence by a current or former intimate partner in the previous 12 months, by form of violence and by age",,,,,,Kogi,Physical and Sexual,Percentage (%),NGKO22,1.3
2018,"Proportion of ever-partnered women and girls aged 15 years and older subjected to physical, sexual or psychological violence by a current or former intimate partner in the previous 12 months, by form of violence and by age",,,,,,Kwara,Physical and Sexual,Percentage (%),NGKW23,2.0
2018,"Proportion of ever-partnered women and girls aged 15 years and older subjected to physical, sexual or psychological violence by a current or former intimate partner in the previous 12 months, by form of violence and by age",,,,,,Lagos,Physical and Sexual,Percentage (%),NGLA24,0.1
2018,"Proportion of ever-partnered women and girls aged 15 years and older subjected to physical, sexual or psychological violence by a current or former intimate partner in the previous 12 months, by form of violence and by age",,,,,,Nasarawa,Physical and Sexual,Percentage (%),NGNA25,2.1
2018,"Proportion of ever-partnered women and girls aged 15 years and older subjected to physical, sexual or psychological violence by a current or former intimate partner in the previous 12 months, by form of violence and by age",,,,,,Niger,Physical and Sexual,Percentage (%),NGNI26,0.6
2018,"Proportion of ever-partnered women and girls aged 15 years and older subjected to physical, sexual or psychological violence by a current or former intimate partner in the previous 12 months, by form of violence and by age",,,,,,Ogun,Physical and Sexual,Percentage (%),NGOG27,0.0
2018,"Proportion of ever-partnered women and girls aged 15 years and older subjected to physical, sexual or psychological violence by a current or former intimate partner in the previous 12 months, by form of violence and by age",,,,,,Ondo,Physical and Sexual,Percentage (%),NGON28,1.7
2018,"Proportion of ever-partnered women and girls aged 15 years and older subjected to physical, sexual or psychological violence by a current or former intimate partner in the previous 12 months, by form of violence and by age",,,,,,Osun,Physical and Sexual,Percentage (%),NGOS29,2.6
2018,"Proportion of ever-partnered women and girls aged 15 years and older subjected to physical, sexual or psychological violence by a current or former intimate partner in the previous 12 months, by form of violence and by age",,,,,,Oyo,Physical and Sexual,Percentage (%),NGOY30,2.6
2018,"Proportion of ever-partnered women and girls aged 15 years and older subjected to physical, sexual or psychological violence by a current or former intimate partner in the previous 12 months, by form of violence and by age",,,,,,Plateau,Physical and Sexual,Percentage (%),NGPL31,5.0
2018,"Proportion of ever-partnered women and girls aged 15 years and older subjected to physical, sexual or psychological violence by a current or former intimate partner in the previous 12 months, by form of violence and by age",,,,,,Rivers,Physical and Sexual,Percentage (%),NGRI32,5.1
2018,"Proportion of ever-partnered women and girls aged 15 years and older subjected to physical, sexual or psychological violence by a current or former intimate partner in the previous 12 months, by form of violence and by age",,,,,,Sokoto,Physical and Sexual,Percentage (%),NGSO33,0.0
2018,"Proportion of ever-partnered women and girls aged 15 years and older subjected to physical, sexual or psychological violence by a current or former intimate partner in the previous 12 months, by form of violence and by age",,,,,,Taraba,Physical and Sexual,Percentage (%),NGTA34,0.9
2018,"Proportion of ever-partnered women and girls aged 15 years and older subjected to physical, sexual or psychological violence by a current or former intimate partner in the previous 12 months, by form of violence and by age",,,,,,Yobe,Physical and Sexual,Percentage (%),NGYO35,1.1
2018,"Proportion of ever-partnered women and girls aged 15 years and older subjected to physical, sexual or psychological violence by a current or former intimate partner in the previous 12 months, by form of violence and by age",,,,,,Zamfara,Physical and Sexual,Percentage (%),NGZA36,0.9
2018,"Proportion of ever-partnered women and girls aged 15 years and older subjected to physical, sexual or psychological violence by a current or former intimate partner in the previous 12 months, by form of violence and by age",,,,,,Federal Capital Territory,Physical and Sexual,Percentage (%),NGFC37,0.4
2018,"Proportion of ever-partnered women and girls aged 15 years and older subjected to physical, sexual or psychological violence by a current or former intimate partner in the previous 12 months, by form of violence and by age",,,,,,,Physical and Sexual and Emotional,Percentage (%),NG,2.5
2018,"Proportion of ever-partnered women and girls aged 15 years and older subjected to physical, sexual or psychological violence by a current or former intimate partner in the previous 12 months, by form of violence and by age",Urban,,,,,,Physical and Sexual and Emotional,Percentage (%),NG,2.2
2018,"Proportion of ever-partnered women and girls aged 15 years and older subjected to physical, sexual or psychological violence by a current or former intimate partner in the previous 12 months, by form of violence and by age",Rural,,,,,,Physical and Sexual and Emotional,Percentage (%),NG,2.8
2018,"Proportion of ever-partnered women and girls aged 15 years and older subjected to physical, sexual or psychological violence by a current or former intimate partner in the previous 12 months, by form of violence and by age",,15-19,,,,,Physical and Sexual and Emotional,Percentage (%),NG,3.8
2018,"Proportion of ever-partnered women and girls aged 15 years and older subjected to physical, sexual or psychological violence by a current or former intimate partner in the previous 12 months, by form of violence and by age",,20-24,,,,,Physical and Sexual and Emotional,Percentage (%),NG,4.3
2018,"Proportion of ever-partnered women and girls aged 15 years and older subjected to physical, sexual or psychological violence by a current or former intimate partner in the previous 12 months, by form of violence and by age",,25-29,,,,,Physical and Sexual and Emotional,Percentage (%),NG,2.4
2018,"Proportion of ever-partnered women and girls aged 15 years and older subjected to physical, sexual or psychological violence by a current or former intimate partner in the previous 12 months, by form of violence and by age",,30-39,,,,,Physical and Sexual and Emotional,Percentage (%),NG,2.5
2018,"Proportion of ever-partnered women and girls aged 15 years and older subjected to physical, sexual or psychological violence by a current or former intimate partner in the previous 12 months, by form of violence and by age",,40-49,,,,,Physical and Sexual and Emotional,Percentage (%),NG,1.3
2018,"Proportion of ever-partnered women and girls aged 15 years and older subjected to physical, sexual or psychological violence by a current or former intimate partner in the previous 12 months, by form of violence and by age",,,,North Central,,,Physical and Sexual and Emotional,Percentage (%),NGNCZ06,1.8
2018,"Proportion of ever-partnered women and girls aged 15 years and older subjected to physical, sexual or psychological violence by a current or former intimate partner in the previous 12 months, by form of violence and by age",,,,North East,,,Physical and Sexual and Emotional,Percentage (%),NGNEZ05,5.0
2018,"Proportion of ever-partnered women and girls aged 15 years and older subjected to physical, sexual or psychological violence by a current or former intimate partner in the previous 12 months, by form of violence and by age",,,,North West,,,Physical and Sexual and Emotional,Percentage (%),NGNWZ04,1.7
2018,"Proportion of ever-partnered women and girls aged 15 years and older subjected to physical, sexual or psychological violence by a current or former intimate partner in the previous 12 months, by form of violence and by age",,,,South East,,,Physical and Sexual and Emotional,Percentage (%),NGSEZ03,3.0
2018,"Proportion of ever-partnered women and girls aged 15 years and older subjected to physical, sexual or psychological violence by a current or former intimate partner in the previous 12 months, by form of violence and by age",,,,South South,,,Physical and Sexual and Emotional,Percentage (%),NGSSZ02,3.7
2018,"Proportion of ever-partnered women and girls aged 15 years and older subjected to physical, sexual or psychological violence by a current or former intimate partner in the previous 12 months, by form of violence and by age",,,,South West,,,Physical and Sexual and Emotional,Percentage (%),NGSWZ01,1.3
2018,"Proportion of ever-partnered women and girls aged 15 years and older subjected to physical, sexual or psychological violence by a current or former intimate partner in the previous 12 months, by form of violence and by age",,,None,,,,Physical and Sexual and Emotional,Percentage (%),NG,2.4
2018,"Proportion of ever-partnered women and girls aged 15 years and older subjected to physical, sexual or psychological violence by a current or former intimate partner in the previous 12 months, by form of violence and by age",,,Primary,,,,Physical and Sexual and Emotional,Percentage (%),NG,2.8
2018,"Proportion of ever-partnered women and girls aged 15 years and older subjected to physical, sexual or psychological violence by a current or former intimate partner in the previous 12 months, by form of violence and by age",,,Secondary,,,,Physical and Sexual and Emotional,Percentage (%),NG,3.1
2018,"Proportion of ever-partnered women and girls aged 15 years and older subjected to physical, sexual or psychological violence by a current or former intimate partner in the previous 12 months, by form of violence and by age",,,Higher,,,,Physical and Sexual and Emotional,Percentage (%),NG,0.4
2018,"Proportion of ever-partnered women and girls aged 15 years and older subjected to physical, sexual or psychological violence by a current or former intimate partner in the previous 12 months, by form of violence and by age",,,,,Lowest,,Physical and Sexual and Emotional,Percentage (%),NG,2.6
2018,"Proportion of ever-partnered women and girls aged 15 years and older subjected to physical, sexual or psychological violence by a current or former intimate partner in the previous 12 months, by form of violence and by age",,,,,Second,,Physical and Sexual and Emotional,Percentage (%),NG,3.2
2018,"Proportion of ever-partnered women and girls aged 15 years and older subjected to physical, sexual or psychological violence by a current or former intimate partner in the previous 12 months, by form of violence and by age",,,,,Middle,,Physical and Sexual and Emotional,Percentage (%),NG,3.0
2018,"Proportion of ever-partnered women and girls aged 15 years and older subjected to physical, sexual or psychological violence by a current or former intimate partner in the previous 12 months, by form of violence and by age",,,,,Fourth,,Physical and Sexual and Emotional,Percentage (%),NG,2.8
2018,"Proportion of ever-partnered women and girls aged 15 years and older subjected to physical, sexual or psychological violence by a current or former intimate partner in the previous 12 months, by form of violence and by age",,,,,Highest,,Physical and Sexual and Emotional,Percentage (%),NG,1.0
2018,"Proportion of ever-partnered women and girls aged 15 years and older subjected to physical, sexual or psychological violence by a current or former intimate partner in the previous 12 months, by form of violence and by age",,,,,,Abia,Physical and Sexual and Emotional,Percentage (%),NGAB01,0.4
2018,"Proportion of ever-partnered women and girls aged 15 years and older subjected to physical, sexual or psychological violence by a current or former intimate partner in the previous 12 months, by form of violence and by age",,,,,,Adamawa,Physical and Sexual and Emotional,Percentage (%),NGAD02,11.0
2018,"Proportion of ever-partnered women and girls aged 15 years and older subjected to physical, sexual or psychological violence by a current or former intimate partner in the previous 12 months, by form of violence and by age",,,,,,Akwa Ibom,Physical and Sexual and Emotional,Percentage (%),NGAK03,7.3
2018,"Proportion of ever-partnered women and girls aged 15 years and older subjected to physical, sexual or psychological violence by a current or former intimate partner in the previous 12 months, by form of violence and by age",,,,,,Anambra,Physical and Sexual and Emotional,Percentage (%),NGAN04,2.1
2018,"Proportion of ever-partnered women and girls aged 15 years and older subjected to physical, sexual or psychological violence by a current or former intimate partner in the previous 12 months, by form of violence and by age",,,,,,Bauchi,Physical and Sexual and Emotional,Percentage (%),NGBA05,6.3
2018,"Proportion of ever-partnered women and girls aged 15 years and older subjected to physical, sexual or psychological violence by a current or former intimate partner in the previous 12 months, by form of violence and by age",,,,,,Bayelsa,Physical and Sexual and Emotional,Percentage (%),NGBY06,2.2
2018,"Proportion of ever-partnered women and girls aged 15 years and older subjected to physical, sexual or psychological violence by a current or former intimate partner in the previous 12 months, by form of violence and by age",,,,,,Benue,Physical and Sexual and Emotional,Percentage (%),NGBE07,1.7
2018,"Proportion of ever-partnered women and girls aged 15 years and older subjected to physical, sexual or psychological violence by a current or former intimate partner in the previous 12 months, by form of violence and by age",,,,,,Borno,Physical and Sexual and Emotional,Percentage (%),NGBO08,1.3
2018,"Proportion of ever-partnered women and girls aged 15 years and older subjected to physical, sexual or psychological violence by a current or former intimate partner in the previous 12 months, by form of violence and by age",,,,,,Cross River,Physical and Sexual and Emotional,Percentage (%),NGXR09,0.0
2018,"Proportion of ever-partnered women and girls aged 15 years and older subjected to physical, sexual or psychological violence by a current or former intimate partner in the previous 12 months, by form of violence and by age",,,,,,Delta,Physical and Sexual and Emotional,Percentage (%),NGDE10,1.0
2018,"Proportion of ever-partnered women and girls aged 15 years and older subjected to physical, sexual or psychological violence by a current or former intimate partner in the previous 12 months, by form of violence and by age",,,,,,Ebonyi,Physical and Sexual and Emotional,Percentage (%),NGEB11,5.7
2018,"Proportion of ever-partnered women and girls aged 15 years and older subjected to physical, sexual or psychological violence by a current or former intimate partner in the previous 12 months, by form of violence and by age",,,,,,Edo,Physical and Sexual and Emotional,Percentage (%),NGED12,4.5
2018,"Proportion of ever-partnered women and girls aged 15 years and older subjected to physical, sexual or psychological violence by a current or former intimate partner in the previous 12 months, by form of violence and by age",,,,,,Ekiti,Physical and Sexual and Emotional,Percentage (%),NGEK13,1.3
2018,"Proportion of ever-partnered women and girls aged 15 years and older subjected to physical, sexual or psychological violence by a current or former intimate partner in the previous 12 months, by form of violence and by age",,,,,,Enugu,Physical and Sexual and Emotional,Percentage (%),NGEN14,2.9
2018,"Proportion of ever-partnered women and girls aged 15 years and older subjected to physical, sexual or psychological violence by a current or former intimate partner in the previous 12 months, by form of violence and by age",,,,,,Gombe,Physical and Sexual and Emotional,Percentage (%),NGGO15,13.9
2018,"Proportion of ever-partnered women and girls aged 15 years and older subjected to physical, sexual or psychological violence by a current or former intimate partner in the previous 12 months, by form of violence and by age",,,,,,Imo,Physical and Sexual and Emotional,Percentage (%),NGIM16,3.3
2018,"Proportion of ever-partnered women and girls aged 15 years and older subjected to physical, sexual or psychological violence by a current or former intimate partner in the previous 12 months, by form of violence and by age",,,,,,Jigawa,Physical and Sexual and Emotional,Percentage (%),NGJI17,0.0
2018,"Proportion of ever-partnered women and girls aged 15 years and older subjected to physical, sexual or psychological violence by a current or former intimate partner in the previous 12 months, by form of violence and by age",,,,,,Kaduna,Physical and Sexual and Emotional,Percentage (%),NGKD18,5.1
2018,"Proportion of ever-partnered women and girls aged 15 years and older subjected to physical, sexual or psychological violence by a current or former intimate partner in the previous 12 months, by form of violence and by age",,,,,,Kano,Physical and Sexual and Emotional,Percentage (%),NGKN19,0.4
2018,"Proportion of ever-partnered women and girls aged 15 years and older subjected to physical, sexual or psychological violence by a current or former intimate partner in the previous 12 months, by form of violence and by age",,,,,,Katsina,Physical and Sexual and Emotional,Percentage (%),NGKT20,2.3
2018,"Proportion of ever-partnered women and girls aged 15 years and older subjected to physical, sexual or psychological violence by a current or former intimate partner in the previous 12 months, by form of violence and by age",,,,,,Kebbi,Physical and Sexual and Emotional,Percentage (%),NGKE21,0.5
2018,"Proportion of ever-partnered women and girls aged 15 years and older subjected to physical, sexual or psychological violence by a current or former intimate partner in the previous 12 months, by form of violence and by age",,,,,,Kogi,Physical and Sexual and Emotional,Percentage (%),NGKO22,1.3
2018,"Proportion of ever-partnered women and girls aged 15 years and older subjected to physical, sexual or psychological violence by a current or former intimate partner in the previous 12 months, by form of violence and by age",,,,,,Kwara,Physical and Sexual and Emotional,Percentage (%),NGKW23,2.0
2018,"Proportion of ever-partnered women and girls aged 15 years and older subjected to physical, sexual or psychological violence by a current or former intimate partner in the previous 12 months, by form of violence and by age",,,,,,Lagos,Physical and Sexual and Emotional,Percentage (%),NGLA24,0.1
2018,"Proportion of ever-partnered women and girls aged 15 years and older subjected to physical, sexual or psychological violence by a current or former intimate partner in the previous 12 months, by form of violence and by age",,,,,,Nasarawa,Physical and Sexual and Emotional,Percentage (%),NGNA25,2.1
2018,"Proportion of ever-partnered women and girls aged 15 years and older subjected to physical, sexual or psychological violence by a current or former intimate partner in the previous 12 months, by form of violence and by age",,,,,,Niger,Physical and Sexual and Emotional,Percentage (%),NGNI26,0.6
2018,"Proportion of ever-partnered women and girls aged 15 years and older subjected to physical, sexual or psychological violence by a current or former intimate partner in the previous 12 months, by form of violence and by age",,,,,,Ogun,Physical and Sexual and Emotional,Percentage (%),NGOG27,0.0
2018,"Proportion of ever-partnered women and girls aged 15 years and older subjected to physical, sexual or psychological violence by a current or former intimate partner in the previous 12 months, by form of violence and by age",,,,,,Ondo,Physical and Sexual and Emotional,Percentage (%),NGON28,1.7
2018,"Proportion of ever-partnered women and girls aged 15 years and older subjected to physical, sexual or psychological violence by a current or former intimate partner in the previous 12 months, by form of violence and by age",,,,,,Osun,Physical and Sexual and Emotional,Percentage (%),NGOS29,2.6
2018,"Proportion of ever-partnered women and girls aged 15 years and older subjected to physical, sexual or psychological violence by a current or former intimate partner in the previous 12 months, by form of violence and by age",,,,,,Oyo,Physical and Sexual and Emotional,Percentage (%),NGOY30,2.6
2018,"Proportion of ever-partnered women and girls aged 15 years and older subjected to physical, sexual or psychological violence by a current or former intimate partner in the previous 12 months, by form of violence and by age",,,,,,Plateau,Physical and Sexual and Emotional,Percentage (%),NGPL31,5.0
2018,"Proportion of ever-partnered women and girls aged 15 years and older subjected to physical, sexual or psychological violence by a current or former intimate partner in the previous 12 months, by form of violence and by age",,,,,,Rivers,Physical and Sexual and Emotional,Percentage (%),NGRI32,4.4
2018,"Proportion of ever-partnered women and girls aged 15 years and older subjected to physical, sexual or psychological violence by a current or former intimate partner in the previous 12 months, by form of violence and by age",,,,,,Sokoto,Physical and Sexual and Emotional,Percentage (%),NGSO33,0.0
2018,"Proportion of ever-partnered women and girls aged 15 years and older subjected to physical, sexual or psychological violence by a current or former intimate partner in the previous 12 months, by form of violence and by age",,,,,,Taraba,Physical and Sexual and Emotional,Percentage (%),NGTA34,0.9
2018,"Proportion of ever-partnered women and girls aged 15 years and older subjected to physical, sexual or psychological violence by a current or former intimate partner in the previous 12 months, by form of violence and by age",,,,,,Yobe,Physical and Sexual and Emotional,Percentage (%),NGYO35,0.9
2018,"Proportion of ever-partnered women and girls aged 15 years and older subjected to physical, sexual or psychological violence by a current or former intimate partner in the previous 12 months, by form of violence and by age",,,,,,Zamfara,Physical and Sexual and Emotional,Percentage (%),NGZA36,0.9
2018,"Proportion of ever-partnered women and girls aged 15 years and older subjected to physical, sexual or psychological violence by a current or former intimate partner in the previous 12 months, by form of violence and by age",,,,,,Federal Capital Territory,Physical and Sexual and Emotional,Percentage (%),NGFC37,0.0
2018,"Proportion of ever-partnered women and girls aged 15 years and older subjected to physical, sexual or psychological violence by a current or former intimate partner in the previous 12 months, by form of violence and by age",,,,,,,Physical or Sexual,Percentage (%),NG,13.8
2018,"Proportion of ever-partnered women and girls aged 15 years and older subjected to physical, sexual or psychological violence by a current or former intimate partner in the previous 12 months, by form of violence and by age",Urban,,,,,,Physical or Sexual,Percentage (%),NG,12.1
2018,"Proportion of ever-partnered women and girls aged 15 years and older subjected to physical, sexual or psychological violence by a current or former intimate partner in the previous 12 months, by form of violence and by age",Rural,,,,,,Physical or Sexual,Percentage (%),NG,15.0
2018,"Proportion of ever-partnered women and girls aged 15 years and older subjected to physical, sexual or psychological violence by a current or former intimate partner in the previous 12 months, by form of violence and by age",,15-19,,,,,Physical or Sexual,Percentage (%),NG,12.6
2018,"Proportion of ever-partnered women and girls aged 15 years and older subjected to physical, sexual or psychological violence by a current or former intimate partner in the previous 12 months, by form of violence and by age",,20-24,,,,,Physical or Sexual,Percentage (%),NG,19.4
2018,"Proportion of ever-partnered women and girls aged 15 years and older subjected to physical, sexual or psychological violence by a current or former intimate partner in the previous 12 months, by form of violence and by age",,25-29,,,,,Physical or Sexual,Percentage (%),NG,15.5
2018,"Proportion of ever-partnered women and girls aged 15 years and older subjected to physical, sexual or psychological violence by a current or former intimate partner in the previous 12 months, by form of violence and by age",,30-39,,,,,Physical or Sexual,Percentage (%),NG,13.8
2018,"Proportion of ever-partnered women and girls aged 15 years and older subjected to physical, sexual or psychological violence by a current or former intimate partner in the previous 12 months, by form of violence and by age",,40-49,,,,,Physical or Sexual,Percentage (%),NG,9.0
2018,"Proportion of ever-partnered women and girls aged 15 years and older subjected to physical, sexual or psychological violence by a current or former intimate partner in the previous 12 months, by form of violence and by age",,,,North Central,,,Physical or Sexual,Percentage (%),NGNCZ06,20.4
2018,"Proportion of ever-partnered women and girls aged 15 years and older subjected to physical, sexual or psychological violence by a current or former intimate partner in the previous 12 months, by form of violence and by age",,,,North East,,,Physical or Sexual,Percentage (%),NGNEZ05,19.7
2018,"Proportion of ever-partnered women and girls aged 15 years and older subjected to physical, sexual or psychological violence by a current or former intimate partner in the previous 12 months, by form of violence and by age",,,,North West,,,Physical or Sexual,Percentage (%),NGNWZ04,7.5
2018,"Proportion of ever-partnered women and girls aged 15 years and older subjected to physical, sexual or psychological violence by a current or former intimate partner in the previous 12 months, by form of violence and by age",,,,South East,,,Physical or Sexual,Percentage (%),NGSEZ03,16.8
2018,"Proportion of ever-partnered women and girls aged 15 years and older subjected to physical, sexual or psychological violence by a current or former intimate partner in the previous 12 months, by form of violence and by age",,,,South South,,,Physical or Sexual,Percentage (%),NGSSZ02,20.9
2018,"Proportion of ever-partnered women and girls aged 15 years and older subjected to physical, sexual or psychological violence by a current or former intimate partner in the previous 12 months, by form of violence and by age",,,,South West,,,Physical or Sexual,Percentage (%),NGSWZ01,7.8
2018,"Proportion of ever-partnered women and girls aged 15 years and older subjected to physical, sexual or psychological violence by a current or former intimate partner in the previous 12 months, by form of violence and by age",,,None,,,,Physical or Sexual,Percentage (%),NG,12.7
2018,"Proportion of ever-partnered women and girls aged 15 years and older subjected to physical, sexual or psychological violence by a current or former intimate partner in the previous 12 months, by form of violence and by age",,,Primary,,,,Physical or Sexual,Percentage (%),NG,15.0
2018,"Proportion of ever-partnered women and girls aged 15 years and older subjected to physical, sexual or psychological violence by a current or former intimate partner in the previous 12 months, by form of violence and by age",,,Secondary,,,,Physical or Sexual,Percentage (%),NG,16.4
2018,"Proportion of ever-partnered women and girls aged 15 years and older subjected to physical, sexual or psychological violence by a current or former intimate partner in the previous 12 months, by form of violence and by age",,,Higher,,,,Physical or Sexual,Percentage (%),NG,6.8
2018,"Proportion of ever-partnered women and girls aged 15 years and older subjected to physical, sexual or psychological violence by a current or former intimate partner in the previous 12 months, by form of violence and by age",,,,,Lowest,,Physical or Sexual,Percentage (%),NG,13.5
2018,"Proportion of ever-partnered women and girls aged 15 years and older subjected to physical, sexual or psychological violence by a current or former intimate partner in the previous 12 months, by form of violence and by age",,,,,Second,,Physical or Sexual,Percentage (%),NG,14.6
2018,"Proportion of ever-partnered women and girls aged 15 years and older subjected to physical, sexual or psychological violence by a current or former intimate partner in the previous 12 months, by form of violence and by age",,,,,Middle,,Physical or Sexual,Percentage (%),NG,16.1
2018,"Proportion of ever-partnered women and girls aged 15 years and older subjected to physical, sexual or psychological violence by a current or former intimate partner in the previous 12 months, by form of violence and by age",,,,,Fourth,,Physical or Sexual,Percentage (%),NG,15.5
2018,"Proportion of ever-partnered women and girls aged 15 years and older subjected to physical, sexual or psychological violence by a current or former intimate partner in the previous 12 months, by form of violence and by age",,,,,Highest,,Physical or Sexual,Percentage (%),NG,9.1
2018,"Proportion of ever-partnered women and girls aged 15 years and older subjected to physical, sexual or psychological violence by a current or former intimate partner in the previous 12 months, by form of violence and by age",,,,,,Abia,Physical or Sexual,Percentage (%),NGAB01,21.3
2018,"Proportion of ever-partnered women and girls aged 15 years and older subjected to physical, sexual or psychological violence by a current or former intimate partner in the previous 12 months, by form of violence and by age",,,,,,Adamawa,Physical or Sexual,Percentage (%),NGAD02,32.2
2018,"Proportion of ever-partnered women and girls aged 15 years and older subjected to physical, sexual or psychological violence by a current or former intimate partner in the previous 12 months, by form of violence and by age",,,,,,Akwa Ibom,Physical or Sexual,Percentage (%),NGAK03,26.2
2018,"Proportion of ever-partnered women and girls aged 15 years and older subjected to physical, sexual or psychological violence by a current or former intimate partner in the previous 12 months, by form of violence and by age",,,,,,Anambra,Physical or Sexual,Percentage (%),NGAN04,13.6
2018,"Proportion of ever-partnered women and girls aged 15 years and older subjected to physical, sexual or psychological violence by a current or former intimate partner in the previous 12 months, by form of violence and by age",,,,,,Bauchi,Physical or Sexual,Percentage (%),NGBA05,24.7
2018,"Proportion of ever-partnered women and girls aged 15 years and older subjected to physical, sexual or psychological violence by a current or former intimate partner in the previous 12 months, by form of violence and by age",,,,,,Bayelsa,Physical or Sexual,Percentage (%),NGBY06,29.6
2018,"Proportion of ever-partnered women and girls aged 15 years and older subjected to physical, sexual or psychological violence by a current or former intimate partner in the previous 12 months, by form of violence and by age",,,,,,Benue,Physical or Sexual,Percentage (%),NGBE07,30.9
2018,"Proportion of ever-partnered women and girls aged 15 years and older subjected to physical, sexual or psychological violence by a current or former intimate partner in the previous 12 months, by form of violence and by age",,,,,,Borno,Physical or Sexual,Percentage (%),NGBO08,13.7
2018,"Proportion of ever-partnered women and girls aged 15 years and older subjected to physical, sexual or psychological violence by a current or former intimate partner in the previous 12 months, by form of violence and by age",,,,,,Cross River,Physical or Sexual,Percentage (%),NGXR09,13.4
2018,"Proportion of ever-partnered women and girls aged 15 years and older subjected to physical, sexual or psychological violence by a current or former intimate partner in the previous 12 months, by form of violence and by age",,,,,,Delta,Physical or Sexual,Percentage (%),NGDE10,15.6
2018,"Proportion of ever-partnered women and girls aged 15 years and older subjected to physical, sexual or psychological violence by a current or former intimate partner in the previous 12 months, by form of violence and by age",,,,,,Ebonyi,Physical or Sexual,Percentage (%),NGEB11,21.8
2018,"Proportion of ever-partnered women and girls aged 15 years and older subjected to physical, sexual or psychological violence by a current or former intimate partner in the previous 12 months, by form of violence and by age",,,,,,Edo,Physical or Sexual,Percentage (%),NGED12,22.5
2018,"Proportion of ever-partnered women and girls aged 15 years and older subjected to physical, sexual or psychological violence by a current or former intimate partner in the previous 12 months, by form of violence and by age",,,,,,Ekiti,Physical or Sexual,Percentage (%),NGEK13,11.4
2018,"Proportion of ever-partnered women and girls aged 15 years and older subjected to physical, sexual or psychological violence by a current or former intimate partner in the previous 12 months, by form of violence and by age",,,,,,Enugu,Physical or Sexual,Percentage (%),NGEN14,8.8
2018,"Proportion of ever-partnered women and girls aged 15 years and older subjected to physical, sexual or psychological violence by a current or former intimate partner in the previous 12 months, by form of violence and by age",,,,,,Gombe,Physical or Sexual,Percentage (%),NGGO15,35.6
2018,"Proportion of ever-partnered women and girls aged 15 years and older subjected to physical, sexual or psychological violence by a current or former intimate partner in the previous 12 months, by form of violence and by age",,,,,,Imo,Physical or Sexual,Percentage (%),NGIM16,19.6
2018,"Proportion of ever-partnered women and girls aged 15 years and older subjected to physical, sexual or psychological violence by a current or former intimate partner in the previous 12 months, by form of violence and by age",,,,,,Jigawa,Physical or Sexual,Percentage (%),NGJI17,2.8
2018,"Proportion of ever-partnered women and girls aged 15 years and older subjected to physical, sexual or psychological violence by a current or former intimate partner in the previous 12 months, by form of violence and by age",,,,,,Kaduna,Physical or Sexual,Percentage (%),NGKD18,16.4
2018,"Proportion of ever-partnered women and girls aged 15 years and older subjected to physical, sexual or psychological violence by a current or former intimate partner in the previous 12 months, by form of violence and by age",,,,,,Kano,Physical or Sexual,Percentage (%),NGKN19,4.8
2018,"Proportion of ever-partnered women and girls aged 15 years and older subjected to physical, sexual or psychological violence by a current or former intimate partner in the previous 12 months, by form of violence and by age",,,,,,Katsina,Physical or Sexual,Percentage (%),NGKT20,5.0
2018,"Proportion of ever-partnered women and girls aged 15 years and older subjected to physical, sexual or psychological violence by a current or former intimate partner in the previous 12 months, by form of violence and by age",,,,,,Kebbi,Physical or Sexual,Percentage (%),NGKE21,7.2
2018,"Proportion of ever-partnered women and girls aged 15 years and older subjected to physical, sexual or psychological violence by a current or former intimate partner in the previous 12 months, by form of violence and by age",,,,,,Kogi,Physical or Sexual,Percentage (%),NGKO22,11.0
2018,"Proportion of ever-partnered women and girls aged 15 years and older subjected to physical, sexual or psychological violence by a current or former intimate partner in the previous 12 months, by form of violence and by age",,,,,,Kwara,Physical or Sexual,Percentage (%),NGKW23,11.6
2018,"Proportion of ever-partnered women and girls aged 15 years and older subjected to physical, sexual or psychological violence by a current or former intimate partner in the previous 12 months, by form of violence and by age",,,,,,Lagos,Physical or Sexual,Percentage (%),NGLA24,4.5
2018,"Proportion of ever-partnered women and girls aged 15 years and older subjected to physical, sexual or psychological violence by a current or former intimate partner in the previous 12 months, by form of violence and by age",,,,,,Nasarawa,Physical or Sexual,Percentage (%),NGNA25,7.9
2018,"Proportion of ever-partnered women and girls aged 15 years and older subjected to physical, sexual or psychological violence by a current or former intimate partner in the previous 12 months, by form of violence and by age",,,,,,Niger,Physical or Sexual,Percentage (%),NGNI26,24.6
2018,"Proportion of ever-partnered women and girls aged 15 years and older subjected to physical, sexual or psychological violence by a current or former intimate partner in the previous 12 months, by form of violence and by age",,,,,,Ogun,Physical or Sexual,Percentage (%),NGOG27,5.5
2018,"Proportion of ever-partnered women and girls aged 15 years and older subjected to physical, sexual or psychological violence by a current or former intimate partner in the previous 12 months, by form of violence and by age",,,,,,Ondo,Physical or Sexual,Percentage (%),NGON28,8.9
2018,"Proportion of ever-partnered women and girls aged 15 years and older subjected to physical, sexual or psychological violence by a current or former intimate partner in the previous 12 months, by form of violence and by age",,,,,,Osun,Physical or Sexual,Percentage (%),NGOS29,16.1
2018,"Proportion of ever-partnered women and girls aged 15 years and older subjected to physical, sexual or psychological violence by a current or former intimate partner in the previous 12 months, by form of violence and by age",,,,,,Oyo,Physical or Sexual,Percentage (%),NGOY30,7.6
2018,"Proportion of ever-partnered women and girls aged 15 years and older subjected to physical, sexual or psychological violence by a current or former intimate partner in the previous 12 months, by form of violence and by age",,,,,,Plateau,Physical or Sexual,Percentage (%),NGPL31,24.0
2018,"Proportion of ever-partnered women and girls aged 15 years and older subjected to physical, sexual or psychological violence by a current or former intimate partner in the previous 12 months, by form of violence and by age",,,,,,Rivers,Physical or Sexual,Percentage (%),NGRI32,20.6
2018,"Proportion of ever-partnered women and girls aged 15 years and older subjected to physical, sexual or psychological violence by a current or former intimate partner in the previous 12 months, by form of violence and by age",,,,,,Sokoto,Physical or Sexual,Percentage (%),NGSO33,2.6
2018,"Proportion of ever-partnered women and girls aged 15 years and older subjected to physical, sexual or psychological violence by a current or former intimate partner in the previous 12 months, by form of violence and by age",,,,,,Taraba,Physical or Sexual,Percentage (%),NGTA34,15.8
2018,"Proportion of ever-partnered women and girls aged 15 years and older subjected to physical, sexual or psychological violence by a current or former intimate partner in the previous 12 months, by form of violence and by age",,,,,,Yobe,Physical or Sexual,Percentage (%),NGYO35,5.1
2018,"Proportion of ever-partnered women and girls aged 15 years and older subjected to physical, sexual or psychological violence by a current or former intimate partner in the previous 12 months, by form of violence and by age",,,,,,Zamfara,Physical or Sexual,Percentage (%),NGZA36,8.8
2018,"Proportion of ever-partnered women and girls aged 15 years and older subjected to physical, sexual or psychological violence by a current or former intimate partner in the previous 12 months, by form of violence and by age",,,,,,Federal Capital Territory,Physical or Sexual,Percentage (%),NGFC37,6.0
2018,"Proportion of ever-partnered women and girls aged 15 years and older subjected to physical, sexual or psychological violence by a current or former intimate partner in the previous 12 months, by form of violence and by age",,,,,,,Physical or Sexual or Emotional,Percentage (%),NG,29.5
2018,"Proportion of ever-partnered women and girls aged 15 years and older subjected to physical, sexual or psychological violence by a current or former intimate partner in the previous 12 months, by form of violence and by age",Urban,,,,,,Physical or Sexual or Emotional,Percentage (%),NG,25.1
2018,"Proportion of ever-partnered women and girls aged 15 years and older subjected to physical, sexual or psychological violence by a current or former intimate partner in the previous 12 months, by form of violence and by age",Rural,,,,,,Physical or Sexual or Emotional,Percentage (%),NG,32.8
2018,"Proportion of ever-partnered women and girls aged 15 years and older subjected to physical, sexual or psychological violence by a current or former intimate partner in the previous 12 months, by form of violence and by age",,15-19,,,,,Physical or Sexual or Emotional,Percentage (%),NG,21.4
2018,"Proportion of ever-partnered women and girls aged 15 years and older subjected to physical, sexual or psychological violence by a current or former intimate partner in the previous 12 months, by form of violence and by age",,20-24,,,,,Physical or Sexual or Emotional,Percentage (%),NG,33.6
2018,"Proportion of ever-partnered women and girls aged 15 years and older subjected to physical, sexual or psychological violence by a current or former intimate partner in the previous 12 months, by form of violence and by age",,25-29,,,,,Physical or Sexual or Emotional,Percentage (%),NG,33.1
2018,"Proportion of ever-partnered women and girls aged 15 years and older subjected to physical, sexual or psychological violence by a current or former intimate partner in the previous 12 months, by form of violence and by age",,30-39,,,,,Physical or Sexual or Emotional,Percentage (%),NG,30.6
2018,"Proportion of ever-partnered women and girls aged 15 years and older subjected to physical, sexual or psychological violence by a current or former intimate partner in the previous 12 months, by form of violence and by age",,40-49,,,,,Physical or Sexual or Emotional,Percentage (%),NG,23.8
2018,"Proportion of ever-partnered women and girls aged 15 years and older subjected to physical, sexual or psychological violence by a current or former intimate partner in the previous 12 months, by form of violence and by age",,,,North Central,,,Physical or Sexual or Emotional,Percentage (%),NGNCZ06,41.5
2018,"Proportion of ever-partnered women and girls aged 15 years and older subjected to physical, sexual or psychological violence by a current or former intimate partner in the previous 12 months, by form of violence and by age",,,,North East,,,Physical or Sexual or Emotional,Percentage (%),NGNEZ05,41.3
2018,"Proportion of ever-partnered women and girls aged 15 years and older subjected to physical, sexual or psychological violence by a current or former intimate partner in the previous 12 months, by form of violence and by age",,,,North West,,,Physical or Sexual or Emotional,Percentage (%),NGNWZ04,23.6
2018,"Proportion of ever-partnered women and girls aged 15 years and older subjected to physical, sexual or psychological violence by a current or former intimate partner in the previous 12 months, by form of violence and by age",,,,South East,,,Physical or Sexual or Emotional,Percentage (%),NGSEZ03,32.6
2018,"Proportion of ever-partnered women and girls aged 15 years and older subjected to physical, sexual or psychological violence by a current or former intimate partner in the previous 12 months, by form of violence and by age",,,,South South,,,Physical or Sexual or Emotional,Percentage (%),NGSSZ02,35.2
2018,"Proportion of ever-partnered women and girls aged 15 years and older subjected to physical, sexual or psychological violence by a current or former intimate partner in the previous 12 months, by form of violence and by age",,,,South West,,,Physical or Sexual or Emotional,Percentage (%),NGSWZ01,14.6
2018,"Proportion of ever-partnered women and girls aged 15 years and older subjected to physical, sexual or psychological violence by a current or former intimate partner in the previous 12 months, by form of violence and by age",,,None,,,,Physical or Sexual or Emotional,Percentage (%),NG,30.3
2018,"Proportion of ever-partnered women and girls aged 15 years and older subjected to physical, sexual or psychological violence by a current or former intimate partner in the previous 12 months, by form of violence and by age",,,Primary,,,,Physical or Sexual or Emotional,Percentage (%),NG,30.4
2018,"Proportion of ever-partnered women and girls aged 15 years and older subjected to physical, sexual or psychological violence by a current or former intimate partner in the previous 12 months, by form of violence and by age",,,Secondary,,,,Physical or Sexual or Emotional,Percentage (%),NG,30.6
2018,"Proportion of ever-partnered women and girls aged 15 years and older subjected to physical, sexual or psychological violence by a current or former intimate partner in the previous 12 months, by form of violence and by age",,,Higher,,,,Physical or Sexual or Emotional,Percentage (%),NG,20.7
2018,"Proportion of ever-partnered women and girls aged 15 years and older subjected to physical, sexual or psychological violence by a current or former intimate partner in the previous 12 months, by form of violence and by age",,,,,Lowest,,Physical or Sexual or Emotional,Percentage (%),NG,31.6
2018,"Proportion of ever-partnered women and girls aged 15 years and older subjected to physical, sexual or psychological violence by a current or former intimate partner in the previous 12 months, by form of violence and by age",,,,,Second,,Physical or Sexual or Emotional,Percentage (%),NG,32.8
2018,"Proportion of ever-partnered women and girls aged 15 years and older subjected to physical, sexual or psychological violence by a current or former intimate partner in the previous 12 months, by form of violence and by age",,,,,Middle,,Physical or Sexual or Emotional,Percentage (%),NG,32.8
2018,"Proportion of ever-partnered women and girls aged 15 years and older subjected to physical, sexual or psychological violence by a current or former intimate partner in the previous 12 months, by form of violence and by age",,,,,Fourth,,Physical or Sexual or Emotional,Percentage (%),NG,29.5
2018,"Proportion of ever-partnered women and girls aged 15 years and older subjected to physical, sexual or psychological violence by a current or former intimate partner in the previous 12 months, by form of violence and by age",,,,,Highest,,Physical or Sexual or Emotional,Percentage (%),NG,20.7
2018,"Proportion of ever-partnered women and girls aged 15 years and older subjected to physical, sexual or psychological violence by a current or former intimate partner in the previous 12 months, by form of violence and by age",,,,,,Abia,Physical or Sexual or Emotional,Percentage (%),NGAB01,33.7
2018,"Proportion of ever-partnered women and girls aged 15 years and older subjected to physical, sexual or psychological violence by a current or former intimate partner in the previous 12 months, by form of violence and by age",,,,,,Adamawa,Physical or Sexual or Emotional,Percentage (%),NGAD02,55.9
2018,"Proportion of ever-partnered women and girls aged 15 years and older subjected to physical, sexual or psychological violence by a current or former intimate partner in the previous 12 months, by form of violence and by age",,,,,,Akwa Ibom,Physical or Sexual or Emotional,Percentage (%),NGAK03,34.8
2018,"Proportion of ever-partnered women and girls aged 15 years and older subjected to physical, sexual or psychological violence by a current or former intimate partner in the previous 12 months, by form of violence and by age",,,,,,Anambra,Physical or Sexual or Emotional,Percentage (%),NGAN04,37.4
2018,"Proportion of ever-partnered women and girls aged 15 years and older subjected to physical, sexual or psychological violence by a current or former intimate partner in the previous 12 months, by form of violence and by age",,,,,,Bauchi,Physical or Sexual or Emotional,Percentage (%),NGBA05,56.2
2018,"Proportion of ever-partnered women and girls aged 15 years and older subjected to physical, sexual or psychological violence by a current or former intimate partner in the previous 12 months, by form of violence and by age",,,,,,Bayelsa,Physical or Sexual or Emotional,Percentage (%),NGBY06,35.3
2018,"Proportion of ever-partnered women and girls aged 15 years and older subjected to physical, sexual or psychological violence by a current or former intimate partner in the previous 12 months, by form of violence and by age",,,,,,Benue,Physical or Sexual or Emotional,Percentage (%),NGBE07,49.4
2018,"Proportion of ever-partnered women and girls aged 15 years and older subjected to physical, sexual or psychological violence by a current or former intimate partner in the previous 12 months, by form of violence and by age",,,,,,Borno,Physical or Sexual or Emotional,Percentage (%),NGBO08,21.2
2018,"Proportion of ever-partnered women and girls aged 15 years and older subjected to physical, sexual or psychological violence by a current or former intimate partner in the previous 12 months, by form of violence and by age",,,,,,Cross River,Physical or Sexual or Emotional,Percentage (%),NGXR09,30.4
2018,"Proportion of ever-partnered women and girls aged 15 years and older subjected to physical, sexual or psychological violence by a current or former intimate partner in the previous 12 months, by form of violence and by age",,,,,,Delta,Physical or Sexual or Emotional,Percentage (%),NGDE10,40.6
2018,"Proportion of ever-partnered women and girls aged 15 years and older subjected to physical, sexual or psychological violence by a current or former intimate partner in the previous 12 months, by form of violence and by age",,,,,,Ebonyi,Physical or Sexual or Emotional,Percentage (%),NGEB11,33.1
2018,"Proportion of ever-partnered women and girls aged 15 years and older subjected to physical, sexual or psychological violence by a current or former intimate partner in the previous 12 months, by form of violence and by age",,,,,,Edo,Physical or Sexual or Emotional,Percentage (%),NGED12,42.8
2018,"Proportion of ever-partnered women and girls aged 15 years and older subjected to physical, sexual or psychological violence by a current or former intimate partner in the previous 12 months, by form of violence and by age",,,,,,Ekiti,Physical or Sexual or Emotional,Percentage (%),NGEK13,19.0
2018,"Proportion of ever-partnered women and girls aged 15 years and older subjected to physical, sexual or psychological violence by a current or former intimate partner in the previous 12 months, by form of violence and by age",,,,,,Enugu,Physical or Sexual or Emotional,Percentage (%),NGEN14,14.1
2018,"Proportion of ever-partnered women and girls aged 15 years and older subjected to physical, sexual or psychological violence by a current or former intimate partner in the previous 12 months, by form of violence and by age",,,,,,Gombe,Physical or Sexual or Emotional,Percentage (%),NGGO15,69.2
2018,"Proportion of ever-partnered women and girls aged 15 years and older subjected to physical, sexual or psychological violence by a current or former intimate partner in the previous 12 months, by form of violence and by age",,,,,,Imo,Physical or Sexual or Emotional,Percentage (%),NGIM16,37.5
2018,"Proportion of ever-partnered women and girls aged 15 years and older subjected to physical, sexual or psychological violence by a current or former intimate partner in the previous 12 months, by form of violence and by age",,,,,,Jigawa,Physical or Sexual or Emotional,Percentage (%),NGJI17,10.2
2018,"Proportion of ever-partnered women and girls aged 15 years and older subjected to physical, sexual or psychological violence by a current or former intimate partner in the previous 12 months, by form of violence and by age",,,,,,Kaduna,Physical or Sexual or Emotional,Percentage (%),NGKD18,54.4
2018,"Proportion of ever-partnered women and girls aged 15 years and older subjected to physical, sexual or psychological violence by a current or former intimate partner in the previous 12 months, by form of violence and by age",,,,,,Kano,Physical or Sexual or Emotional,Percentage (%),NGKN19,14.7
2018,"Proportion of ever-partnered women and girls aged 15 years and older subjected to physical, sexual or psychological violence by a current or former intimate partner in the previous 12 months, by form of violence and by age",,,,,,Katsina,Physical or Sexual or Emotional,Percentage (%),NGKT20,11.2
2018,"Proportion of ever-partnered women and girls aged 15 years and older subjected to physical, sexual or psychological violence by a current or former intimate partner in the previous 12 months, by form of violence and by age",,,,,,Kebbi,Physical or Sexual or Emotional,Percentage (%),NGKE21,14.9
2018,"Proportion of ever-partnered women and girls aged 15 years and older subjected to physical, sexual or psychological violence by a current or former intimate partner in the previous 12 months, by form of violence and by age",,,,,,Kogi,Physical or Sexual or Emotional,Percentage (%),NGKO22,59.8
2018,"Proportion of ever-partnered women and girls aged 15 years and older subjected to physical, sexual or psychological violence by a current or former intimate partner in the previous 12 months, by form of violence and by age",,,,,,Kwara,Physical or Sexual or Emotional,Percentage (%),NGKW23,27.3
2018,"Proportion of ever-partnered women and girls aged 15 years and older subjected to physical, sexual or psychological violence by a current or former intimate partner in the previous 12 months, by form of violence and by age",,,,,,Lagos,Physical or Sexual or Emotional,Percentage (%),NGLA24,15.1
2018,"Proportion of ever-partnered women and girls aged 15 years and older subjected to physical, sexual or psychological violence by a current or former intimate partner in the previous 12 months, by form of violence and by age",,,,,,Nasarawa,Physical or Sexual or Emotional,Percentage (%),NGNA25,11.4
2018,"Proportion of ever-partnered women and girls aged 15 years and older subjected to physical, sexual or psychological violence by a current or former intimate partner in the previous 12 months, by form of violence and by age",,,,,,Niger,Physical or Sexual or Emotional,Percentage (%),NGNI26,45.3
2018,"Proportion of ever-partnered women and girls aged 15 years and older subjected to physical, sexual or psychological violence by a current or former intimate partner in the previous 12 months, by form of violence and by age",,,,,,Ogun,Physical or Sexual or Emotional,Percentage (%),NGOG27,12.6
2018,"Proportion of ever-partnered women and girls aged 15 years and older subjected to physical, sexual or psychological violence by a current or former intimate partner in the previous 12 months, by form of violence and by age",,,,,,Ondo,Physical or Sexual or Emotional,Percentage (%),NGON28,13.2
2018,"Proportion of ever-partnered women and girls aged 15 years and older subjected to physical, sexual or psychological violence by a current or former intimate partner in the previous 12 months, by form of violence and by age",,,,,,Osun,Physical or Sexual or Emotional,Percentage (%),NGOS29,21.3
2018,"Proportion of ever-partnered women and girls aged 15 years and older subjected to physical, sexual or psychological violence by a current or former intimate partner in the previous 12 months, by form of violence and by age",,,,,,Oyo,Physical or Sexual or Emotional,Percentage (%),NGOY30,10.8
2018,"Proportion of ever-partnered women and girls aged 15 years and older subjected to physical, sexual or psychological violence by a current or former intimate partner in the previous 12 months, by form of violence and by age",,,,,,Plateau,Physical or Sexual or Emotional,Percentage (%),NGPL31,52.5
2018,"Proportion of ever-partnered women and girls aged 15 years and older subjected to physical, sexual or psychological violence by a current or former intimate partner in the previous 12 months, by form of violence and by age",,,,,,Rivers,Physical or Sexual or Emotional,Percentage (%),NGRI32,31.1
2018,"Proportion of ever-partnered women and girls aged 15 years and older subjected to physical, sexual or psychological violence by a current or former intimate partner in the previous 12 months, by form of violence and by age",,,,,,Sokoto,Physical or Sexual or Emotional,Percentage (%),NGSO33,30.8
2018,"Proportion of ever-partnered women and girls aged 15 years and older subjected to physical, sexual or psychological violence by a current or former intimate partner in the previous 12 months, by form of violence and by age",,,,,,Taraba,Physical or Sexual or Emotional,Percentage (%),NGTA34,37.1
2018,"Proportion of ever-partnered women and girls aged 15 years and older subjected to physical, sexual or psychological violence by a current or former intimate partner in the previous 12 months, by form of violence and by age",,,,,,Yobe,Physical or Sexual or Emotional,Percentage (%),NGYO35,23.7
2018,"Proportion of ever-partnered women and girls aged 15 years and older subjected to physical, sexual or psychological violence by a current or former intimate partner in the previous 12 months, by form of violence and by age",,,,,,Zamfara,Physical or Sexual or Emotional,Percentage (%),NGZA36,21.6
2018,"Proportion of ever-partnered women and girls aged 15 years and older subjected to physical, sexual or psychological violence by a current or former intimate partner in the previous 12 months, by form of violence and by age",,,,,,Federal Capital Territory,Physical or Sexual or Emotional,Percentage (%),NGFC37,13.8
