Year,Series,Gender,Sector,Age group,Ethnicity,Wealth Index Quintile,Geopolitical zone,State,ICT skill,GeoCode,Value
2021,"Proportion of youth and adults with information and communications technology (ICT) skills, by type of skill",Male,,,,,,,Copied or moved a file or folder,NG,9.4
2021,"Proportion of youth and adults with information and communications technology (ICT) skills, by type of skill",Male,Urban,,,,,,Copied or moved a file or folder,NG,17.2
2021,"Proportion of youth and adults with information and communications technology (ICT) skills, by type of skill",Male,Rural,,,,,,Copied or moved a file or folder,NG,3.0
2021,"Proportion of youth and adults with information and communications technology (ICT) skills, by type of skill",Male,,15-24,,,,,Copied or moved a file or folder,NG,7.2
2021,"Proportion of youth and adults with information and communications technology (ICT) skills, by type of skill",Male,,15-19,,,,,Copied or moved a file or folder,NG,4.2
2021,"Proportion of youth and adults with information and communications technology (ICT) skills, by type of skill",Male,,15-17,,,,,Copied or moved a file or folder,NG,3.8
2021,"Proportion of youth and adults with information and communications technology (ICT) skills, by type of skill",Male,,18-19,,,,,Copied or moved a file or folder,NG,4.8
2021,"Proportion of youth and adults with information and communications technology (ICT) skills, by type of skill",Male,,20-24,,,,,Copied or moved a file or folder,NG,11.6
2021,"Proportion of youth and adults with information and communications technology (ICT) skills, by type of skill",Male,,25-29,,,,,Copied or moved a file or folder,NG,13.6
2021,"Proportion of youth and adults with information and communications technology (ICT) skills, by type of skill",Male,,30-34,,,,,Copied or moved a file or folder,NG,11.7
2021,"Proportion of youth and adults with information and communications technology (ICT) skills, by type of skill",Male,,35-39,,,,,Copied or moved a file or folder,NG,10.8
2021,"Proportion of youth and adults with information and communications technology (ICT) skills, by type of skill",Male,,40-44,,,,,Copied or moved a file or folder,NG,10.2
2021,"Proportion of youth and adults with information and communications technology (ICT) skills, by type of skill",Male,,45-49,,,,,Copied or moved a file or folder,NG,7.9
2021,"Proportion of youth and adults with information and communications technology (ICT) skills, by type of skill",Male,,,Hausa,,,,Copied or moved a file or folder,NG,5.9
2021,"Proportion of youth and adults with information and communications technology (ICT) skills, by type of skill",Male,,,Igbo,,,,Copied or moved a file or folder,NG,12.0
2021,"Proportion of youth and adults with information and communications technology (ICT) skills, by type of skill",Male,,,Yoruba,,,,Copied or moved a file or folder,NG,17.0
2021,"Proportion of youth and adults with information and communications technology (ICT) skills, by type of skill",Male,,,Fulani,,,,Copied or moved a file or folder,NG,2.7
2021,"Proportion of youth and adults with information and communications technology (ICT) skills, by type of skill",Male,,,Kanuri,,,,Copied or moved a file or folder,NG,5.5
2021,"Proportion of youth and adults with information and communications technology (ICT) skills, by type of skill",Male,,,Ijaw,,,,Copied or moved a file or folder,NG,4.2
2021,"Proportion of youth and adults with information and communications technology (ICT) skills, by type of skill",Male,,,Tiv,,,,Copied or moved a file or folder,NG,3.5
2021,"Proportion of youth and adults with information and communications technology (ICT) skills, by type of skill",Male,,,Ibibio,,,,Copied or moved a file or folder,NG,11.9
2021,"Proportion of youth and adults with information and communications technology (ICT) skills, by type of skill",Male,,,Edo,,,,Copied or moved a file or folder,NG,19.7
2021,"Proportion of youth and adults with information and communications technology (ICT) skills, by type of skill",Male,,,Other ethnicity,,,,Copied or moved a file or folder,NG,8.6
2021,"Proportion of youth and adults with information and communications technology (ICT) skills, by type of skill",Male,,,,Poorest,,,Copied or moved a file or folder,NG,0.5
2021,"Proportion of youth and adults with information and communications technology (ICT) skills, by type of skill",Male,,,,Second,,,Copied or moved a file or folder,NG,1.3
2021,"Proportion of youth and adults with information and communications technology (ICT) skills, by type of skill",Male,,,,Middle,,,Copied or moved a file or folder,NG,3.3
2021,"Proportion of youth and adults with information and communications technology (ICT) skills, by type of skill",Male,,,,Fourth,,,Copied or moved a file or folder,NG,8.0
2021,"Proportion of youth and adults with information and communications technology (ICT) skills, by type of skill",Male,,,,Richest,,,Copied or moved a file or folder,NG,29.6
2021,"Proportion of youth and adults with information and communications technology (ICT) skills, by type of skill",Male,,,,,North  Central,,Copied or moved a file or folder,NGNCZ06,8.4
2021,"Proportion of youth and adults with information and communications technology (ICT) skills, by type of skill",Male,,,,,North East,,Copied or moved a file or folder,NGNEZ05,4.5
2021,"Proportion of youth and adults with information and communications technology (ICT) skills, by type of skill",Male,,,,,North West,,Copied or moved a file or folder,NGNWZ04,5.5
2021,"Proportion of youth and adults with information and communications technology (ICT) skills, by type of skill",Male,,,,,South East,,Copied or moved a file or folder,NGSEZ03,8.0
2021,"Proportion of youth and adults with information and communications technology (ICT) skills, by type of skill",Male,,,,,South South,,Copied or moved a file or folder,NGSSZ02,12.3
2021,"Proportion of youth and adults with information and communications technology (ICT) skills, by type of skill",Male,,,,,South West,,Copied or moved a file or folder,NGSWZ01,17.3
2021,"Proportion of youth and adults with information and communications technology (ICT) skills, by type of skill",Male,,,,,,Abia,Copied or moved a file or folder,NGAB01,2.9
2021,"Proportion of youth and adults with information and communications technology (ICT) skills, by type of skill",Male,,,,,,Adamawa,Copied or moved a file or folder,NGAD02,3.0
2021,"Proportion of youth and adults with information and communications technology (ICT) skills, by type of skill",Male,,,,,,Akwa Ibom,Copied or moved a file or folder,NGAK03,6.4
2021,"Proportion of youth and adults with information and communications technology (ICT) skills, by type of skill",Male,,,,,,Anambra,Copied or moved a file or folder,NGAN04,6.4
2021,"Proportion of youth and adults with information and communications technology (ICT) skills, by type of skill",Male,,,,,,Bauchi,Copied or moved a file or folder,NGBA05,1.2
2021,"Proportion of youth and adults with information and communications technology (ICT) skills, by type of skill",Male,,,,,,Bayelsa,Copied or moved a file or folder,NGBY06,9.2
2021,"Proportion of youth and adults with information and communications technology (ICT) skills, by type of skill",Male,,,,,,Benue,Copied or moved a file or folder,NGBE07,1.0
2021,"Proportion of youth and adults with information and communications technology (ICT) skills, by type of skill",Male,,,,,,Borno,Copied or moved a file or folder,NGBO08,6.6
2021,"Proportion of youth and adults with information and communications technology (ICT) skills, by type of skill",Male,,,,,,Cross River,Copied or moved a file or folder,NGXR09,5.2
2021,"Proportion of youth and adults with information and communications technology (ICT) skills, by type of skill",Male,,,,,,Delta,Copied or moved a file or folder,NGDE10,20.0
2021,"Proportion of youth and adults with information and communications technology (ICT) skills, by type of skill",Male,,,,,,Ebonyi,Copied or moved a file or folder,NGEB11,5.1
2021,"Proportion of youth and adults with information and communications technology (ICT) skills, by type of skill",Male,,,,,,Edo,Copied or moved a file or folder,NGED12,14.9
2021,"Proportion of youth and adults with information and communications technology (ICT) skills, by type of skill",Male,,,,,,Ekiti,Copied or moved a file or folder,NGEK13,3.3
2021,"Proportion of youth and adults with information and communications technology (ICT) skills, by type of skill",Male,,,,,,Enugu,Copied or moved a file or folder,NGEN14,15.5
2021,"Proportion of youth and adults with information and communications technology (ICT) skills, by type of skill",Male,,,,,,Gombe,Copied or moved a file or folder,NGGO15,8.1
2021,"Proportion of youth and adults with information and communications technology (ICT) skills, by type of skill",Male,,,,,,Imo,Copied or moved a file or folder,NGIM16,9.2
2021,"Proportion of youth and adults with information and communications technology (ICT) skills, by type of skill",Male,,,,,,Jigawa,Copied or moved a file or folder,NGJI17,2.1
2021,"Proportion of youth and adults with information and communications technology (ICT) skills, by type of skill",Male,,,,,,Kaduna,Copied or moved a file or folder,NGKD18,13.6
2021,"Proportion of youth and adults with information and communications technology (ICT) skills, by type of skill",Male,,,,,,Kano,Copied or moved a file or folder,NGKN19,5.6
2021,"Proportion of youth and adults with information and communications technology (ICT) skills, by type of skill",Male,,,,,,Katsina,Copied or moved a file or folder,NGKT20,2.4
2021,"Proportion of youth and adults with information and communications technology (ICT) skills, by type of skill",Male,,,,,,Kebbi,Copied or moved a file or folder,NGKE21,3.9
2021,"Proportion of youth and adults with information and communications technology (ICT) skills, by type of skill",Male,,,,,,Kogi,Copied or moved a file or folder,NGKO22,3.4
2021,"Proportion of youth and adults with information and communications technology (ICT) skills, by type of skill",Male,,,,,,Kwara,Copied or moved a file or folder,NGKW23,7.8
2021,"Proportion of youth and adults with information and communications technology (ICT) skills, by type of skill",Male,,,,,,Lagos,Copied or moved a file or folder,NGLA24,37.1
2021,"Proportion of youth and adults with information and communications technology (ICT) skills, by type of skill",Male,,,,,,Nasarawa,Copied or moved a file or folder,NGNA25,13.0
2021,"Proportion of youth and adults with information and communications technology (ICT) skills, by type of skill",Male,,,,,,Niger,Copied or moved a file or folder,NGNI26,4.2
2021,"Proportion of youth and adults with information and communications technology (ICT) skills, by type of skill",Male,,,,,,Ogun,Copied or moved a file or folder,NGOG27,9.4
2021,"Proportion of youth and adults with information and communications technology (ICT) skills, by type of skill",Male,,,,,,Ondo,Copied or moved a file or folder,NGON28,6.5
2021,"Proportion of youth and adults with information and communications technology (ICT) skills, by type of skill",Male,,,,,,Osun,Copied or moved a file or folder,NGOS29,2.6
2021,"Proportion of youth and adults with information and communications technology (ICT) skills, by type of skill",Male,,,,,,Oyo,Copied or moved a file or folder,NGOY30,5.7
2021,"Proportion of youth and adults with information and communications technology (ICT) skills, by type of skill",Male,,,,,,Plateau,Copied or moved a file or folder,NGPL31,10.5
2021,"Proportion of youth and adults with information and communications technology (ICT) skills, by type of skill",Male,,,,,,Rivers,Copied or moved a file or folder,NGRI32,14.9
2021,"Proportion of youth and adults with information and communications technology (ICT) skills, by type of skill",Male,,,,,,Sokoto,Copied or moved a file or folder,NGSO33,3.3
2021,"Proportion of youth and adults with information and communications technology (ICT) skills, by type of skill",Male,,,,,,Taraba,Copied or moved a file or folder,NGTA34,2.9
2021,"Proportion of youth and adults with information and communications technology (ICT) skills, by type of skill",Male,,,,,,Yobe,Copied or moved a file or folder,NGYO35,8.3
2021,"Proportion of youth and adults with information and communications technology (ICT) skills, by type of skill",Male,,,,,,Zamfara,Copied or moved a file or folder,NGZA36,3.1
2021,"Proportion of youth and adults with information and communications technology (ICT) skills, by type of skill",Male,,,,,,Federal Capital Territory,Copied or moved a file or folder,NGFC37,29.0
2021,"Proportion of youth and adults with information and communications technology (ICT) skills, by type of skill",Male,,,,,,,Used a copy and paste tool to duplicate or move information within a document,NG,9.0
2021,"Proportion of youth and adults with information and communications technology (ICT) skills, by type of skill",Male,Urban,,,,,,Used a copy and paste tool to duplicate or move information within a document,NG,16.5
2021,"Proportion of youth and adults with information and communications technology (ICT) skills, by type of skill",Male,Rural,,,,,,Used a copy and paste tool to duplicate or move information within a document,NG,2.9
2021,"Proportion of youth and adults with information and communications technology (ICT) skills, by type of skill",Male,,15-24,,,,,Used a copy and paste tool to duplicate or move information within a document,NG,6.9
2021,"Proportion of youth and adults with information and communications technology (ICT) skills, by type of skill",Male,,15-19,,,,,Used a copy and paste tool to duplicate or move information within a document,NG,4.0
2021,"Proportion of youth and adults with information and communications technology (ICT) skills, by type of skill",Male,,15-17,,,,,Used a copy and paste tool to duplicate or move information within a document,NG,3.7
2021,"Proportion of youth and adults with information and communications technology (ICT) skills, by type of skill",Male,,18-19,,,,,Used a copy and paste tool to duplicate or move information within a document,NG,4.4
2021,"Proportion of youth and adults with information and communications technology (ICT) skills, by type of skill",Male,,20-24,,,,,Used a copy and paste tool to duplicate or move information within a document,NG,11.4
2021,"Proportion of youth and adults with information and communications technology (ICT) skills, by type of skill",Male,,25-29,,,,,Used a copy and paste tool to duplicate or move information within a document,NG,13.2
2021,"Proportion of youth and adults with information and communications technology (ICT) skills, by type of skill",Male,,30-34,,,,,Used a copy and paste tool to duplicate or move information within a document,NG,11.6
2021,"Proportion of youth and adults with information and communications technology (ICT) skills, by type of skill",Male,,35-39,,,,,Used a copy and paste tool to duplicate or move information within a document,NG,10.1
2021,"Proportion of youth and adults with information and communications technology (ICT) skills, by type of skill",Male,,40-44,,,,,Used a copy and paste tool to duplicate or move information within a document,NG,9.1
2021,"Proportion of youth and adults with information and communications technology (ICT) skills, by type of skill",Male,,45-49,,,,,Used a copy and paste tool to duplicate or move information within a document,NG,7.7
2021,"Proportion of youth and adults with information and communications technology (ICT) skills, by type of skill",Male,,,Hausa,,,,Used a copy and paste tool to duplicate or move information within a document,NG,5.0
2021,"Proportion of youth and adults with information and communications technology (ICT) skills, by type of skill",Male,,,Igbo,,,,Used a copy and paste tool to duplicate or move information within a document,NG,11.4
2021,"Proportion of youth and adults with information and communications technology (ICT) skills, by type of skill",Male,,,Yoruba,,,,Used a copy and paste tool to duplicate or move information within a document,NG,16.6
2021,"Proportion of youth and adults with information and communications technology (ICT) skills, by type of skill",Male,,,Fulani,,,,Used a copy and paste tool to duplicate or move information within a document,NG,2.7
2021,"Proportion of youth and adults with information and communications technology (ICT) skills, by type of skill",Male,,,Kanuri,,,,Used a copy and paste tool to duplicate or move information within a document,NG,5.6
2021,"Proportion of youth and adults with information and communications technology (ICT) skills, by type of skill",Male,,,Ijaw,,,,Used a copy and paste tool to duplicate or move information within a document,NG,4.1
2021,"Proportion of youth and adults with information and communications technology (ICT) skills, by type of skill",Male,,,Tiv,,,,Used a copy and paste tool to duplicate or move information within a document,NG,4.5
2021,"Proportion of youth and adults with information and communications technology (ICT) skills, by type of skill",Male,,,Ibibio,,,,Used a copy and paste tool to duplicate or move information within a document,NG,12.0
2021,"Proportion of youth and adults with information and communications technology (ICT) skills, by type of skill",Male,,,Edo,,,,Used a copy and paste tool to duplicate or move information within a document,NG,21.3
2021,"Proportion of youth and adults with information and communications technology (ICT) skills, by type of skill",Male,,,Other ethnicity,,,,Used a copy and paste tool to duplicate or move information within a document,NG,8.3
2021,"Proportion of youth and adults with information and communications technology (ICT) skills, by type of skill",Male,,,,Poorest,,,Used a copy and paste tool to duplicate or move information within a document,NG,0.5
2021,"Proportion of youth and adults with information and communications technology (ICT) skills, by type of skill",Male,,,,Second,,,Used a copy and paste tool to duplicate or move information within a document,NG,1.1
2021,"Proportion of youth and adults with information and communications technology (ICT) skills, by type of skill",Male,,,,Middle,,,Used a copy and paste tool to duplicate or move information within a document,NG,2.9
2021,"Proportion of youth and adults with information and communications technology (ICT) skills, by type of skill",Male,,,,Fourth,,,Used a copy and paste tool to duplicate or move information within a document,NG,7.6
2021,"Proportion of youth and adults with information and communications technology (ICT) skills, by type of skill",Male,,,,Richest,,,Used a copy and paste tool to duplicate or move information within a document,NG,28.7
2021,"Proportion of youth and adults with information and communications technology (ICT) skills, by type of skill",Male,,,,,North  Central,,Used a copy and paste tool to duplicate or move information within a document,NGNCZ06,8.0
2021,"Proportion of youth and adults with information and communications technology (ICT) skills, by type of skill",Male,,,,,North East,,Used a copy and paste tool to duplicate or move information within a document,NGNEZ05,4.3
2021,"Proportion of youth and adults with information and communications technology (ICT) skills, by type of skill",Male,,,,,North West,,Used a copy and paste tool to duplicate or move information within a document,NGNWZ04,4.7
2021,"Proportion of youth and adults with information and communications technology (ICT) skills, by type of skill",Male,,,,,South East,,Used a copy and paste tool to duplicate or move information within a document,NGSEZ03,8.2
2021,"Proportion of youth and adults with information and communications technology (ICT) skills, by type of skill",Male,,,,,South South,,Used a copy and paste tool to duplicate or move information within a document,NGSSZ02,12.4
2021,"Proportion of youth and adults with information and communications technology (ICT) skills, by type of skill",Male,,,,,South West,,Used a copy and paste tool to duplicate or move information within a document,NGSWZ01,16.6
2021,"Proportion of youth and adults with information and communications technology (ICT) skills, by type of skill",Male,,,,,,Abia,Used a copy and paste tool to duplicate or move information within a document,NGAB01,2.0
2021,"Proportion of youth and adults with information and communications technology (ICT) skills, by type of skill",Male,,,,,,Adamawa,Used a copy and paste tool to duplicate or move information within a document,NGAD02,3.3
2021,"Proportion of youth and adults with information and communications technology (ICT) skills, by type of skill",Male,,,,,,Akwa Ibom,Used a copy and paste tool to duplicate or move information within a document,NGAK03,6.0
2021,"Proportion of youth and adults with information and communications technology (ICT) skills, by type of skill",Male,,,,,,Anambra,Used a copy and paste tool to duplicate or move information within a document,NGAN04,7.6
2021,"Proportion of youth and adults with information and communications technology (ICT) skills, by type of skill",Male,,,,,,Bauchi,Used a copy and paste tool to duplicate or move information within a document,NGBA05,1.0
2021,"Proportion of youth and adults with information and communications technology (ICT) skills, by type of skill",Male,,,,,,Bayelsa,Used a copy and paste tool to duplicate or move information within a document,NGBY06,8.8
2021,"Proportion of youth and adults with information and communications technology (ICT) skills, by type of skill",Male,,,,,,Benue,Used a copy and paste tool to duplicate or move information within a document,NGBE07,1.8
2021,"Proportion of youth and adults with information and communications technology (ICT) skills, by type of skill",Male,,,,,,Borno,Used a copy and paste tool to duplicate or move information within a document,NGBO08,6.9
2021,"Proportion of youth and adults with information and communications technology (ICT) skills, by type of skill",Male,,,,,,Cross River,Used a copy and paste tool to duplicate or move information within a document,NGXR09,5.5
2021,"Proportion of youth and adults with information and communications technology (ICT) skills, by type of skill",Male,,,,,,Delta,Used a copy and paste tool to duplicate or move information within a document,NGDE10,20.0
2021,"Proportion of youth and adults with information and communications technology (ICT) skills, by type of skill",Male,,,,,,Ebonyi,Used a copy and paste tool to duplicate or move information within a document,NGEB11,7.2
2021,"Proportion of youth and adults with information and communications technology (ICT) skills, by type of skill",Male,,,,,,Edo,Used a copy and paste tool to duplicate or move information within a document,NGED12,16.0
2021,"Proportion of youth and adults with information and communications technology (ICT) skills, by type of skill",Male,,,,,,Ekiti,Used a copy and paste tool to duplicate or move information within a document,NGEK13,3.3
2021,"Proportion of youth and adults with information and communications technology (ICT) skills, by type of skill",Male,,,,,,Enugu,Used a copy and paste tool to duplicate or move information within a document,NGEN14,13.7
2021,"Proportion of youth and adults with information and communications technology (ICT) skills, by type of skill",Male,,,,,,Gombe,Used a copy and paste tool to duplicate or move information within a document,NGGO15,8.1
2021,"Proportion of youth and adults with information and communications technology (ICT) skills, by type of skill",Male,,,,,,Imo,Used a copy and paste tool to duplicate or move information within a document,NGIM16,9.4
2021,"Proportion of youth and adults with information and communications technology (ICT) skills, by type of skill",Male,,,,,,Jigawa,Used a copy and paste tool to duplicate or move information within a document,NGJI17,1.7
2021,"Proportion of youth and adults with information and communications technology (ICT) skills, by type of skill",Male,,,,,,Kaduna,Used a copy and paste tool to duplicate or move information within a document,NGKD18,13.7
2021,"Proportion of youth and adults with information and communications technology (ICT) skills, by type of skill",Male,,,,,,Kano,Used a copy and paste tool to duplicate or move information within a document,NGKN19,3.2
2021,"Proportion of youth and adults with information and communications technology (ICT) skills, by type of skill",Male,,,,,,Katsina,Used a copy and paste tool to duplicate or move information within a document,NGKT20,2.3
2021,"Proportion of youth and adults with information and communications technology (ICT) skills, by type of skill",Male,,,,,,Kebbi,Used a copy and paste tool to duplicate or move information within a document,NGKE21,3.6
2021,"Proportion of youth and adults with information and communications technology (ICT) skills, by type of skill",Male,,,,,,Kogi,Used a copy and paste tool to duplicate or move information within a document,NGKO22,3.6
2021,"Proportion of youth and adults with information and communications technology (ICT) skills, by type of skill",Male,,,,,,Kwara,Used a copy and paste tool to duplicate or move information within a document,NGKW23,7.6
2021,"Proportion of youth and adults with information and communications technology (ICT) skills, by type of skill",Male,,,,,,Lagos,Used a copy and paste tool to duplicate or move information within a document,NGLA24,35.1
2021,"Proportion of youth and adults with information and communications technology (ICT) skills, by type of skill",Male,,,,,,Nasarawa,Used a copy and paste tool to duplicate or move information within a document,NGNA25,11.3
2021,"Proportion of youth and adults with information and communications technology (ICT) skills, by type of skill",Male,,,,,,Niger,Used a copy and paste tool to duplicate or move information within a document,NGNI26,4.4
2021,"Proportion of youth and adults with information and communications technology (ICT) skills, by type of skill",Male,,,,,,Ogun,Used a copy and paste tool to duplicate or move information within a document,NGOG27,9.8
2021,"Proportion of youth and adults with information and communications technology (ICT) skills, by type of skill",Male,,,,,,Ondo,Used a copy and paste tool to duplicate or move information within a document,NGON28,5.8
2021,"Proportion of youth and adults with information and communications technology (ICT) skills, by type of skill",Male,,,,,,Osun,Used a copy and paste tool to duplicate or move information within a document,NGOS29,3.1
2021,"Proportion of youth and adults with information and communications technology (ICT) skills, by type of skill",Male,,,,,,Oyo,Used a copy and paste tool to duplicate or move information within a document,NGOY30,5.7
2021,"Proportion of youth and adults with information and communications technology (ICT) skills, by type of skill",Male,,,,,,Plateau,Used a copy and paste tool to duplicate or move information within a document,NGPL31,9.6
2021,"Proportion of youth and adults with information and communications technology (ICT) skills, by type of skill",Male,,,,,,Rivers,Used a copy and paste tool to duplicate or move information within a document,NGRI32,14.8
2021,"Proportion of youth and adults with information and communications technology (ICT) skills, by type of skill",Male,,,,,,Sokoto,Used a copy and paste tool to duplicate or move information within a document,NGSO33,3.0
2021,"Proportion of youth and adults with information and communications technology (ICT) skills, by type of skill",Male,,,,,,Taraba,Used a copy and paste tool to duplicate or move information within a document,NGTA34,3.0
2021,"Proportion of youth and adults with information and communications technology (ICT) skills, by type of skill",Male,,,,,,Yobe,Used a copy and paste tool to duplicate or move information within a document,NGYO35,6.1
2021,"Proportion of youth and adults with information and communications technology (ICT) skills, by type of skill",Male,,,,,,Zamfara,Used a copy and paste tool to duplicate or move information within a document,NGZA36,2.3
2021,"Proportion of youth and adults with information and communications technology (ICT) skills, by type of skill",Male,,,,,,Federal Capital Territory,Used a copy and paste tool to duplicate or move information within a document,NGFC37,25.6
2021,"Proportion of youth and adults with information and communications technology (ICT) skills, by type of skill",Male,,,,,,,"Sent e-mail with attached file, such as a document, picture or video",NG,8.9
2021,"Proportion of youth and adults with information and communications technology (ICT) skills, by type of skill",Male,Urban,,,,,,"Sent e-mail with attached file, such as a document, picture or video",NG,16.1
2021,"Proportion of youth and adults with information and communications technology (ICT) skills, by type of skill",Male,Rural,,,,,,"Sent e-mail with attached file, such as a document, picture or video",NG,3.1
2021,"Proportion of youth and adults with information and communications technology (ICT) skills, by type of skill",Male,,15-24,,,,,"Sent e-mail with attached file, such as a document, picture or video",NG,5.9
2021,"Proportion of youth and adults with information and communications technology (ICT) skills, by type of skill",Male,,15-19,,,,,"Sent e-mail with attached file, such as a document, picture or video",NG,3.6
2021,"Proportion of youth and adults with information and communications technology (ICT) skills, by type of skill",Male,,15-17,,,,,"Sent e-mail with attached file, such as a document, picture or video",NG,3.0
2021,"Proportion of youth and adults with information and communications technology (ICT) skills, by type of skill",Male,,18-19,,,,,"Sent e-mail with attached file, such as a document, picture or video",NG,4.8
2021,"Proportion of youth and adults with information and communications technology (ICT) skills, by type of skill",Male,,20-24,,,,,"Sent e-mail with attached file, such as a document, picture or video",NG,9.4
2021,"Proportion of youth and adults with information and communications technology (ICT) skills, by type of skill",Male,,25-29,,,,,"Sent e-mail with attached file, such as a document, picture or video",NG,13.1
2021,"Proportion of youth and adults with information and communications technology (ICT) skills, by type of skill",Male,,30-34,,,,,"Sent e-mail with attached file, such as a document, picture or video",NG,11.4
2021,"Proportion of youth and adults with information and communications technology (ICT) skills, by type of skill",Male,,35-39,,,,,"Sent e-mail with attached file, such as a document, picture or video",NG,12.0
2021,"Proportion of youth and adults with information and communications technology (ICT) skills, by type of skill",Male,,40-44,,,,,"Sent e-mail with attached file, such as a document, picture or video",NG,10.4
2021,"Proportion of youth and adults with information and communications technology (ICT) skills, by type of skill",Male,,45-49,,,,,"Sent e-mail with attached file, such as a document, picture or video",NG,8.0
2021,"Proportion of youth and adults with information and communications technology (ICT) skills, by type of skill",Male,,,Hausa,,,,"Sent e-mail with attached file, such as a document, picture or video",NG,4.5
2021,"Proportion of youth and adults with information and communications technology (ICT) skills, by type of skill",Male,,,Igbo,,,,"Sent e-mail with attached file, such as a document, picture or video",NG,11.9
2021,"Proportion of youth and adults with information and communications technology (ICT) skills, by type of skill",Male,,,Yoruba,,,,"Sent e-mail with attached file, such as a document, picture or video",NG,16.5
2021,"Proportion of youth and adults with information and communications technology (ICT) skills, by type of skill",Male,,,Fulani,,,,"Sent e-mail with attached file, such as a document, picture or video",NG,2.6
2021,"Proportion of youth and adults with information and communications technology (ICT) skills, by type of skill",Male,,,Kanuri,,,,"Sent e-mail with attached file, such as a document, picture or video",NG,7.2
2021,"Proportion of youth and adults with information and communications technology (ICT) skills, by type of skill",Male,,,Ijaw,,,,"Sent e-mail with attached file, such as a document, picture or video",NG,5.9
2021,"Proportion of youth and adults with information and communications technology (ICT) skills, by type of skill",Male,,,Tiv,,,,"Sent e-mail with attached file, such as a document, picture or video",NG,5.5
2021,"Proportion of youth and adults with information and communications technology (ICT) skills, by type of skill",Male,,,Ibibio,,,,"Sent e-mail with attached file, such as a document, picture or video",NG,16.8
2021,"Proportion of youth and adults with information and communications technology (ICT) skills, by type of skill",Male,,,Edo,,,,"Sent e-mail with attached file, such as a document, picture or video",NG,18.7
2021,"Proportion of youth and adults with information and communications technology (ICT) skills, by type of skill",Male,,,Other ethnicity,,,,"Sent e-mail with attached file, such as a document, picture or video",NG,7.9
2021,"Proportion of youth and adults with information and communications technology (ICT) skills, by type of skill",Male,,,,Poorest,,,"Sent e-mail with attached file, such as a document, picture or video",NG,0.6
2021,"Proportion of youth and adults with information and communications technology (ICT) skills, by type of skill",Male,,,,Second,,,"Sent e-mail with attached file, such as a document, picture or video",NG,1.4
2021,"Proportion of youth and adults with information and communications technology (ICT) skills, by type of skill",Male,,,,Middle,,,"Sent e-mail with attached file, such as a document, picture or video",NG,3.7
2021,"Proportion of youth and adults with information and communications technology (ICT) skills, by type of skill",Male,,,,Fourth,,,"Sent e-mail with attached file, such as a document, picture or video",NG,7.0
2021,"Proportion of youth and adults with information and communications technology (ICT) skills, by type of skill",Male,,,,Richest,,,"Sent e-mail with attached file, such as a document, picture or video",NG,28.2
2021,"Proportion of youth and adults with information and communications technology (ICT) skills, by type of skill",Male,,,,,North  Central,,"Sent e-mail with attached file, such as a document, picture or video",NGNCZ06,8.5
2021,"Proportion of youth and adults with information and communications technology (ICT) skills, by type of skill",Male,,,,,North East,,"Sent e-mail with attached file, such as a document, picture or video",NGNEZ05,5.1
2021,"Proportion of youth and adults with information and communications technology (ICT) skills, by type of skill",Male,,,,,North West,,"Sent e-mail with attached file, such as a document, picture or video",NGNWZ04,3.9
2021,"Proportion of youth and adults with information and communications technology (ICT) skills, by type of skill",Male,,,,,South East,,"Sent e-mail with attached file, such as a document, picture or video",NGSEZ03,7.2
2021,"Proportion of youth and adults with information and communications technology (ICT) skills, by type of skill",Male,,,,,South South,,"Sent e-mail with attached file, such as a document, picture or video",NGSSZ02,12.1
2021,"Proportion of youth and adults with information and communications technology (ICT) skills, by type of skill",Male,,,,,South West,,"Sent e-mail with attached file, such as a document, picture or video",NGSWZ01,17.2
2021,"Proportion of youth and adults with information and communications technology (ICT) skills, by type of skill",Male,,,,,,Abia,"Sent e-mail with attached file, such as a document, picture or video",NGAB01,3.1
2021,"Proportion of youth and adults with information and communications technology (ICT) skills, by type of skill",Male,,,,,,Adamawa,"Sent e-mail with attached file, such as a document, picture or video",NGAD02,3.1
2021,"Proportion of youth and adults with information and communications technology (ICT) skills, by type of skill",Male,,,,,,Akwa Ibom,"Sent e-mail with attached file, such as a document, picture or video",NGAK03,8.2
2021,"Proportion of youth and adults with information and communications technology (ICT) skills, by type of skill",Male,,,,,,Anambra,"Sent e-mail with attached file, such as a document, picture or video",NGAN04,8.1
2021,"Proportion of youth and adults with information and communications technology (ICT) skills, by type of skill",Male,,,,,,Bauchi,"Sent e-mail with attached file, such as a document, picture or video",NGBA05,0.9
2021,"Proportion of youth and adults with information and communications technology (ICT) skills, by type of skill",Male,,,,,,Bayelsa,"Sent e-mail with attached file, such as a document, picture or video",NGBY06,9.8
2021,"Proportion of youth and adults with information and communications technology (ICT) skills, by type of skill",Male,,,,,,Benue,"Sent e-mail with attached file, such as a document, picture or video",NGBE07,2.7
2021,"Proportion of youth and adults with information and communications technology (ICT) skills, by type of skill",Male,,,,,,Borno,"Sent e-mail with attached file, such as a document, picture or video",NGBO08,8.3
2021,"Proportion of youth and adults with information and communications technology (ICT) skills, by type of skill",Male,,,,,,Cross River,"Sent e-mail with attached file, such as a document, picture or video",NGXR09,4.3
2021,"Proportion of youth and adults with information and communications technology (ICT) skills, by type of skill",Male,,,,,,Delta,"Sent e-mail with attached file, such as a document, picture or video",NGDE10,25.2
2021,"Proportion of youth and adults with information and communications technology (ICT) skills, by type of skill",Male,,,,,,Ebonyi,"Sent e-mail with attached file, such as a document, picture or video",NGEB11,7.7
2021,"Proportion of youth and adults with information and communications technology (ICT) skills, by type of skill",Male,,,,,,Edo,"Sent e-mail with attached file, such as a document, picture or video",NGED12,14.5
2021,"Proportion of youth and adults with information and communications technology (ICT) skills, by type of skill",Male,,,,,,Ekiti,"Sent e-mail with attached file, such as a document, picture or video",NGEK13,3.9
2021,"Proportion of youth and adults with information and communications technology (ICT) skills, by type of skill",Male,,,,,,Enugu,"Sent e-mail with attached file, such as a document, picture or video",NGEN14,13.7
2021,"Proportion of youth and adults with information and communications technology (ICT) skills, by type of skill",Male,,,,,,Gombe,"Sent e-mail with attached file, such as a document, picture or video",NGGO15,8.5
2021,"Proportion of youth and adults with information and communications technology (ICT) skills, by type of skill",Male,,,,,,Imo,"Sent e-mail with attached file, such as a document, picture or video",NGIM16,3.7
2021,"Proportion of youth and adults with information and communications technology (ICT) skills, by type of skill",Male,,,,,,Jigawa,"Sent e-mail with attached file, such as a document, picture or video",NGJI17,0.5
2021,"Proportion of youth and adults with information and communications technology (ICT) skills, by type of skill",Male,,,,,,Kaduna,"Sent e-mail with attached file, such as a document, picture or video",NGKD18,9.9
2021,"Proportion of youth and adults with information and communications technology (ICT) skills, by type of skill",Male,,,,,,Kano,"Sent e-mail with attached file, such as a document, picture or video",NGKN19,3.2
2021,"Proportion of youth and adults with information and communications technology (ICT) skills, by type of skill",Male,,,,,,Katsina,"Sent e-mail with attached file, such as a document, picture or video",NGKT20,1.8
2021,"Proportion of youth and adults with information and communications technology (ICT) skills, by type of skill",Male,,,,,,Kebbi,"Sent e-mail with attached file, such as a document, picture or video",NGKE21,3.9
2021,"Proportion of youth and adults with information and communications technology (ICT) skills, by type of skill",Male,,,,,,Kogi,"Sent e-mail with attached file, such as a document, picture or video",NGKO22,3.2
2021,"Proportion of youth and adults with information and communications technology (ICT) skills, by type of skill",Male,,,,,,Kwara,"Sent e-mail with attached file, such as a document, picture or video",NGKW23,7.5
2021,"Proportion of youth and adults with information and communications technology (ICT) skills, by type of skill",Male,,,,,,Lagos,"Sent e-mail with attached file, such as a document, picture or video",NGLA24,37.1
2021,"Proportion of youth and adults with information and communications technology (ICT) skills, by type of skill",Male,,,,,,Nasarawa,"Sent e-mail with attached file, such as a document, picture or video",NGNA25,19.3
2021,"Proportion of youth and adults with information and communications technology (ICT) skills, by type of skill",Male,,,,,,Niger,"Sent e-mail with attached file, such as a document, picture or video",NGNI26,5.6
2021,"Proportion of youth and adults with information and communications technology (ICT) skills, by type of skill",Male,,,,,,Ogun,"Sent e-mail with attached file, such as a document, picture or video",NGOG27,10.0
2021,"Proportion of youth and adults with information and communications technology (ICT) skills, by type of skill",Male,,,,,,Ondo,"Sent e-mail with attached file, such as a document, picture or video",NGON28,6.3
2021,"Proportion of youth and adults with information and communications technology (ICT) skills, by type of skill",Male,,,,,,Osun,"Sent e-mail with attached file, such as a document, picture or video",NGOS29,4.2
2021,"Proportion of youth and adults with information and communications technology (ICT) skills, by type of skill",Male,,,,,,Oyo,"Sent e-mail with attached file, such as a document, picture or video",NGOY30,3.6
2021,"Proportion of youth and adults with information and communications technology (ICT) skills, by type of skill",Male,,,,,,Plateau,"Sent e-mail with attached file, such as a document, picture or video",NGPL31,5.3
2021,"Proportion of youth and adults with information and communications technology (ICT) skills, by type of skill",Male,,,,,,Rivers,"Sent e-mail with attached file, such as a document, picture or video",NGRI32,10.5
2021,"Proportion of youth and adults with information and communications technology (ICT) skills, by type of skill",Male,,,,,,Sokoto,"Sent e-mail with attached file, such as a document, picture or video",NGSO33,3.8
2021,"Proportion of youth and adults with information and communications technology (ICT) skills, by type of skill",Male,,,,,,Taraba,"Sent e-mail with attached file, such as a document, picture or video",NGTA34,4.3
2021,"Proportion of youth and adults with information and communications technology (ICT) skills, by type of skill",Male,,,,,,Yobe,"Sent e-mail with attached file, such as a document, picture or video",NGYO35,9.4
2021,"Proportion of youth and adults with information and communications technology (ICT) skills, by type of skill",Male,,,,,,Zamfara,"Sent e-mail with attached file, such as a document, picture or video",NGZA36,2.1
2021,"Proportion of youth and adults with information and communications technology (ICT) skills, by type of skill",Male,,,,,,Federal Capital Territory,"Sent e-mail with attached file, such as a document, picture or video",NGFC37,27.1
2021,"Proportion of youth and adults with information and communications technology (ICT) skills, by type of skill",Male,,,,,,,Used a basic arithmetic formula in a spreadsheet,NG,3.3
2021,"Proportion of youth and adults with information and communications technology (ICT) skills, by type of skill",Male,Urban,,,,,,Used a basic arithmetic formula in a spreadsheet,NG,6.3
2021,"Proportion of youth and adults with information and communications technology (ICT) skills, by type of skill",Male,Rural,,,,,,Used a basic arithmetic formula in a spreadsheet,NG,0.8
2021,"Proportion of youth and adults with information and communications technology (ICT) skills, by type of skill",Male,,15-24,,,,,Used a basic arithmetic formula in a spreadsheet,NG,2.2
2021,"Proportion of youth and adults with information and communications technology (ICT) skills, by type of skill",Male,,15-19,,,,,Used a basic arithmetic formula in a spreadsheet,NG,1.5
2021,"Proportion of youth and adults with information and communications technology (ICT) skills, by type of skill",Male,,15-17,,,,,Used a basic arithmetic formula in a spreadsheet,NG,1.4
2021,"Proportion of youth and adults with information and communications technology (ICT) skills, by type of skill",Male,,18-19,,,,,Used a basic arithmetic formula in a spreadsheet,NG,1.7
2021,"Proportion of youth and adults with information and communications technology (ICT) skills, by type of skill",Male,,20-24,,,,,Used a basic arithmetic formula in a spreadsheet,NG,3.2
2021,"Proportion of youth and adults with information and communications technology (ICT) skills, by type of skill",Male,,25-29,,,,,Used a basic arithmetic formula in a spreadsheet,NG,5.7
2021,"Proportion of youth and adults with information and communications technology (ICT) skills, by type of skill",Male,,30-34,,,,,Used a basic arithmetic formula in a spreadsheet,NG,4.1
2021,"Proportion of youth and adults with information and communications technology (ICT) skills, by type of skill",Male,,35-39,,,,,Used a basic arithmetic formula in a spreadsheet,NG,4.2
2021,"Proportion of youth and adults with information and communications technology (ICT) skills, by type of skill",Male,,40-44,,,,,Used a basic arithmetic formula in a spreadsheet,NG,3.0
2021,"Proportion of youth and adults with information and communications technology (ICT) skills, by type of skill",Male,,45-49,,,,,Used a basic arithmetic formula in a spreadsheet,NG,2.6
2021,"Proportion of youth and adults with information and communications technology (ICT) skills, by type of skill",Male,,,Hausa,,,,Used a basic arithmetic formula in a spreadsheet,NG,1.6
2021,"Proportion of youth and adults with information and communications technology (ICT) skills, by type of skill",Male,,,Igbo,,,,Used a basic arithmetic formula in a spreadsheet,NG,3.4
2021,"Proportion of youth and adults with information and communications technology (ICT) skills, by type of skill",Male,,,Yoruba,,,,Used a basic arithmetic formula in a spreadsheet,NG,5.9
2021,"Proportion of youth and adults with information and communications technology (ICT) skills, by type of skill",Male,,,Fulani,,,,Used a basic arithmetic formula in a spreadsheet,NG,1.6
2021,"Proportion of youth and adults with information and communications technology (ICT) skills, by type of skill",Male,,,Kanuri,,,,Used a basic arithmetic formula in a spreadsheet,NG,4.0
2021,"Proportion of youth and adults with information and communications technology (ICT) skills, by type of skill",Male,,,Ijaw,,,,Used a basic arithmetic formula in a spreadsheet,NG,1.6
2021,"Proportion of youth and adults with information and communications technology (ICT) skills, by type of skill",Male,,,Tiv,,,,Used a basic arithmetic formula in a spreadsheet,NG,0.3
2021,"Proportion of youth and adults with information and communications technology (ICT) skills, by type of skill",Male,,,Ibibio,,,,Used a basic arithmetic formula in a spreadsheet,NG,5.7
2021,"Proportion of youth and adults with information and communications technology (ICT) skills, by type of skill",Male,,,Edo,,,,Used a basic arithmetic formula in a spreadsheet,NG,5.6
2021,"Proportion of youth and adults with information and communications technology (ICT) skills, by type of skill",Male,,,Other ethnicity,,,,Used a basic arithmetic formula in a spreadsheet,NG,3.4
2021,"Proportion of youth and adults with information and communications technology (ICT) skills, by type of skill",Male,,,,Poorest,,,Used a basic arithmetic formula in a spreadsheet,NG,0.2
2021,"Proportion of youth and adults with information and communications technology (ICT) skills, by type of skill",Male,,,,Second,,,Used a basic arithmetic formula in a spreadsheet,NG,0.3
2021,"Proportion of youth and adults with information and communications technology (ICT) skills, by type of skill",Male,,,,Middle,,,Used a basic arithmetic formula in a spreadsheet,NG,0.7
2021,"Proportion of youth and adults with information and communications technology (ICT) skills, by type of skill",Male,,,,Fourth,,,Used a basic arithmetic formula in a spreadsheet,NG,2.5
2021,"Proportion of youth and adults with information and communications technology (ICT) skills, by type of skill",Male,,,,Richest,,,Used a basic arithmetic formula in a spreadsheet,NG,11.0
2021,"Proportion of youth and adults with information and communications technology (ICT) skills, by type of skill",Male,,,,,North  Central,,Used a basic arithmetic formula in a spreadsheet,NGNCZ06,3.7
2021,"Proportion of youth and adults with information and communications technology (ICT) skills, by type of skill",Male,,,,,North East,,Used a basic arithmetic formula in a spreadsheet,NGNEZ05,2.5
2021,"Proportion of youth and adults with information and communications technology (ICT) skills, by type of skill",Male,,,,,North West,,Used a basic arithmetic formula in a spreadsheet,NGNWZ04,1.7
2021,"Proportion of youth and adults with information and communications technology (ICT) skills, by type of skill",Male,,,,,South East,,Used a basic arithmetic formula in a spreadsheet,NGSEZ03,2.3
2021,"Proportion of youth and adults with information and communications technology (ICT) skills, by type of skill",Male,,,,,South South,,Used a basic arithmetic formula in a spreadsheet,NGSSZ02,4.7
2021,"Proportion of youth and adults with information and communications technology (ICT) skills, by type of skill",Male,,,,,South West,,Used a basic arithmetic formula in a spreadsheet,NGSWZ01,5.0
2021,"Proportion of youth and adults with information and communications technology (ICT) skills, by type of skill",Male,,,,,,Abia,Used a basic arithmetic formula in a spreadsheet,NGAB01,1.8
2021,"Proportion of youth and adults with information and communications technology (ICT) skills, by type of skill",Male,,,,,,Adamawa,Used a basic arithmetic formula in a spreadsheet,NGAD02,3.4
2021,"Proportion of youth and adults with information and communications technology (ICT) skills, by type of skill",Male,,,,,,Akwa Ibom,Used a basic arithmetic formula in a spreadsheet,NGAK03,1.9
2021,"Proportion of youth and adults with information and communications technology (ICT) skills, by type of skill",Male,,,,,,Anambra,Used a basic arithmetic formula in a spreadsheet,NGAN04,0.1
2021,"Proportion of youth and adults with information and communications technology (ICT) skills, by type of skill",Male,,,,,,Bauchi,Used a basic arithmetic formula in a spreadsheet,NGBA05,0.1
2021,"Proportion of youth and adults with information and communications technology (ICT) skills, by type of skill",Male,,,,,,Bayelsa,Used a basic arithmetic formula in a spreadsheet,NGBY06,7.3
2021,"Proportion of youth and adults with information and communications technology (ICT) skills, by type of skill",Male,,,,,,Benue,Used a basic arithmetic formula in a spreadsheet,NGBE07,0.0
2021,"Proportion of youth and adults with information and communications technology (ICT) skills, by type of skill",Male,,,,,,Borno,Used a basic arithmetic formula in a spreadsheet,NGBO08,5.2
2021,"Proportion of youth and adults with information and communications technology (ICT) skills, by type of skill",Male,,,,,,Cross River,Used a basic arithmetic formula in a spreadsheet,NGXR09,2.7
2021,"Proportion of youth and adults with information and communications technology (ICT) skills, by type of skill",Male,,,,,,Delta,Used a basic arithmetic formula in a spreadsheet,NGDE10,2.5
2021,"Proportion of youth and adults with information and communications technology (ICT) skills, by type of skill",Male,,,,,,Ebonyi,Used a basic arithmetic formula in a spreadsheet,NGEB11,7.5
2021,"Proportion of youth and adults with information and communications technology (ICT) skills, by type of skill",Male,,,,,,Edo,Used a basic arithmetic formula in a spreadsheet,NGED12,5.8
2021,"Proportion of youth and adults with information and communications technology (ICT) skills, by type of skill",Male,,,,,,Ekiti,Used a basic arithmetic formula in a spreadsheet,NGEK13,1.1
2021,"Proportion of youth and adults with information and communications technology (ICT) skills, by type of skill",Male,,,,,,Enugu,Used a basic arithmetic formula in a spreadsheet,NGEN14,1.6
2021,"Proportion of youth and adults with information and communications technology (ICT) skills, by type of skill",Male,,,,,,Gombe,Used a basic arithmetic formula in a spreadsheet,NGGO15,3.9
2021,"Proportion of youth and adults with information and communications technology (ICT) skills, by type of skill",Male,,,,,,Imo,Used a basic arithmetic formula in a spreadsheet,NGIM16,1.9
2021,"Proportion of youth and adults with information and communications technology (ICT) skills, by type of skill",Male,,,,,,Jigawa,Used a basic arithmetic formula in a spreadsheet,NGJI17,0.0
2021,"Proportion of youth and adults with information and communications technology (ICT) skills, by type of skill",Male,,,,,,Kaduna,Used a basic arithmetic formula in a spreadsheet,NGKD18,4.6
2021,"Proportion of youth and adults with information and communications technology (ICT) skills, by type of skill",Male,,,,,,Kano,Used a basic arithmetic formula in a spreadsheet,NGKN19,0.1
2021,"Proportion of youth and adults with information and communications technology (ICT) skills, by type of skill",Male,,,,,,Katsina,Used a basic arithmetic formula in a spreadsheet,NGKT20,0.9
2021,"Proportion of youth and adults with information and communications technology (ICT) skills, by type of skill",Male,,,,,,Kebbi,Used a basic arithmetic formula in a spreadsheet,NGKE21,3.3
2021,"Proportion of youth and adults with information and communications technology (ICT) skills, by type of skill",Male,,,,,,Kogi,Used a basic arithmetic formula in a spreadsheet,NGKO22,2.2
2021,"Proportion of youth and adults with information and communications technology (ICT) skills, by type of skill",Male,,,,,,Kwara,Used a basic arithmetic formula in a spreadsheet,NGKW23,4.0
2021,"Proportion of youth and adults with information and communications technology (ICT) skills, by type of skill",Male,,,,,,Lagos,Used a basic arithmetic formula in a spreadsheet,NGLA24,10.8
2021,"Proportion of youth and adults with information and communications technology (ICT) skills, by type of skill",Male,,,,,,Nasarawa,Used a basic arithmetic formula in a spreadsheet,NGNA25,4.3
2021,"Proportion of youth and adults with information and communications technology (ICT) skills, by type of skill",Male,,,,,,Niger,Used a basic arithmetic formula in a spreadsheet,NGNI26,3.9
2021,"Proportion of youth and adults with information and communications technology (ICT) skills, by type of skill",Male,,,,,,Ogun,Used a basic arithmetic formula in a spreadsheet,NGOG27,3.4
2021,"Proportion of youth and adults with information and communications technology (ICT) skills, by type of skill",Male,,,,,,Ondo,Used a basic arithmetic formula in a spreadsheet,NGON28,1.4
2021,"Proportion of youth and adults with information and communications technology (ICT) skills, by type of skill",Male,,,,,,Osun,Used a basic arithmetic formula in a spreadsheet,NGOS29,0.0
2021,"Proportion of youth and adults with information and communications technology (ICT) skills, by type of skill",Male,,,,,,Oyo,Used a basic arithmetic formula in a spreadsheet,NGOY30,1.7
2021,"Proportion of youth and adults with information and communications technology (ICT) skills, by type of skill",Male,,,,,,Plateau,Used a basic arithmetic formula in a spreadsheet,NGPL31,0.8
2021,"Proportion of youth and adults with information and communications technology (ICT) skills, by type of skill",Male,,,,,,Rivers,Used a basic arithmetic formula in a spreadsheet,NGRI32,7.2
2021,"Proportion of youth and adults with information and communications technology (ICT) skills, by type of skill",Male,,,,,,Sokoto,Used a basic arithmetic formula in a spreadsheet,NGSO33,3.6
2021,"Proportion of youth and adults with information and communications technology (ICT) skills, by type of skill",Male,,,,,,Taraba,Used a basic arithmetic formula in a spreadsheet,NGTA34,0.3
2021,"Proportion of youth and adults with information and communications technology (ICT) skills, by type of skill",Male,,,,,,Yobe,Used a basic arithmetic formula in a spreadsheet,NGYO35,2.2
2021,"Proportion of youth and adults with information and communications technology (ICT) skills, by type of skill",Male,,,,,,Zamfara,Used a basic arithmetic formula in a spreadsheet,NGZA36,0.5
2021,"Proportion of youth and adults with information and communications technology (ICT) skills, by type of skill",Male,,,,,,Federal Capital Territory,Used a basic arithmetic formula in a spreadsheet,NGFC37,14.6
2021,"Proportion of youth and adults with information and communications technology (ICT) skills, by type of skill",Male,,,,,,,"Connected and installed a new device, such as a modem, camera or printer",NG,5.8
2021,"Proportion of youth and adults with information and communications technology (ICT) skills, by type of skill",Male,Urban,,,,,,"Connected and installed a new device, such as a modem, camera or printer",NG,11.0
2021,"Proportion of youth and adults with information and communications technology (ICT) skills, by type of skill",Male,Rural,,,,,,"Connected and installed a new device, such as a modem, camera or printer",NG,1.7
2021,"Proportion of youth and adults with information and communications technology (ICT) skills, by type of skill",Male,,15-24,,,,,"Connected and installed a new device, such as a modem, camera or printer",NG,4.1
2021,"Proportion of youth and adults with information and communications technology (ICT) skills, by type of skill",Male,,15-19,,,,,"Connected and installed a new device, such as a modem, camera or printer",NG,2.4
2021,"Proportion of youth and adults with information and communications technology (ICT) skills, by type of skill",Male,,15-17,,,,,"Connected and installed a new device, such as a modem, camera or printer",NG,1.7
2021,"Proportion of youth and adults with information and communications technology (ICT) skills, by type of skill",Male,,18-19,,,,,"Connected and installed a new device, such as a modem, camera or printer",NG,3.6
2021,"Proportion of youth and adults with information and communications technology (ICT) skills, by type of skill",Male,,20-24,,,,,"Connected and installed a new device, such as a modem, camera or printer",NG,6.6
2021,"Proportion of youth and adults with information and communications technology (ICT) skills, by type of skill",Male,,25-29,,,,,"Connected and installed a new device, such as a modem, camera or printer",NG,8.2
2021,"Proportion of youth and adults with information and communications technology (ICT) skills, by type of skill",Male,,30-34,,,,,"Connected and installed a new device, such as a modem, camera or printer",NG,7.5
2021,"Proportion of youth and adults with information and communications technology (ICT) skills, by type of skill",Male,,35-39,,,,,"Connected and installed a new device, such as a modem, camera or printer",NG,7.4
2021,"Proportion of youth and adults with information and communications technology (ICT) skills, by type of skill",Male,,40-44,,,,,"Connected and installed a new device, such as a modem, camera or printer",NG,6.9
2021,"Proportion of youth and adults with information and communications technology (ICT) skills, by type of skill",Male,,45-49,,,,,"Connected and installed a new device, such as a modem, camera or printer",NG,5.0
2021,"Proportion of youth and adults with information and communications technology (ICT) skills, by type of skill",Male,,,Hausa,,,,"Connected and installed a new device, such as a modem, camera or printer",NG,3.4
2021,"Proportion of youth and adults with information and communications technology (ICT) skills, by type of skill",Male,,,Igbo,,,,"Connected and installed a new device, such as a modem, camera or printer",NG,7.0
2021,"Proportion of youth and adults with information and communications technology (ICT) skills, by type of skill",Male,,,Yoruba,,,,"Connected and installed a new device, such as a modem, camera or printer",NG,11.5
2021,"Proportion of youth and adults with information and communications technology (ICT) skills, by type of skill",Male,,,Fulani,,,,"Connected and installed a new device, such as a modem, camera or printer",NG,1.6
2021,"Proportion of youth and adults with information and communications technology (ICT) skills, by type of skill",Male,,,Kanuri,,,,"Connected and installed a new device, such as a modem, camera or printer",NG,4.2
2021,"Proportion of youth and adults with information and communications technology (ICT) skills, by type of skill",Male,,,Ijaw,,,,"Connected and installed a new device, such as a modem, camera or printer",NG,3.5
2021,"Proportion of youth and adults with information and communications technology (ICT) skills, by type of skill",Male,,,Tiv,,,,"Connected and installed a new device, such as a modem, camera or printer",NG,2.9
2021,"Proportion of youth and adults with information and communications technology (ICT) skills, by type of skill",Male,,,Ibibio,,,,"Connected and installed a new device, such as a modem, camera or printer",NG,8.6
2021,"Proportion of youth and adults with information and communications technology (ICT) skills, by type of skill",Male,,,Edo,,,,"Connected and installed a new device, such as a modem, camera or printer",NG,8.1
2021,"Proportion of youth and adults with information and communications technology (ICT) skills, by type of skill",Male,,,Other ethnicity,,,,"Connected and installed a new device, such as a modem, camera or printer",NG,5.3
2021,"Proportion of youth and adults with information and communications technology (ICT) skills, by type of skill",Male,,,,Poorest,,,"Connected and installed a new device, such as a modem, camera or printer",NG,0.3
2021,"Proportion of youth and adults with information and communications technology (ICT) skills, by type of skill",Male,,,,Second,,,"Connected and installed a new device, such as a modem, camera or printer",NG,0.5
2021,"Proportion of youth and adults with information and communications technology (ICT) skills, by type of skill",Male,,,,Middle,,,"Connected and installed a new device, such as a modem, camera or printer",NG,1.9
2021,"Proportion of youth and adults with information and communications technology (ICT) skills, by type of skill",Male,,,,Fourth,,,"Connected and installed a new device, such as a modem, camera or printer",NG,4.3
2021,"Proportion of youth and adults with information and communications technology (ICT) skills, by type of skill",Male,,,,Richest,,,"Connected and installed a new device, such as a modem, camera or printer",NG,19.5
2021,"Proportion of youth and adults with information and communications technology (ICT) skills, by type of skill",Male,,,,,North  Central,,"Connected and installed a new device, such as a modem, camera or printer",NGNCZ06,5.3
2021,"Proportion of youth and adults with information and communications technology (ICT) skills, by type of skill",Male,,,,,North East,,"Connected and installed a new device, such as a modem, camera or printer",NGNEZ05,2.7
2021,"Proportion of youth and adults with information and communications technology (ICT) skills, by type of skill",Male,,,,,North West,,"Connected and installed a new device, such as a modem, camera or printer",NGNWZ04,3.4
2021,"Proportion of youth and adults with information and communications technology (ICT) skills, by type of skill",Male,,,,,South East,,"Connected and installed a new device, such as a modem, camera or printer",NGSEZ03,4.7
2021,"Proportion of youth and adults with information and communications technology (ICT) skills, by type of skill",Male,,,,,South South,,"Connected and installed a new device, such as a modem, camera or printer",NGSSZ02,7.9
2021,"Proportion of youth and adults with information and communications technology (ICT) skills, by type of skill",Male,,,,,South West,,"Connected and installed a new device, such as a modem, camera or printer",NGSWZ01,10.7
2021,"Proportion of youth and adults with information and communications technology (ICT) skills, by type of skill",Male,,,,,,Abia,"Connected and installed a new device, such as a modem, camera or printer",NGAB01,2.3
2021,"Proportion of youth and adults with information and communications technology (ICT) skills, by type of skill",Male,,,,,,Adamawa,"Connected and installed a new device, such as a modem, camera or printer",NGAD02,3.3
2021,"Proportion of youth and adults with information and communications technology (ICT) skills, by type of skill",Male,,,,,,Akwa Ibom,"Connected and installed a new device, such as a modem, camera or printer",NGAK03,4.9
2021,"Proportion of youth and adults with information and communications technology (ICT) skills, by type of skill",Male,,,,,,Anambra,"Connected and installed a new device, such as a modem, camera or printer",NGAN04,3.5
2021,"Proportion of youth and adults with information and communications technology (ICT) skills, by type of skill",Male,,,,,,Bauchi,"Connected and installed a new device, such as a modem, camera or printer",NGBA05,0.4
2021,"Proportion of youth and adults with information and communications technology (ICT) skills, by type of skill",Male,,,,,,Bayelsa,"Connected and installed a new device, such as a modem, camera or printer",NGBY06,4.4
2021,"Proportion of youth and adults with information and communications technology (ICT) skills, by type of skill",Male,,,,,,Benue,"Connected and installed a new device, such as a modem, camera or printer",NGBE07,0.9
2021,"Proportion of youth and adults with information and communications technology (ICT) skills, by type of skill",Male,,,,,,Borno,"Connected and installed a new device, such as a modem, camera or printer",NGBO08,5.0
2021,"Proportion of youth and adults with information and communications technology (ICT) skills, by type of skill",Male,,,,,,Cross River,"Connected and installed a new device, such as a modem, camera or printer",NGXR09,3.9
2021,"Proportion of youth and adults with information and communications technology (ICT) skills, by type of skill",Male,,,,,,Delta,"Connected and installed a new device, such as a modem, camera or printer",NGDE10,14.5
2021,"Proportion of youth and adults with information and communications technology (ICT) skills, by type of skill",Male,,,,,,Ebonyi,"Connected and installed a new device, such as a modem, camera or printer",NGEB11,7.5
2021,"Proportion of youth and adults with information and communications technology (ICT) skills, by type of skill",Male,,,,,,Edo,"Connected and installed a new device, such as a modem, camera or printer",NGED12,7.1
2021,"Proportion of youth and adults with information and communications technology (ICT) skills, by type of skill",Male,,,,,,Ekiti,"Connected and installed a new device, such as a modem, camera or printer",NGEK13,1.2
2021,"Proportion of youth and adults with information and communications technology (ICT) skills, by type of skill",Male,,,,,,Enugu,"Connected and installed a new device, such as a modem, camera or printer",NGEN14,4.8
2021,"Proportion of youth and adults with information and communications technology (ICT) skills, by type of skill",Male,,,,,,Gombe,"Connected and installed a new device, such as a modem, camera or printer",NGGO15,4.5
2021,"Proportion of youth and adults with information and communications technology (ICT) skills, by type of skill",Male,,,,,,Imo,"Connected and installed a new device, such as a modem, camera or printer",NGIM16,5.7
2021,"Proportion of youth and adults with information and communications technology (ICT) skills, by type of skill",Male,,,,,,Jigawa,"Connected and installed a new device, such as a modem, camera or printer",NGJI17,0.8
2021,"Proportion of youth and adults with information and communications technology (ICT) skills, by type of skill",Male,,,,,,Kaduna,"Connected and installed a new device, such as a modem, camera or printer",NGKD18,10.2
2021,"Proportion of youth and adults with information and communications technology (ICT) skills, by type of skill",Male,,,,,,Kano,"Connected and installed a new device, such as a modem, camera or printer",NGKN19,1.2
2021,"Proportion of youth and adults with information and communications technology (ICT) skills, by type of skill",Male,,,,,,Katsina,"Connected and installed a new device, such as a modem, camera or printer",NGKT20,1.7
2021,"Proportion of youth and adults with information and communications technology (ICT) skills, by type of skill",Male,,,,,,Kebbi,"Connected and installed a new device, such as a modem, camera or printer",NGKE21,3.8
2021,"Proportion of youth and adults with information and communications technology (ICT) skills, by type of skill",Male,,,,,,Kogi,"Connected and installed a new device, such as a modem, camera or printer",NGKO22,2.3
2021,"Proportion of youth and adults with information and communications technology (ICT) skills, by type of skill",Male,,,,,,Kwara,"Connected and installed a new device, such as a modem, camera or printer",NGKW23,5.7
2021,"Proportion of youth and adults with information and communications technology (ICT) skills, by type of skill",Male,,,,,,Lagos,"Connected and installed a new device, such as a modem, camera or printer",NGLA24,23.0
2021,"Proportion of youth and adults with information and communications technology (ICT) skills, by type of skill",Male,,,,,,Nasarawa,"Connected and installed a new device, such as a modem, camera or printer",NGNA25,8.3
2021,"Proportion of youth and adults with information and communications technology (ICT) skills, by type of skill",Male,,,,,,Niger,"Connected and installed a new device, such as a modem, camera or printer",NGNI26,3.3
2021,"Proportion of youth and adults with information and communications technology (ICT) skills, by type of skill",Male,,,,,,Ogun,"Connected and installed a new device, such as a modem, camera or printer",NGOG27,6.2
2021,"Proportion of youth and adults with information and communications technology (ICT) skills, by type of skill",Male,,,,,,Ondo,"Connected and installed a new device, such as a modem, camera or printer",NGON28,2.4
2021,"Proportion of youth and adults with information and communications technology (ICT) skills, by type of skill",Male,,,,,,Osun,"Connected and installed a new device, such as a modem, camera or printer",NGOS29,1.1
2021,"Proportion of youth and adults with information and communications technology (ICT) skills, by type of skill",Male,,,,,,Oyo,"Connected and installed a new device, such as a modem, camera or printer",NGOY30,5.0
2021,"Proportion of youth and adults with information and communications technology (ICT) skills, by type of skill",Male,,,,,,Plateau,"Connected and installed a new device, such as a modem, camera or printer",NGPL31,3.9
2021,"Proportion of youth and adults with information and communications technology (ICT) skills, by type of skill",Male,,,,,,Rivers,"Connected and installed a new device, such as a modem, camera or printer",NGRI32,9.7
2021,"Proportion of youth and adults with information and communications technology (ICT) skills, by type of skill",Male,,,,,,Sokoto,"Connected and installed a new device, such as a modem, camera or printer",NGSO33,3.2
2021,"Proportion of youth and adults with information and communications technology (ICT) skills, by type of skill",Male,,,,,,Taraba,"Connected and installed a new device, such as a modem, camera or printer",NGTA34,0.7
2021,"Proportion of youth and adults with information and communications technology (ICT) skills, by type of skill",Male,,,,,,Yobe,"Connected and installed a new device, such as a modem, camera or printer",NGYO35,3.2
2021,"Proportion of youth and adults with information and communications technology (ICT) skills, by type of skill",Male,,,,,,Zamfara,"Connected and installed a new device, such as a modem, camera or printer",NGZA36,2.3
2021,"Proportion of youth and adults with information and communications technology (ICT) skills, by type of skill",Male,,,,,,Federal Capital Territory,"Connected and installed a new device, such as a modem, camera or printer",NGFC37,19.3
2021,"Proportion of youth and adults with information and communications technology (ICT) skills, by type of skill",Male,,,,,,,"Found, downloaded, installed and configured software",NG,5.7
2021,"Proportion of youth and adults with information and communications technology (ICT) skills, by type of skill",Male,Urban,,,,,,"Found, downloaded, installed and configured software",NG,10.4
2021,"Proportion of youth and adults with information and communications technology (ICT) skills, by type of skill",Male,Rural,,,,,,"Found, downloaded, installed and configured software",NG,1.9
2021,"Proportion of youth and adults with information and communications technology (ICT) skills, by type of skill",Male,,15-24,,,,,"Found, downloaded, installed and configured software",NG,4.0
2021,"Proportion of youth and adults with information and communications technology (ICT) skills, by type of skill",Male,,15-19,,,,,"Found, downloaded, installed and configured software",NG,2.7
2021,"Proportion of youth and adults with information and communications technology (ICT) skills, by type of skill",Male,,15-17,,,,,"Found, downloaded, installed and configured software",NG,2.3
2021,"Proportion of youth and adults with information and communications technology (ICT) skills, by type of skill",Male,,18-19,,,,,"Found, downloaded, installed and configured software",NG,3.4
2021,"Proportion of youth and adults with information and communications technology (ICT) skills, by type of skill",Male,,20-24,,,,,"Found, downloaded, installed and configured software",NG,5.8
2021,"Proportion of youth and adults with information and communications technology (ICT) skills, by type of skill",Male,,25-29,,,,,"Found, downloaded, installed and configured software",NG,8.6
2021,"Proportion of youth and adults with information and communications technology (ICT) skills, by type of skill",Male,,30-34,,,,,"Found, downloaded, installed and configured software",NG,7.9
2021,"Proportion of youth and adults with information and communications technology (ICT) skills, by type of skill",Male,,35-39,,,,,"Found, downloaded, installed and configured software",NG,7.1
2021,"Proportion of youth and adults with information and communications technology (ICT) skills, by type of skill",Male,,40-44,,,,,"Found, downloaded, installed and configured software",NG,6.2
2021,"Proportion of youth and adults with information and communications technology (ICT) skills, by type of skill",Male,,45-49,,,,,"Found, downloaded, installed and configured software",NG,4.6
2021,"Proportion of youth and adults with information and communications technology (ICT) skills, by type of skill",Male,,,Hausa,,,,"Found, downloaded, installed and configured software",NG,2.7
2021,"Proportion of youth and adults with information and communications technology (ICT) skills, by type of skill",Male,,,Igbo,,,,"Found, downloaded, installed and configured software",NG,6.4
2021,"Proportion of youth and adults with information and communications technology (ICT) skills, by type of skill",Male,,,Yoruba,,,,"Found, downloaded, installed and configured software",NG,10.2
2021,"Proportion of youth and adults with information and communications technology (ICT) skills, by type of skill",Male,,,Fulani,,,,"Found, downloaded, installed and configured software",NG,1.4
2021,"Proportion of youth and adults with information and communications technology (ICT) skills, by type of skill",Male,,,Kanuri,,,,"Found, downloaded, installed and configured software",NG,5.1
2021,"Proportion of youth and adults with information and communications technology (ICT) skills, by type of skill",Male,,,Ijaw,,,,"Found, downloaded, installed and configured software",NG,4.6
2021,"Proportion of youth and adults with information and communications technology (ICT) skills, by type of skill",Male,,,Tiv,,,,"Found, downloaded, installed and configured software",NG,2.3
2021,"Proportion of youth and adults with information and communications technology (ICT) skills, by type of skill",Male,,,Ibibio,,,,"Found, downloaded, installed and configured software",NG,10.7
2021,"Proportion of youth and adults with information and communications technology (ICT) skills, by type of skill",Male,,,Edo,,,,"Found, downloaded, installed and configured software",NG,7.8
2021,"Proportion of youth and adults with information and communications technology (ICT) skills, by type of skill",Male,,,Other ethnicity,,,,"Found, downloaded, installed and configured software",NG,6.4
2021,"Proportion of youth and adults with information and communications technology (ICT) skills, by type of skill",Male,,,,Poorest,,,"Found, downloaded, installed and configured software",NG,0.3
2021,"Proportion of youth and adults with information and communications technology (ICT) skills, by type of skill",Male,,,,Second,,,"Found, downloaded, installed and configured software",NG,1.0
2021,"Proportion of youth and adults with information and communications technology (ICT) skills, by type of skill",Male,,,,Middle,,,"Found, downloaded, installed and configured software",NG,2.0
2021,"Proportion of youth and adults with information and communications technology (ICT) skills, by type of skill",Male,,,,Fourth,,,"Found, downloaded, installed and configured software",NG,4.1
2021,"Proportion of youth and adults with information and communications technology (ICT) skills, by type of skill",Male,,,,Richest,,,"Found, downloaded, installed and configured software",NG,18.6
2021,"Proportion of youth and adults with information and communications technology (ICT) skills, by type of skill",Male,,,,,North  Central,,"Found, downloaded, installed and configured software",NGNCZ06,4.8
2021,"Proportion of youth and adults with information and communications technology (ICT) skills, by type of skill",Male,,,,,North East,,"Found, downloaded, installed and configured software",NGNEZ05,3.5
2021,"Proportion of youth and adults with information and communications technology (ICT) skills, by type of skill",Male,,,,,North West,,"Found, downloaded, installed and configured software",NGNWZ04,2.4
2021,"Proportion of youth and adults with information and communications technology (ICT) skills, by type of skill",Male,,,,,South East,,"Found, downloaded, installed and configured software",NGSEZ03,2.5
2021,"Proportion of youth and adults with information and communications technology (ICT) skills, by type of skill",Male,,,,,South South,,"Found, downloaded, installed and configured software",NGSSZ02,10.3
2021,"Proportion of youth and adults with information and communications technology (ICT) skills, by type of skill",Male,,,,,South West,,"Found, downloaded, installed and configured software",NGSWZ01,10.6
2021,"Proportion of youth and adults with information and communications technology (ICT) skills, by type of skill",Male,,,,,,Abia,"Found, downloaded, installed and configured software",NGAB01,1.9
2021,"Proportion of youth and adults with information and communications technology (ICT) skills, by type of skill",Male,,,,,,Adamawa,"Found, downloaded, installed and configured software",NGAD02,3.4
2021,"Proportion of youth and adults with information and communications technology (ICT) skills, by type of skill",Male,,,,,,Akwa Ibom,"Found, downloaded, installed and configured software",NGAK03,4.7
2021,"Proportion of youth and adults with information and communications technology (ICT) skills, by type of skill",Male,,,,,,Anambra,"Found, downloaded, installed and configured software",NGAN04,2.2
2021,"Proportion of youth and adults with information and communications technology (ICT) skills, by type of skill",Male,,,,,,Bauchi,"Found, downloaded, installed and configured software",NGBA05,0.2
2021,"Proportion of youth and adults with information and communications technology (ICT) skills, by type of skill",Male,,,,,,Bayelsa,"Found, downloaded, installed and configured software",NGBY06,8.3
2021,"Proportion of youth and adults with information and communications technology (ICT) skills, by type of skill",Male,,,,,,Benue,"Found, downloaded, installed and configured software",NGBE07,0.3
2021,"Proportion of youth and adults with information and communications technology (ICT) skills, by type of skill",Male,,,,,,Borno,"Found, downloaded, installed and configured software",NGBO08,6.1
2021,"Proportion of youth and adults with information and communications technology (ICT) skills, by type of skill",Male,,,,,,Cross River,"Found, downloaded, installed and configured software",NGXR09,3.0
2021,"Proportion of youth and adults with information and communications technology (ICT) skills, by type of skill",Male,,,,,,Delta,"Found, downloaded, installed and configured software",NGDE10,24.9
2021,"Proportion of youth and adults with information and communications technology (ICT) skills, by type of skill",Male,,,,,,Ebonyi,"Found, downloaded, installed and configured software",NGEB11,0.3
2021,"Proportion of youth and adults with information and communications technology (ICT) skills, by type of skill",Male,,,,,,Edo,"Found, downloaded, installed and configured software",NGED12,6.2
2021,"Proportion of youth and adults with information and communications technology (ICT) skills, by type of skill",Male,,,,,,Ekiti,"Found, downloaded, installed and configured software",NGEK13,3.9
2021,"Proportion of youth and adults with information and communications technology (ICT) skills, by type of skill",Male,,,,,,Enugu,"Found, downloaded, installed and configured software",NGEN14,7.7
2021,"Proportion of youth and adults with information and communications technology (ICT) skills, by type of skill",Male,,,,,,Gombe,"Found, downloaded, installed and configured software",NGGO15,3.5
2021,"Proportion of youth and adults with information and communications technology (ICT) skills, by type of skill",Male,,,,,,Imo,"Found, downloaded, installed and configured software",NGIM16,0.5
2021,"Proportion of youth and adults with information and communications technology (ICT) skills, by type of skill",Male,,,,,,Jigawa,"Found, downloaded, installed and configured software",NGJI17,0.8
2021,"Proportion of youth and adults with information and communications technology (ICT) skills, by type of skill",Male,,,,,,Kaduna,"Found, downloaded, installed and configured software",NGKD18,4.2
2021,"Proportion of youth and adults with information and communications technology (ICT) skills, by type of skill",Male,,,,,,Kano,"Found, downloaded, installed and configured software",NGKN19,1.6
2021,"Proportion of youth and adults with information and communications technology (ICT) skills, by type of skill",Male,,,,,,Katsina,"Found, downloaded, installed and configured software",NGKT20,1.5
2021,"Proportion of youth and adults with information and communications technology (ICT) skills, by type of skill",Male,,,,,,Kebbi,"Found, downloaded, installed and configured software",NGKE21,3.3
2021,"Proportion of youth and adults with information and communications technology (ICT) skills, by type of skill",Male,,,,,,Kogi,"Found, downloaded, installed and configured software",NGKO22,1.7
2021,"Proportion of youth and adults with information and communications technology (ICT) skills, by type of skill",Male,,,,,,Kwara,"Found, downloaded, installed and configured software",NGKW23,5.3
2021,"Proportion of youth and adults with information and communications technology (ICT) skills, by type of skill",Male,,,,,,Lagos,"Found, downloaded, installed and configured software",NGLA24,22.0
2021,"Proportion of youth and adults with information and communications technology (ICT) skills, by type of skill",Male,,,,,,Nasarawa,"Found, downloaded, installed and configured software",NGNA25,8.2
2021,"Proportion of youth and adults with information and communications technology (ICT) skills, by type of skill",Male,,,,,,Niger,"Found, downloaded, installed and configured software",NGNI26,3.8
2021,"Proportion of youth and adults with information and communications technology (ICT) skills, by type of skill",Male,,,,,,Ogun,"Found, downloaded, installed and configured software",NGOG27,6.8
2021,"Proportion of youth and adults with information and communications technology (ICT) skills, by type of skill",Male,,,,,,Ondo,"Found, downloaded, installed and configured software",NGON28,3.4
2021,"Proportion of youth and adults with information and communications technology (ICT) skills, by type of skill",Male,,,,,,Osun,"Found, downloaded, installed and configured software",NGOS29,1.0
2021,"Proportion of youth and adults with information and communications technology (ICT) skills, by type of skill",Male,,,,,,Oyo,"Found, downloaded, installed and configured software",NGOY30,4.4
2021,"Proportion of youth and adults with information and communications technology (ICT) skills, by type of skill",Male,,,,,,Plateau,"Found, downloaded, installed and configured software",NGPL31,3.0
2021,"Proportion of youth and adults with information and communications technology (ICT) skills, by type of skill",Male,,,,,,Rivers,"Found, downloaded, installed and configured software",NGRI32,11.7
2021,"Proportion of youth and adults with information and communications technology (ICT) skills, by type of skill",Male,,,,,,Sokoto,"Found, downloaded, installed and configured software",NGSO33,3.5
2021,"Proportion of youth and adults with information and communications technology (ICT) skills, by type of skill",Male,,,,,,Taraba,"Found, downloaded, installed and configured software",NGTA34,1.8
2021,"Proportion of youth and adults with information and communications technology (ICT) skills, by type of skill",Male,,,,,,Yobe,"Found, downloaded, installed and configured software",NGYO35,8.9
2021,"Proportion of youth and adults with information and communications technology (ICT) skills, by type of skill",Male,,,,,,Zamfara,"Found, downloaded, installed and configured software",NGZA36,2.5
2021,"Proportion of youth and adults with information and communications technology (ICT) skills, by type of skill",Male,,,,,,Federal Capital Territory,"Found, downloaded, installed and configured software",NGFC37,17.6
2021,"Proportion of youth and adults with information and communications technology (ICT) skills, by type of skill",Male,,,,,,,"Created an electronic presentation with presentation software, including text, images, sound, video or charts",NG,3.0
2021,"Proportion of youth and adults with information and communications technology (ICT) skills, by type of skill",Male,Urban,,,,,,"Created an electronic presentation with presentation software, including text, images, sound, video or charts",NG,5.5
2021,"Proportion of youth and adults with information and communications technology (ICT) skills, by type of skill",Male,Rural,,,,,,"Created an electronic presentation with presentation software, including text, images, sound, video or charts",NG,1.0
2021,"Proportion of youth and adults with information and communications technology (ICT) skills, by type of skill",Male,,15-24,,,,,"Created an electronic presentation with presentation software, including text, images, sound, video or charts",NG,2.1
2021,"Proportion of youth and adults with information and communications technology (ICT) skills, by type of skill",Male,,15-19,,,,,"Created an electronic presentation with presentation software, including text, images, sound, video or charts",NG,1.5
2021,"Proportion of youth and adults with information and communications technology (ICT) skills, by type of skill",Male,,15-17,,,,,"Created an electronic presentation with presentation software, including text, images, sound, video or charts",NG,1.2
2021,"Proportion of youth and adults with information and communications technology (ICT) skills, by type of skill",Male,,18-19,,,,,"Created an electronic presentation with presentation software, including text, images, sound, video or charts",NG,1.9
2021,"Proportion of youth and adults with information and communications technology (ICT) skills, by type of skill",Male,,20-24,,,,,"Created an electronic presentation with presentation software, including text, images, sound, video or charts",NG,3.0
2021,"Proportion of youth and adults with information and communications technology (ICT) skills, by type of skill",Male,,25-29,,,,,"Created an electronic presentation with presentation software, including text, images, sound, video or charts",NG,4.6
2021,"Proportion of youth and adults with information and communications technology (ICT) skills, by type of skill",Male,,30-34,,,,,"Created an electronic presentation with presentation software, including text, images, sound, video or charts",NG,3.9
2021,"Proportion of youth and adults with information and communications technology (ICT) skills, by type of skill",Male,,35-39,,,,,"Created an electronic presentation with presentation software, including text, images, sound, video or charts",NG,3.0
2021,"Proportion of youth and adults with information and communications technology (ICT) skills, by type of skill",Male,,40-44,,,,,"Created an electronic presentation with presentation software, including text, images, sound, video or charts",NG,3.9
2021,"Proportion of youth and adults with information and communications technology (ICT) skills, by type of skill",Male,,45-49,,,,,"Created an electronic presentation with presentation software, including text, images, sound, video or charts",NG,2.6
2021,"Proportion of youth and adults with information and communications technology (ICT) skills, by type of skill",Male,,,Hausa,,,,"Created an electronic presentation with presentation software, including text, images, sound, video or charts",NG,1.6
2021,"Proportion of youth and adults with information and communications technology (ICT) skills, by type of skill",Male,,,Igbo,,,,"Created an electronic presentation with presentation software, including text, images, sound, video or charts",NG,2.2
2021,"Proportion of youth and adults with information and communications technology (ICT) skills, by type of skill",Male,,,Yoruba,,,,"Created an electronic presentation with presentation software, including text, images, sound, video or charts",NG,6.0
2021,"Proportion of youth and adults with information and communications technology (ICT) skills, by type of skill",Male,,,Fulani,,,,"Created an electronic presentation with presentation software, including text, images, sound, video or charts",NG,1.1
2021,"Proportion of youth and adults with information and communications technology (ICT) skills, by type of skill",Male,,,Kanuri,,,,"Created an electronic presentation with presentation software, including text, images, sound, video or charts",NG,2.8
2021,"Proportion of youth and adults with information and communications technology (ICT) skills, by type of skill",Male,,,Ijaw,,,,"Created an electronic presentation with presentation software, including text, images, sound, video or charts",NG,1.7
2021,"Proportion of youth and adults with information and communications technology (ICT) skills, by type of skill",Male,,,Tiv,,,,"Created an electronic presentation with presentation software, including text, images, sound, video or charts",NG,0.3
2021,"Proportion of youth and adults with information and communications technology (ICT) skills, by type of skill",Male,,,Ibibio,,,,"Created an electronic presentation with presentation software, including text, images, sound, video or charts",NG,8.0
2021,"Proportion of youth and adults with information and communications technology (ICT) skills, by type of skill",Male,,,Edo,,,,"Created an electronic presentation with presentation software, including text, images, sound, video or charts",NG,5.7
2021,"Proportion of youth and adults with information and communications technology (ICT) skills, by type of skill",Male,,,Other ethnicity,,,,"Created an electronic presentation with presentation software, including text, images, sound, video or charts",NG,3.0
2021,"Proportion of youth and adults with information and communications technology (ICT) skills, by type of skill",Male,,,,Poorest,,,"Created an electronic presentation with presentation software, including text, images, sound, video or charts",NG,0.0
2021,"Proportion of youth and adults with information and communications technology (ICT) skills, by type of skill",Male,,,,Second,,,"Created an electronic presentation with presentation software, including text, images, sound, video or charts",NG,0.2
2021,"Proportion of youth and adults with information and communications technology (ICT) skills, by type of skill",Male,,,,Middle,,,"Created an electronic presentation with presentation software, including text, images, sound, video or charts",NG,0.9
2021,"Proportion of youth and adults with information and communications technology (ICT) skills, by type of skill",Male,,,,Fourth,,,"Created an electronic presentation with presentation software, including text, images, sound, video or charts",NG,2.4
2021,"Proportion of youth and adults with information and communications technology (ICT) skills, by type of skill",Male,,,,Richest,,,"Created an electronic presentation with presentation software, including text, images, sound, video or charts",NG,9.9
2021,"Proportion of youth and adults with information and communications technology (ICT) skills, by type of skill",Male,,,,,North  Central,,"Created an electronic presentation with presentation software, including text, images, sound, video or charts",NGNCZ06,3.3
2021,"Proportion of youth and adults with information and communications technology (ICT) skills, by type of skill",Male,,,,,North East,,"Created an electronic presentation with presentation software, including text, images, sound, video or charts",NGNEZ05,1.8
2021,"Proportion of youth and adults with information and communications technology (ICT) skills, by type of skill",Male,,,,,North West,,"Created an electronic presentation with presentation software, including text, images, sound, video or charts",NGNWZ04,1.5
2021,"Proportion of youth and adults with information and communications technology (ICT) skills, by type of skill",Male,,,,,South East,,"Created an electronic presentation with presentation software, including text, images, sound, video or charts",NGSEZ03,0.9
2021,"Proportion of youth and adults with information and communications technology (ICT) skills, by type of skill",Male,,,,,South South,,"Created an electronic presentation with presentation software, including text, images, sound, video or charts",NGSSZ02,4.4
2021,"Proportion of youth and adults with information and communications technology (ICT) skills, by type of skill",Male,,,,,South West,,"Created an electronic presentation with presentation software, including text, images, sound, video or charts",NGSWZ01,5.7
2021,"Proportion of youth and adults with information and communications technology (ICT) skills, by type of skill",Male,,,,,,Abia,"Created an electronic presentation with presentation software, including text, images, sound, video or charts",NGAB01,1.8
2021,"Proportion of youth and adults with information and communications technology (ICT) skills, by type of skill",Male,,,,,,Adamawa,"Created an electronic presentation with presentation software, including text, images, sound, video or charts",NGAD02,2.4
2021,"Proportion of youth and adults with information and communications technology (ICT) skills, by type of skill",Male,,,,,,Akwa Ibom,"Created an electronic presentation with presentation software, including text, images, sound, video or charts",NGAK03,4.1
2021,"Proportion of youth and adults with information and communications technology (ICT) skills, by type of skill",Male,,,,,,Anambra,"Created an electronic presentation with presentation software, including text, images, sound, video or charts",NGAN04,0.0
2021,"Proportion of youth and adults with information and communications technology (ICT) skills, by type of skill",Male,,,,,,Bauchi,"Created an electronic presentation with presentation software, including text, images, sound, video or charts",NGBA05,0.2
2021,"Proportion of youth and adults with information and communications technology (ICT) skills, by type of skill",Male,,,,,,Bayelsa,"Created an electronic presentation with presentation software, including text, images, sound, video or charts",NGBY06,0.9
2021,"Proportion of youth and adults with information and communications technology (ICT) skills, by type of skill",Male,,,,,,Benue,"Created an electronic presentation with presentation software, including text, images, sound, video or charts",NGBE07,0.0
2021,"Proportion of youth and adults with information and communications technology (ICT) skills, by type of skill",Male,,,,,,Borno,"Created an electronic presentation with presentation software, including text, images, sound, video or charts",NGBO08,3.8
2021,"Proportion of youth and adults with information and communications technology (ICT) skills, by type of skill",Male,,,,,,Cross River,"Created an electronic presentation with presentation software, including text, images, sound, video or charts",NGXR09,2.0
2021,"Proportion of youth and adults with information and communications technology (ICT) skills, by type of skill",Male,,,,,,Delta,"Created an electronic presentation with presentation software, including text, images, sound, video or charts",NGDE10,2.6
2021,"Proportion of youth and adults with information and communications technology (ICT) skills, by type of skill",Male,,,,,,Ebonyi,"Created an electronic presentation with presentation software, including text, images, sound, video or charts",NGEB11,0.1
2021,"Proportion of youth and adults with information and communications technology (ICT) skills, by type of skill",Male,,,,,,Edo,"Created an electronic presentation with presentation software, including text, images, sound, video or charts",NGED12,7.6
2021,"Proportion of youth and adults with information and communications technology (ICT) skills, by type of skill",Male,,,,,,Ekiti,"Created an electronic presentation with presentation software, including text, images, sound, video or charts",NGEK13,1.3
2021,"Proportion of youth and adults with information and communications technology (ICT) skills, by type of skill",Male,,,,,,Enugu,"Created an electronic presentation with presentation software, including text, images, sound, video or charts",NGEN14,2.6
2021,"Proportion of youth and adults with information and communications technology (ICT) skills, by type of skill",Male,,,,,,Gombe,"Created an electronic presentation with presentation software, including text, images, sound, video or charts",NGGO15,2.3
2021,"Proportion of youth and adults with information and communications technology (ICT) skills, by type of skill",Male,,,,,,Imo,"Created an electronic presentation with presentation software, including text, images, sound, video or charts",NGIM16,0.2
2021,"Proportion of youth and adults with information and communications technology (ICT) skills, by type of skill",Male,,,,,,Jigawa,"Created an electronic presentation with presentation software, including text, images, sound, video or charts",NGJI17,0.0
2021,"Proportion of youth and adults with information and communications technology (ICT) skills, by type of skill",Male,,,,,,Kaduna,"Created an electronic presentation with presentation software, including text, images, sound, video or charts",NGKD18,2.5
2021,"Proportion of youth and adults with information and communications technology (ICT) skills, by type of skill",Male,,,,,,Kano,"Created an electronic presentation with presentation software, including text, images, sound, video or charts",NGKN19,0.3
2021,"Proportion of youth and adults with information and communications technology (ICT) skills, by type of skill",Male,,,,,,Katsina,"Created an electronic presentation with presentation software, including text, images, sound, video or charts",NGKT20,1.6
2021,"Proportion of youth and adults with information and communications technology (ICT) skills, by type of skill",Male,,,,,,Kebbi,"Created an electronic presentation with presentation software, including text, images, sound, video or charts",NGKE21,3.1
2021,"Proportion of youth and adults with information and communications technology (ICT) skills, by type of skill",Male,,,,,,Kogi,"Created an electronic presentation with presentation software, including text, images, sound, video or charts",NGKO22,2.0
2021,"Proportion of youth and adults with information and communications technology (ICT) skills, by type of skill",Male,,,,,,Kwara,"Created an electronic presentation with presentation software, including text, images, sound, video or charts",NGKW23,3.7
2021,"Proportion of youth and adults with information and communications technology (ICT) skills, by type of skill",Male,,,,,,Lagos,"Created an electronic presentation with presentation software, including text, images, sound, video or charts",NGLA24,12.2
2021,"Proportion of youth and adults with information and communications technology (ICT) skills, by type of skill",Male,,,,,,Nasarawa,"Created an electronic presentation with presentation software, including text, images, sound, video or charts",NGNA25,6.4
2021,"Proportion of youth and adults with information and communications technology (ICT) skills, by type of skill",Male,,,,,,Niger,"Created an electronic presentation with presentation software, including text, images, sound, video or charts",NGNI26,1.2
2021,"Proportion of youth and adults with information and communications technology (ICT) skills, by type of skill",Male,,,,,,Ogun,"Created an electronic presentation with presentation software, including text, images, sound, video or charts",NGOG27,2.8
2021,"Proportion of youth and adults with information and communications technology (ICT) skills, by type of skill",Male,,,,,,Ondo,"Created an electronic presentation with presentation software, including text, images, sound, video or charts",NGON28,2.1
2021,"Proportion of youth and adults with information and communications technology (ICT) skills, by type of skill",Male,,,,,,Osun,"Created an electronic presentation with presentation software, including text, images, sound, video or charts",NGOS29,0.0
2021,"Proportion of youth and adults with information and communications technology (ICT) skills, by type of skill",Male,,,,,,Oyo,"Created an electronic presentation with presentation software, including text, images, sound, video or charts",NGOY30,2.7
2021,"Proportion of youth and adults with information and communications technology (ICT) skills, by type of skill",Male,,,,,,Plateau,"Created an electronic presentation with presentation software, including text, images, sound, video or charts",NGPL31,1.0
2021,"Proportion of youth and adults with information and communications technology (ICT) skills, by type of skill",Male,,,,,,Rivers,"Created an electronic presentation with presentation software, including text, images, sound, video or charts",NGRI32,6.6
2021,"Proportion of youth and adults with information and communications technology (ICT) skills, by type of skill",Male,,,,,,Sokoto,"Created an electronic presentation with presentation software, including text, images, sound, video or charts",NGSO33,3.4
2021,"Proportion of youth and adults with information and communications technology (ICT) skills, by type of skill",Male,,,,,,Taraba,"Created an electronic presentation with presentation software, including text, images, sound, video or charts",NGTA34,0.2
2021,"Proportion of youth and adults with information and communications technology (ICT) skills, by type of skill",Male,,,,,,Yobe,"Created an electronic presentation with presentation software, including text, images, sound, video or charts",NGYO35,1.9
2021,"Proportion of youth and adults with information and communications technology (ICT) skills, by type of skill",Male,,,,,,Zamfara,"Created an electronic presentation with presentation software, including text, images, sound, video or charts",NGZA36,0.6
2021,"Proportion of youth and adults with information and communications technology (ICT) skills, by type of skill",Male,,,,,,Federal Capital Territory,"Created an electronic presentation with presentation software, including text, images, sound, video or charts",NGFC37,14.5
2021,"Proportion of youth and adults with information and communications technology (ICT) skills, by type of skill",Male,,,,,,,Transferred a file between a computer and other device,NG,8.4
2021,"Proportion of youth and adults with information and communications technology (ICT) skills, by type of skill",Male,Urban,,,,,,Transferred a file between a computer and other device,NG,15.7
2021,"Proportion of youth and adults with information and communications technology (ICT) skills, by type of skill",Male,Rural,,,,,,Transferred a file between a computer and other device,NG,2.4
2021,"Proportion of youth and adults with information and communications technology (ICT) skills, by type of skill",Male,,15-24,,,,,Transferred a file between a computer and other device,NG,6.5
2021,"Proportion of youth and adults with information and communications technology (ICT) skills, by type of skill",Male,,15-19,,,,,Transferred a file between a computer and other device,NG,3.6
2021,"Proportion of youth and adults with information and communications technology (ICT) skills, by type of skill",Male,,15-17,,,,,Transferred a file between a computer and other device,NG,3.2
2021,"Proportion of youth and adults with information and communications technology (ICT) skills, by type of skill",Male,,18-19,,,,,Transferred a file between a computer and other device,NG,4.3
2021,"Proportion of youth and adults with information and communications technology (ICT) skills, by type of skill",Male,,20-24,,,,,Transferred a file between a computer and other device,NG,10.8
2021,"Proportion of youth and adults with information and communications technology (ICT) skills, by type of skill",Male,,25-29,,,,,Transferred a file between a computer and other device,NG,11.7
2021,"Proportion of youth and adults with information and communications technology (ICT) skills, by type of skill",Male,,30-34,,,,,Transferred a file between a computer and other device,NG,10.8
2021,"Proportion of youth and adults with information and communications technology (ICT) skills, by type of skill",Male,,35-39,,,,,Transferred a file between a computer and other device,NG,9.8
2021,"Proportion of youth and adults with information and communications technology (ICT) skills, by type of skill",Male,,40-44,,,,,Transferred a file between a computer and other device,NG,8.9
2021,"Proportion of youth and adults with information and communications technology (ICT) skills, by type of skill",Male,,45-49,,,,,Transferred a file between a computer and other device,NG,6.7
2021,"Proportion of youth and adults with information and communications technology (ICT) skills, by type of skill",Male,,,Hausa,,,,Transferred a file between a computer and other device,NG,5.1
2021,"Proportion of youth and adults with information and communications technology (ICT) skills, by type of skill",Male,,,Igbo,,,,Transferred a file between a computer and other device,NG,10.3
2021,"Proportion of youth and adults with information and communications technology (ICT) skills, by type of skill",Male,,,Yoruba,,,,Transferred a file between a computer and other device,NG,15.8
2021,"Proportion of youth and adults with information and communications technology (ICT) skills, by type of skill",Male,,,Fulani,,,,Transferred a file between a computer and other device,NG,2.8
2021,"Proportion of youth and adults with information and communications technology (ICT) skills, by type of skill",Male,,,Kanuri,,,,Transferred a file between a computer and other device,NG,7.0
2021,"Proportion of youth and adults with information and communications technology (ICT) skills, by type of skill",Male,,,Ijaw,,,,Transferred a file between a computer and other device,NG,4.7
2021,"Proportion of youth and adults with information and communications technology (ICT) skills, by type of skill",Male,,,Tiv,,,,Transferred a file between a computer and other device,NG,3.1
2021,"Proportion of youth and adults with information and communications technology (ICT) skills, by type of skill",Male,,,Ibibio,,,,Transferred a file between a computer and other device,NG,13.1
2021,"Proportion of youth and adults with information and communications technology (ICT) skills, by type of skill",Male,,,Edo,,,,Transferred a file between a computer and other device,NG,12.3
2021,"Proportion of youth and adults with information and communications technology (ICT) skills, by type of skill",Male,,,Other ethnicity,,,,Transferred a file between a computer and other device,NG,7.4
2021,"Proportion of youth and adults with information and communications technology (ICT) skills, by type of skill",Male,,,,Poorest,,,Transferred a file between a computer and other device,NG,0.5
2021,"Proportion of youth and adults with information and communications technology (ICT) skills, by type of skill",Male,,,,Second,,,Transferred a file between a computer and other device,NG,1.1
2021,"Proportion of youth and adults with information and communications technology (ICT) skills, by type of skill",Male,,,,Middle,,,Transferred a file between a computer and other device,NG,2.9
2021,"Proportion of youth and adults with information and communications technology (ICT) skills, by type of skill",Male,,,,Fourth,,,Transferred a file between a computer and other device,NG,6.7
2021,"Proportion of youth and adults with information and communications technology (ICT) skills, by type of skill",Male,,,,Richest,,,Transferred a file between a computer and other device,NG,26.9
2021,"Proportion of youth and adults with information and communications technology (ICT) skills, by type of skill",Male,,,,,North  Central,,Transferred a file between a computer and other device,NGNCZ06,6.9
2021,"Proportion of youth and adults with information and communications technology (ICT) skills, by type of skill",Male,,,,,North East,,Transferred a file between a computer and other device,NGNEZ05,4.2
2021,"Proportion of youth and adults with information and communications technology (ICT) skills, by type of skill",Male,,,,,North West,,Transferred a file between a computer and other device,NGNWZ04,4.7
2021,"Proportion of youth and adults with information and communications technology (ICT) skills, by type of skill",Male,,,,,South East,,Transferred a file between a computer and other device,NGSEZ03,6.8
2021,"Proportion of youth and adults with information and communications technology (ICT) skills, by type of skill",Male,,,,,South South,,Transferred a file between a computer and other device,NGSSZ02,10.8
2021,"Proportion of youth and adults with information and communications technology (ICT) skills, by type of skill",Male,,,,,South West,,Transferred a file between a computer and other device,NGSWZ01,16.3
2021,"Proportion of youth and adults with information and communications technology (ICT) skills, by type of skill",Male,,,,,,Abia,Transferred a file between a computer and other device,NGAB01,1.9
2021,"Proportion of youth and adults with information and communications technology (ICT) skills, by type of skill",Male,,,,,,Adamawa,Transferred a file between a computer and other device,NGAD02,4.1
2021,"Proportion of youth and adults with information and communications technology (ICT) skills, by type of skill",Male,,,,,,Akwa Ibom,Transferred a file between a computer and other device,NGAK03,6.4
2021,"Proportion of youth and adults with information and communications technology (ICT) skills, by type of skill",Male,,,,,,Anambra,Transferred a file between a computer and other device,NGAN04,6.8
2021,"Proportion of youth and adults with information and communications technology (ICT) skills, by type of skill",Male,,,,,,Bauchi,Transferred a file between a computer and other device,NGBA05,1.7
2021,"Proportion of youth and adults with information and communications technology (ICT) skills, by type of skill",Male,,,,,,Bayelsa,Transferred a file between a computer and other device,NGBY06,12.6
2021,"Proportion of youth and adults with information and communications technology (ICT) skills, by type of skill",Male,,,,,,Benue,Transferred a file between a computer and other device,NGBE07,0.9
2021,"Proportion of youth and adults with information and communications technology (ICT) skills, by type of skill",Male,,,,,,Borno,Transferred a file between a computer and other device,NGBO08,8.0
2021,"Proportion of youth and adults with information and communications technology (ICT) skills, by type of skill",Male,,,,,,Cross River,Transferred a file between a computer and other device,NGXR09,4.7
2021,"Proportion of youth and adults with information and communications technology (ICT) skills, by type of skill",Male,,,,,,Delta,Transferred a file between a computer and other device,NGDE10,12.2
2021,"Proportion of youth and adults with information and communications technology (ICT) skills, by type of skill",Male,,,,,,Ebonyi,Transferred a file between a computer and other device,NGEB11,7.3
2021,"Proportion of youth and adults with information and communications technology (ICT) skills, by type of skill",Male,,,,,,Edo,Transferred a file between a computer and other device,NGED12,7.7
2021,"Proportion of youth and adults with information and communications technology (ICT) skills, by type of skill",Male,,,,,,Ekiti,Transferred a file between a computer and other device,NGEK13,2.7
2021,"Proportion of youth and adults with information and communications technology (ICT) skills, by type of skill",Male,,,,,,Enugu,Transferred a file between a computer and other device,NGEN14,10.2
2021,"Proportion of youth and adults with information and communications technology (ICT) skills, by type of skill",Male,,,,,,Gombe,Transferred a file between a computer and other device,NGGO15,4.3
2021,"Proportion of youth and adults with information and communications technology (ICT) skills, by type of skill",Male,,,,,,Imo,Transferred a file between a computer and other device,NGIM16,7.4
2021,"Proportion of youth and adults with information and communications technology (ICT) skills, by type of skill",Male,,,,,,Jigawa,Transferred a file between a computer and other device,NGJI17,2.7
2021,"Proportion of youth and adults with information and communications technology (ICT) skills, by type of skill",Male,,,,,,Kaduna,Transferred a file between a computer and other device,NGKD18,11.9
2021,"Proportion of youth and adults with information and communications technology (ICT) skills, by type of skill",Male,,,,,,Kano,Transferred a file between a computer and other device,NGKN19,3.4
2021,"Proportion of youth and adults with information and communications technology (ICT) skills, by type of skill",Male,,,,,,Katsina,Transferred a file between a computer and other device,NGKT20,2.4
2021,"Proportion of youth and adults with information and communications technology (ICT) skills, by type of skill",Male,,,,,,Kebbi,Transferred a file between a computer and other device,NGKE21,3.5
2021,"Proportion of youth and adults with information and communications technology (ICT) skills, by type of skill",Male,,,,,,Kogi,Transferred a file between a computer and other device,NGKO22,3.7
2021,"Proportion of youth and adults with information and communications technology (ICT) skills, by type of skill",Male,,,,,,Kwara,Transferred a file between a computer and other device,NGKW23,5.5
2021,"Proportion of youth and adults with information and communications technology (ICT) skills, by type of skill",Male,,,,,,Lagos,Transferred a file between a computer and other device,NGLA24,36.9
2021,"Proportion of youth and adults with information and communications technology (ICT) skills, by type of skill",Male,,,,,,Nasarawa,Transferred a file between a computer and other device,NGNA25,7.0
2021,"Proportion of youth and adults with information and communications technology (ICT) skills, by type of skill",Male,,,,,,Niger,Transferred a file between a computer and other device,NGNI26,2.7
2021,"Proportion of youth and adults with information and communications technology (ICT) skills, by type of skill",Male,,,,,,Ogun,Transferred a file between a computer and other device,NGOG27,6.6
2021,"Proportion of youth and adults with information and communications technology (ICT) skills, by type of skill",Male,,,,,,Ondo,Transferred a file between a computer and other device,NGON28,5.7
2021,"Proportion of youth and adults with information and communications technology (ICT) skills, by type of skill",Male,,,,,,Osun,Transferred a file between a computer and other device,NGOS29,1.0
2021,"Proportion of youth and adults with information and communications technology (ICT) skills, by type of skill",Male,,,,,,Oyo,Transferred a file between a computer and other device,NGOY30,4.4
2021,"Proportion of youth and adults with information and communications technology (ICT) skills, by type of skill",Male,,,,,,Plateau,Transferred a file between a computer and other device,NGPL31,10.6
2021,"Proportion of youth and adults with information and communications technology (ICT) skills, by type of skill",Male,,,,,,Rivers,Transferred a file between a computer and other device,NGRI32,17.1
2021,"Proportion of youth and adults with information and communications technology (ICT) skills, by type of skill",Male,,,,,,Sokoto,Transferred a file between a computer and other device,NGSO33,3.6
2021,"Proportion of youth and adults with information and communications technology (ICT) skills, by type of skill",Male,,,,,,Taraba,Transferred a file between a computer and other device,NGTA34,2.3
2021,"Proportion of youth and adults with information and communications technology (ICT) skills, by type of skill",Male,,,,,,Yobe,Transferred a file between a computer and other device,NGYO35,6.0
2021,"Proportion of youth and adults with information and communications technology (ICT) skills, by type of skill",Male,,,,,,Zamfara,Transferred a file between a computer and other device,NGZA36,3.2
2021,"Proportion of youth and adults with information and communications technology (ICT) skills, by type of skill",Male,,,,,,Federal Capital Territory,Transferred a file between a computer and other device,NGFC37,24.9
2021,"Proportion of youth and adults with information and communications technology (ICT) skills, by type of skill",Male,,,,,,,Wrote a computer program in any programming language,NG,1.5
2021,"Proportion of youth and adults with information and communications technology (ICT) skills, by type of skill",Male,Urban,,,,,,Wrote a computer program in any programming language,NG,2.8
2021,"Proportion of youth and adults with information and communications technology (ICT) skills, by type of skill",Male,Rural,,,,,,Wrote a computer program in any programming language,NG,0.4
2021,"Proportion of youth and adults with information and communications technology (ICT) skills, by type of skill",Male,,15-24,,,,,Wrote a computer program in any programming language,NG,0.9
2021,"Proportion of youth and adults with information and communications technology (ICT) skills, by type of skill",Male,,15-19,,,,,Wrote a computer program in any programming language,NG,0.5
2021,"Proportion of youth and adults with information and communications technology (ICT) skills, by type of skill",Male,,15-17,,,,,Wrote a computer program in any programming language,NG,0.3
2021,"Proportion of youth and adults with information and communications technology (ICT) skills, by type of skill",Male,,18-19,,,,,Wrote a computer program in any programming language,NG,0.9
2021,"Proportion of youth and adults with information and communications technology (ICT) skills, by type of skill",Male,,20-24,,,,,Wrote a computer program in any programming language,NG,1.4
2021,"Proportion of youth and adults with information and communications technology (ICT) skills, by type of skill",Male,,25-29,,,,,Wrote a computer program in any programming language,NG,3.5
2021,"Proportion of youth and adults with information and communications technology (ICT) skills, by type of skill",Male,,30-34,,,,,Wrote a computer program in any programming language,NG,1.0
2021,"Proportion of youth and adults with information and communications technology (ICT) skills, by type of skill",Male,,35-39,,,,,Wrote a computer program in any programming language,NG,1.8
2021,"Proportion of youth and adults with information and communications technology (ICT) skills, by type of skill",Male,,40-44,,,,,Wrote a computer program in any programming language,NG,1.9
2021,"Proportion of youth and adults with information and communications technology (ICT) skills, by type of skill",Male,,45-49,,,,,Wrote a computer program in any programming language,NG,1.3
2021,"Proportion of youth and adults with information and communications technology (ICT) skills, by type of skill",Male,,,Hausa,,,,Wrote a computer program in any programming language,NG,1.2
2021,"Proportion of youth and adults with information and communications technology (ICT) skills, by type of skill",Male,,,Igbo,,,,Wrote a computer program in any programming language,NG,0.8
2021,"Proportion of youth and adults with information and communications technology (ICT) skills, by type of skill",Male,,,Yoruba,,,,Wrote a computer program in any programming language,NG,3.2
2021,"Proportion of youth and adults with information and communications technology (ICT) skills, by type of skill",Male,,,Fulani,,,,Wrote a computer program in any programming language,NG,0.9
2021,"Proportion of youth and adults with information and communications technology (ICT) skills, by type of skill",Male,,,Kanuri,,,,Wrote a computer program in any programming language,NG,2.3
2021,"Proportion of youth and adults with information and communications technology (ICT) skills, by type of skill",Male,,,Ijaw,,,,Wrote a computer program in any programming language,NG,0.1
2021,"Proportion of youth and adults with information and communications technology (ICT) skills, by type of skill",Male,,,Tiv,,,,Wrote a computer program in any programming language,NG,0.0
2021,"Proportion of youth and adults with information and communications technology (ICT) skills, by type of skill",Male,,,Ibibio,,,,Wrote a computer program in any programming language,NG,2.2
2021,"Proportion of youth and adults with information and communications technology (ICT) skills, by type of skill",Male,,,Edo,,,,Wrote a computer program in any programming language,NG,0.7
2021,"Proportion of youth and adults with information and communications technology (ICT) skills, by type of skill",Male,,,Other ethnicity,,,,Wrote a computer program in any programming language,NG,1.4
2021,"Proportion of youth and adults with information and communications technology (ICT) skills, by type of skill",Male,,,,Poorest,,,Wrote a computer program in any programming language,NG,0.1
2021,"Proportion of youth and adults with information and communications technology (ICT) skills, by type of skill",Male,,,,Second,,,Wrote a computer program in any programming language,NG,0.1
2021,"Proportion of youth and adults with information and communications technology (ICT) skills, by type of skill",Male,,,,Middle,,,Wrote a computer program in any programming language,NG,0.5
2021,"Proportion of youth and adults with information and communications technology (ICT) skills, by type of skill",Male,,,,Fourth,,,Wrote a computer program in any programming language,NG,1.2
2021,"Proportion of youth and adults with information and communications technology (ICT) skills, by type of skill",Male,,,,Richest,,,Wrote a computer program in any programming language,NG,5.0
2021,"Proportion of youth and adults with information and communications technology (ICT) skills, by type of skill",Male,,,,,North  Central,,Wrote a computer program in any programming language,NGNCZ06,1.5
2021,"Proportion of youth and adults with information and communications technology (ICT) skills, by type of skill",Male,,,,,North East,,Wrote a computer program in any programming language,NGNEZ05,1.5
2021,"Proportion of youth and adults with information and communications technology (ICT) skills, by type of skill",Male,,,,,North West,,Wrote a computer program in any programming language,NGNWZ04,1.5
2021,"Proportion of youth and adults with information and communications technology (ICT) skills, by type of skill",Male,,,,,South East,,Wrote a computer program in any programming language,NGSEZ03,0.3
2021,"Proportion of youth and adults with information and communications technology (ICT) skills, by type of skill",Male,,,,,South South,,Wrote a computer program in any programming language,NGSSZ02,1.8
2021,"Proportion of youth and adults with information and communications technology (ICT) skills, by type of skill",Male,,,,,South West,,Wrote a computer program in any programming language,NGSWZ01,2.0
2021,"Proportion of youth and adults with information and communications technology (ICT) skills, by type of skill",Male,,,,,,Abia,Wrote a computer program in any programming language,NGAB01,1.4
2021,"Proportion of youth and adults with information and communications technology (ICT) skills, by type of skill",Male,,,,,,Adamawa,Wrote a computer program in any programming language,NGAD02,2.8
2021,"Proportion of youth and adults with information and communications technology (ICT) skills, by type of skill",Male,,,,,,Akwa Ibom,Wrote a computer program in any programming language,NGAK03,1.7
2021,"Proportion of youth and adults with information and communications technology (ICT) skills, by type of skill",Male,,,,,,Anambra,Wrote a computer program in any programming language,NGAN04,0.0
2021,"Proportion of youth and adults with information and communications technology (ICT) skills, by type of skill",Male,,,,,,Bauchi,Wrote a computer program in any programming language,NGBA05,0.2
2021,"Proportion of youth and adults with information and communications technology (ICT) skills, by type of skill",Male,,,,,,Bayelsa,Wrote a computer program in any programming language,NGBY06,3.8
2021,"Proportion of youth and adults with information and communications technology (ICT) skills, by type of skill",Male,,,,,,Benue,Wrote a computer program in any programming language,NGBE07,0.0
2021,"Proportion of youth and adults with information and communications technology (ICT) skills, by type of skill",Male,,,,,,Borno,Wrote a computer program in any programming language,NGBO08,3.3
2021,"Proportion of youth and adults with information and communications technology (ICT) skills, by type of skill",Male,,,,,,Cross River,Wrote a computer program in any programming language,NGXR09,0.7
2021,"Proportion of youth and adults with information and communications technology (ICT) skills, by type of skill",Male,,,,,,Delta,Wrote a computer program in any programming language,NGDE10,1.9
2021,"Proportion of youth and adults with information and communications technology (ICT) skills, by type of skill",Male,,,,,,Ebonyi,Wrote a computer program in any programming language,NGEB11,0.0
2021,"Proportion of youth and adults with information and communications technology (ICT) skills, by type of skill",Male,,,,,,Edo,Wrote a computer program in any programming language,NGED12,0.8
2021,"Proportion of youth and adults with information and communications technology (ICT) skills, by type of skill",Male,,,,,,Ekiti,Wrote a computer program in any programming language,NGEK13,0.9
2021,"Proportion of youth and adults with information and communications technology (ICT) skills, by type of skill",Male,,,,,,Enugu,Wrote a computer program in any programming language,NGEN14,0.0
2021,"Proportion of youth and adults with information and communications technology (ICT) skills, by type of skill",Male,,,,,,Gombe,Wrote a computer program in any programming language,NGGO15,0.6
2021,"Proportion of youth and adults with information and communications technology (ICT) skills, by type of skill",Male,,,,,,Imo,Wrote a computer program in any programming language,NGIM16,0.0
2021,"Proportion of youth and adults with information and communications technology (ICT) skills, by type of skill",Male,,,,,,Jigawa,Wrote a computer program in any programming language,NGJI17,0.1
2021,"Proportion of youth and adults with information and communications technology (ICT) skills, by type of skill",Male,,,,,,Kaduna,Wrote a computer program in any programming language,NGKD18,2.6
2021,"Proportion of youth and adults with information and communications technology (ICT) skills, by type of skill",Male,,,,,,Kano,Wrote a computer program in any programming language,NGKN19,0.7
2021,"Proportion of youth and adults with information and communications technology (ICT) skills, by type of skill",Male,,,,,,Katsina,Wrote a computer program in any programming language,NGKT20,0.7
2021,"Proportion of youth and adults with information and communications technology (ICT) skills, by type of skill",Male,,,,,,Kebbi,Wrote a computer program in any programming language,NGKE21,3.2
2021,"Proportion of youth and adults with information and communications technology (ICT) skills, by type of skill",Male,,,,,,Kogi,Wrote a computer program in any programming language,NGKO22,1.2
2021,"Proportion of youth and adults with information and communications technology (ICT) skills, by type of skill",Male,,,,,,Kwara,Wrote a computer program in any programming language,NGKW23,2.8
2021,"Proportion of youth and adults with information and communications technology (ICT) skills, by type of skill",Male,,,,,,Lagos,Wrote a computer program in any programming language,NGLA24,4.3
2021,"Proportion of youth and adults with information and communications technology (ICT) skills, by type of skill",Male,,,,,,Nasarawa,Wrote a computer program in any programming language,NGNA25,0.0
2021,"Proportion of youth and adults with information and communications technology (ICT) skills, by type of skill",Male,,,,,,Niger,Wrote a computer program in any programming language,NGNI26,1.7
2021,"Proportion of youth and adults with information and communications technology (ICT) skills, by type of skill",Male,,,,,,Ogun,Wrote a computer program in any programming language,NGOG27,0.2
2021,"Proportion of youth and adults with information and communications technology (ICT) skills, by type of skill",Male,,,,,,Ondo,Wrote a computer program in any programming language,NGON28,0.7
2021,"Proportion of youth and adults with information and communications technology (ICT) skills, by type of skill",Male,,,,,,Osun,Wrote a computer program in any programming language,NGOS29,0.0
2021,"Proportion of youth and adults with information and communications technology (ICT) skills, by type of skill",Male,,,,,,Oyo,Wrote a computer program in any programming language,NGOY30,1.2
2021,"Proportion of youth and adults with information and communications technology (ICT) skills, by type of skill",Male,,,,,,Plateau,Wrote a computer program in any programming language,NGPL31,0.5
2021,"Proportion of youth and adults with information and communications technology (ICT) skills, by type of skill",Male,,,,,,Rivers,Wrote a computer program in any programming language,NGRI32,2.4
2021,"Proportion of youth and adults with information and communications technology (ICT) skills, by type of skill",Male,,,,,,Sokoto,Wrote a computer program in any programming language,NGSO33,3.2
2021,"Proportion of youth and adults with information and communications technology (ICT) skills, by type of skill",Male,,,,,,Taraba,Wrote a computer program in any programming language,NGTA34,0.0
2021,"Proportion of youth and adults with information and communications technology (ICT) skills, by type of skill",Male,,,,,,Yobe,Wrote a computer program in any programming language,NGYO35,1.7
2021,"Proportion of youth and adults with information and communications technology (ICT) skills, by type of skill",Male,,,,,,Zamfara,Wrote a computer program in any programming language,NGZA36,0.7
2021,"Proportion of youth and adults with information and communications technology (ICT) skills, by type of skill",Male,,,,,,Federal Capital Territory,Wrote a computer program in any programming language,NGFC37,5.3
2021,"Proportion of youth and adults with information and communications technology (ICT) skills, by type of skill",Male,,,,,,,Performed at least one of the nine listed computer related activities [1] [2],NG,11.4
2021,"Proportion of youth and adults with information and communications technology (ICT) skills, by type of skill",Male,Urban,,,,,,Performed at least one of the nine listed computer related activities [1] [2],NG,20.2
2021,"Proportion of youth and adults with information and communications technology (ICT) skills, by type of skill",Male,Rural,,,,,,Performed at least one of the nine listed computer related activities [1] [2],NG,4.2
2021,"Proportion of youth and adults with information and communications technology (ICT) skills, by type of skill",Male,,15-24,,,,,Performed at least one of the nine listed computer related activities [1] [2],NG,9.0
2021,"Proportion of youth and adults with information and communications technology (ICT) skills, by type of skill",Male,,15-19,,,,,Performed at least one of the nine listed computer related activities [1] [2],NG,5.6
2021,"Proportion of youth and adults with information and communications technology (ICT) skills, by type of skill",Male,,15-17,,,,,Performed at least one of the nine listed computer related activities [1] [2],NG,4.8
2021,"Proportion of youth and adults with information and communications technology (ICT) skills, by type of skill",Male,,18-19,,,,,Performed at least one of the nine listed computer related activities [1] [2],NG,6.9
2021,"Proportion of youth and adults with information and communications technology (ICT) skills, by type of skill",Male,,20-24,,,,,Performed at least one of the nine listed computer related activities [1] [2],NG,14.2
2021,"Proportion of youth and adults with information and communications technology (ICT) skills, by type of skill",Male,,25-29,,,,,Performed at least one of the nine listed computer related activities [1] [2],NG,16.7
2021,"Proportion of youth and adults with information and communications technology (ICT) skills, by type of skill",Male,,30-34,,,,,Performed at least one of the nine listed computer related activities [1] [2],NG,13.7
2021,"Proportion of youth and adults with information and communications technology (ICT) skills, by type of skill",Male,,35-39,,,,,Performed at least one of the nine listed computer related activities [1] [2],NG,13.1
2021,"Proportion of youth and adults with information and communications technology (ICT) skills, by type of skill",Male,,40-44,,,,,Performed at least one of the nine listed computer related activities [1] [2],NG,12.2
2021,"Proportion of youth and adults with information and communications technology (ICT) skills, by type of skill",Male,,45-49,,,,,Performed at least one of the nine listed computer related activities [1] [2],NG,8.7
2021,"Proportion of youth and adults with information and communications technology (ICT) skills, by type of skill",Male,,,Hausa,,,,Performed at least one of the nine listed computer related activities [1] [2],NG,6.9
2021,"Proportion of youth and adults with information and communications technology (ICT) skills, by type of skill",Male,,,Igbo,,,,Performed at least one of the nine listed computer related activities [1] [2],NG,14.0
2021,"Proportion of youth and adults with information and communications technology (ICT) skills, by type of skill",Male,,,Yoruba,,,,Performed at least one of the nine listed computer related activities [1] [2],NG,19.2
2021,"Proportion of youth and adults with information and communications technology (ICT) skills, by type of skill",Male,,,Fulani,,,,Performed at least one of the nine listed computer related activities [1] [2],NG,3.9
2021,"Proportion of youth and adults with information and communications technology (ICT) skills, by type of skill",Male,,,Kanuri,,,,Performed at least one of the nine listed computer related activities [1] [2],NG,9.1
2021,"Proportion of youth and adults with information and communications technology (ICT) skills, by type of skill",Male,,,Ijaw,,,,Performed at least one of the nine listed computer related activities [1] [2],NG,9.3
2021,"Proportion of youth and adults with information and communications technology (ICT) skills, by type of skill",Male,,,Tiv,,,,Performed at least one of the nine listed computer related activities [1] [2],NG,5.7
2021,"Proportion of youth and adults with information and communications technology (ICT) skills, by type of skill",Male,,,Ibibio,,,,Performed at least one of the nine listed computer related activities [1] [2],NG,18.7
2021,"Proportion of youth and adults with information and communications technology (ICT) skills, by type of skill",Male,,,Edo,,,,Performed at least one of the nine listed computer related activities [1] [2],NG,25.3
2021,"Proportion of youth and adults with information and communications technology (ICT) skills, by type of skill",Male,,,Other ethnicity,,,,Performed at least one of the nine listed computer related activities [1] [2],NG,10.6
2021,"Proportion of youth and adults with information and communications technology (ICT) skills, by type of skill",Male,,,,Poorest,,,Performed at least one of the nine listed computer related activities [1] [2],NG,0.8
2021,"Proportion of youth and adults with information and communications technology (ICT) skills, by type of skill",Male,,,,Second,,,Performed at least one of the nine listed computer related activities [1] [2],NG,2.0
2021,"Proportion of youth and adults with information and communications technology (ICT) skills, by type of skill",Male,,,,Middle,,,Performed at least one of the nine listed computer related activities [1] [2],NG,4.9
2021,"Proportion of youth and adults with information and communications technology (ICT) skills, by type of skill",Male,,,,Fourth,,,Performed at least one of the nine listed computer related activities [1] [2],NG,10.5
2021,"Proportion of youth and adults with information and communications technology (ICT) skills, by type of skill",Male,,,,Richest,,,Performed at least one of the nine listed computer related activities [1] [2],NG,33.8
2021,"Proportion of youth and adults with information and communications technology (ICT) skills, by type of skill",Male,,,,,North  Central,,Performed at least one of the nine listed computer related activities [1] [2],NGNCZ06,10.6
2021,"Proportion of youth and adults with information and communications technology (ICT) skills, by type of skill",Male,,,,,North East,,Performed at least one of the nine listed computer related activities [1] [2],NGNEZ05,6.5
2021,"Proportion of youth and adults with information and communications technology (ICT) skills, by type of skill",Male,,,,,North West,,Performed at least one of the nine listed computer related activities [1] [2],NGNWZ04,6.3
2021,"Proportion of youth and adults with information and communications technology (ICT) skills, by type of skill",Male,,,,,South East,,Performed at least one of the nine listed computer related activities [1] [2],NGSEZ03,9.5
2021,"Proportion of youth and adults with information and communications technology (ICT) skills, by type of skill",Male,,,,,South South,,Performed at least one of the nine listed computer related activities [1] [2],NGSSZ02,16.5
2021,"Proportion of youth and adults with information and communications technology (ICT) skills, by type of skill",Male,,,,,South West,,Performed at least one of the nine listed computer related activities [1] [2],NGSWZ01,19.3
2021,"Proportion of youth and adults with information and communications technology (ICT) skills, by type of skill",Male,,,,,,Abia,Performed at least one of the nine listed computer related activities [1] [2],NGAB01,3.2
2021,"Proportion of youth and adults with information and communications technology (ICT) skills, by type of skill",Male,,,,,,Adamawa,Performed at least one of the nine listed computer related activities [1] [2],NGAD02,5.7
2021,"Proportion of youth and adults with information and communications technology (ICT) skills, by type of skill",Male,,,,,,Akwa Ibom,Performed at least one of the nine listed computer related activities [1] [2],NGAK03,9.8
2021,"Proportion of youth and adults with information and communications technology (ICT) skills, by type of skill",Male,,,,,,Anambra,Performed at least one of the nine listed computer related activities [1] [2],NGAN04,8.8
2021,"Proportion of youth and adults with information and communications technology (ICT) skills, by type of skill",Male,,,,,,Bauchi,Performed at least one of the nine listed computer related activities [1] [2],NGBA05,1.7
2021,"Proportion of youth and adults with information and communications technology (ICT) skills, by type of skill",Male,,,,,,Bayelsa,Performed at least one of the nine listed computer related activities [1] [2],NGBY06,13.8
2021,"Proportion of youth and adults with information and communications technology (ICT) skills, by type of skill",Male,,,,,,Benue,Performed at least one of the nine listed computer related activities [1] [2],NGBE07,2.8
2021,"Proportion of youth and adults with information and communications technology (ICT) skills, by type of skill",Male,,,,,,Borno,Performed at least one of the nine listed computer related activities [1] [2],NGBO08,10.5
2021,"Proportion of youth and adults with information and communications technology (ICT) skills, by type of skill",Male,,,,,,Cross River,Performed at least one of the nine listed computer related activities [1] [2],NGXR09,6.9
2021,"Proportion of youth and adults with information and communications technology (ICT) skills, by type of skill",Male,,,,,,Delta,Performed at least one of the nine listed computer related activities [1] [2],NGDE10,27.7
2021,"Proportion of youth and adults with information and communications technology (ICT) skills, by type of skill",Male,,,,,,Ebonyi,Performed at least one of the nine listed computer related activities [1] [2],NGEB11,7.7
2021,"Proportion of youth and adults with information and communications technology (ICT) skills, by type of skill",Male,,,,,,Edo,Performed at least one of the nine listed computer related activities [1] [2],NGED12,19.8
2021,"Proportion of youth and adults with information and communications technology (ICT) skills, by type of skill",Male,,,,,,Ekiti,Performed at least one of the nine listed computer related activities [1] [2],NGEK13,5.1
2021,"Proportion of youth and adults with information and communications technology (ICT) skills, by type of skill",Male,,,,,,Enugu,Performed at least one of the nine listed computer related activities [1] [2],NGEN14,16.6
2021,"Proportion of youth and adults with information and communications technology (ICT) skills, by type of skill",Male,,,,,,Gombe,Performed at least one of the nine listed computer related activities [1] [2],NGGO15,9.5
2021,"Proportion of youth and adults with information and communications technology (ICT) skills, by type of skill",Male,,,,,,Imo,Performed at least one of the nine listed computer related activities [1] [2],NGIM16,10.1
2021,"Proportion of youth and adults with information and communications technology (ICT) skills, by type of skill",Male,,,,,,Jigawa,Performed at least one of the nine listed computer related activities [1] [2],NGJI17,2.8
2021,"Proportion of youth and adults with information and communications technology (ICT) skills, by type of skill",Male,,,,,,Kaduna,Performed at least one of the nine listed computer related activities [1] [2],NGKD18,14.3
2021,"Proportion of youth and adults with information and communications technology (ICT) skills, by type of skill",Male,,,,,,Kano,Performed at least one of the nine listed computer related activities [1] [2],NGKN19,7.2
2021,"Proportion of youth and adults with information and communications technology (ICT) skills, by type of skill",Male,,,,,,Katsina,Performed at least one of the nine listed computer related activities [1] [2],NGKT20,2.6
2021,"Proportion of youth and adults with information and communications technology (ICT) skills, by type of skill",Male,,,,,,Kebbi,Performed at least one of the nine listed computer related activities [1] [2],NGKE21,5.0
2021,"Proportion of youth and adults with information and communications technology (ICT) skills, by type of skill",Male,,,,,,Kogi,Performed at least one of the nine listed computer related activities [1] [2],NGKO22,4.3
2021,"Proportion of youth and adults with information and communications technology (ICT) skills, by type of skill",Male,,,,,,Kwara,Performed at least one of the nine listed computer related activities [1] [2],NGKW23,9.3
2021,"Proportion of youth and adults with information and communications technology (ICT) skills, by type of skill",Male,,,,,,Lagos,Performed at least one of the nine listed computer related activities [1] [2],NGLA24,40.2
2021,"Proportion of youth and adults with information and communications technology (ICT) skills, by type of skill",Male,,,,,,Nasarawa,Performed at least one of the nine listed computer related activities [1] [2],NGNA25,20.6
2021,"Proportion of youth and adults with information and communications technology (ICT) skills, by type of skill",Male,,,,,,Niger,Performed at least one of the nine listed computer related activities [1] [2],NGNI26,6.8
2021,"Proportion of youth and adults with information and communications technology (ICT) skills, by type of skill",Male,,,,,,Ogun,Performed at least one of the nine listed computer related activities [1] [2],NGOG27,11.1
2021,"Proportion of youth and adults with information and communications technology (ICT) skills, by type of skill",Male,,,,,,Ondo,Performed at least one of the nine listed computer related activities [1] [2],NGON28,7.5
2021,"Proportion of youth and adults with information and communications technology (ICT) skills, by type of skill",Male,,,,,,Osun,Performed at least one of the nine listed computer related activities [1] [2],NGOS29,4.7
2021,"Proportion of youth and adults with information and communications technology (ICT) skills, by type of skill",Male,,,,,,Oyo,Performed at least one of the nine listed computer related activities [1] [2],NGOY30,6.3
2021,"Proportion of youth and adults with information and communications technology (ICT) skills, by type of skill",Male,,,,,,Plateau,Performed at least one of the nine listed computer related activities [1] [2],NGPL31,11.3
2021,"Proportion of youth and adults with information and communications technology (ICT) skills, by type of skill",Male,,,,,,Rivers,Performed at least one of the nine listed computer related activities [1] [2],NGRI32,18.4
2021,"Proportion of youth and adults with information and communications technology (ICT) skills, by type of skill",Male,,,,,,Sokoto,Performed at least one of the nine listed computer related activities [1] [2],NGSO33,3.8
2021,"Proportion of youth and adults with information and communications technology (ICT) skills, by type of skill",Male,,,,,,Taraba,Performed at least one of the nine listed computer related activities [1] [2],NGTA34,5.3
2021,"Proportion of youth and adults with information and communications technology (ICT) skills, by type of skill",Male,,,,,,Yobe,Performed at least one of the nine listed computer related activities [1] [2],NGYO35,9.6
2021,"Proportion of youth and adults with information and communications technology (ICT) skills, by type of skill",Male,,,,,,Zamfara,Performed at least one of the nine listed computer related activities [1] [2],NGZA36,3.6
2021,"Proportion of youth and adults with information and communications technology (ICT) skills, by type of skill",Male,,,,,,Federal Capital Territory,Performed at least one of the nine listed computer related activities [1] [2],NGFC37,30.5
2021,"Proportion of youth and adults with information and communications technology (ICT) skills, by type of skill",Female,,,,,,,Copied or moved a file or folder,NG,4.6
2021,"Proportion of youth and adults with information and communications technology (ICT) skills, by type of skill",Female,Urban,,,,,,Copied or moved a file or folder,NG,8.9
2021,"Proportion of youth and adults with information and communications technology (ICT) skills, by type of skill",Female,Rural,,,,,,Copied or moved a file or folder,NG,0.9
2021,"Proportion of youth and adults with information and communications technology (ICT) skills, by type of skill",Female,,15-24,,,,,Copied or moved a file or folder,NG,4.7
2021,"Proportion of youth and adults with information and communications technology (ICT) skills, by type of skill",Female,,15-19,,,,,Copied or moved a file or folder,NG,3.2
2021,"Proportion of youth and adults with information and communications technology (ICT) skills, by type of skill",Female,,15-17,,,,,Copied or moved a file or folder,NG,2.3
2021,"Proportion of youth and adults with information and communications technology (ICT) skills, by type of skill",Female,,18-19,,,,,Copied or moved a file or folder,NG,4.8
2021,"Proportion of youth and adults with information and communications technology (ICT) skills, by type of skill",Female,,20-24,,,,,Copied or moved a file or folder,NG,6.7
2021,"Proportion of youth and adults with information and communications technology (ICT) skills, by type of skill",Female,,25-29,,,,,Copied or moved a file or folder,NG,5.5
2021,"Proportion of youth and adults with information and communications technology (ICT) skills, by type of skill",Female,,30-34,,,,,Copied or moved a file or folder,NG,5.2
2021,"Proportion of youth and adults with information and communications technology (ICT) skills, by type of skill",Female,,35-39,,,,,Copied or moved a file or folder,NG,5.2
2021,"Proportion of youth and adults with information and communications technology (ICT) skills, by type of skill",Female,,40-44,,,,,Copied or moved a file or folder,NG,3.4
2021,"Proportion of youth and adults with information and communications technology (ICT) skills, by type of skill",Female,,45-49,,,,,Copied or moved a file or folder,NG,2.2
2021,"Proportion of youth and adults with information and communications technology (ICT) skills, by type of skill",Female,,,Hausa,,,,Copied or moved a file or folder,NG,0.9
2021,"Proportion of youth and adults with information and communications technology (ICT) skills, by type of skill",Female,,,Igbo,,,,Copied or moved a file or folder,NG,9.0
2021,"Proportion of youth and adults with information and communications technology (ICT) skills, by type of skill",Female,,,Yoruba,,,,Copied or moved a file or folder,NG,7.6
2021,"Proportion of youth and adults with information and communications technology (ICT) skills, by type of skill",Female,,,Fulani,,,,Copied or moved a file or folder,NG,0.5
2021,"Proportion of youth and adults with information and communications technology (ICT) skills, by type of skill",Female,,,Kanuri,,,,Copied or moved a file or folder,NG,1.3
2021,"Proportion of youth and adults with information and communications technology (ICT) skills, by type of skill",Female,,,Ijaw,,,,Copied or moved a file or folder,NG,6.1
2021,"Proportion of youth and adults with information and communications technology (ICT) skills, by type of skill",Female,,,Tiv,,,,Copied or moved a file or folder,NG,3.3
2021,"Proportion of youth and adults with information and communications technology (ICT) skills, by type of skill",Female,,,Ibibio,,,,Copied or moved a file or folder,NG,9.2
2021,"Proportion of youth and adults with information and communications technology (ICT) skills, by type of skill",Female,,,Edo,,,,Copied or moved a file or folder,NG,13.0
2021,"Proportion of youth and adults with information and communications technology (ICT) skills, by type of skill",Female,,,Other ethnicity,,,,Copied or moved a file or folder,NG,4.0
2021,"Proportion of youth and adults with information and communications technology (ICT) skills, by type of skill",Female,,,,Poorest,,,Copied or moved a file or folder,NG,0.1
2021,"Proportion of youth and adults with information and communications technology (ICT) skills, by type of skill",Female,,,,Second,,,Copied or moved a file or folder,NG,0.2
2021,"Proportion of youth and adults with information and communications technology (ICT) skills, by type of skill",Female,,,,Middle,,,Copied or moved a file or folder,NG,1.0
2021,"Proportion of youth and adults with information and communications technology (ICT) skills, by type of skill",Female,,,,Fourth,,,Copied or moved a file or folder,NG,3.2
2021,"Proportion of youth and adults with information and communications technology (ICT) skills, by type of skill",Female,,,,Richest,,,Copied or moved a file or folder,NG,16.1
2021,"Proportion of youth and adults with information and communications technology (ICT) skills, by type of skill",Female,,,,,North  Central,,Copied or moved a file or folder,NGNCZ06,3.9
2021,"Proportion of youth and adults with information and communications technology (ICT) skills, by type of skill",Female,,,,,North East,,Copied or moved a file or folder,NGNEZ05,1.0
2021,"Proportion of youth and adults with information and communications technology (ICT) skills, by type of skill",Female,,,,,North West,,Copied or moved a file or folder,NGNWZ04,0.9
2021,"Proportion of youth and adults with information and communications technology (ICT) skills, by type of skill",Female,,,,,South East,,Copied or moved a file or folder,NGSEZ03,8.0
2021,"Proportion of youth and adults with information and communications technology (ICT) skills, by type of skill",Female,,,,,South South,,Copied or moved a file or folder,NGSSZ02,7.2
2021,"Proportion of youth and adults with information and communications technology (ICT) skills, by type of skill",Female,,,,,South West,,Copied or moved a file or folder,NGSWZ01,8.2
2021,"Proportion of youth and adults with information and communications technology (ICT) skills, by type of skill",Female,,,,,,Abia,Copied or moved a file or folder,NGAB01,3.1
2021,"Proportion of youth and adults with information and communications technology (ICT) skills, by type of skill",Female,,,,,,Adamawa,Copied or moved a file or folder,NGAD02,1.2
2021,"Proportion of youth and adults with information and communications technology (ICT) skills, by type of skill",Female,,,,,,Akwa Ibom,Copied or moved a file or folder,NGAK03,5.6
2021,"Proportion of youth and adults with information and communications technology (ICT) skills, by type of skill",Female,,,,,,Anambra,Copied or moved a file or folder,NGAN04,2.2
2021,"Proportion of youth and adults with information and communications technology (ICT) skills, by type of skill",Female,,,,,,Bauchi,Copied or moved a file or folder,NGBA05,0.3
2021,"Proportion of youth and adults with information and communications technology (ICT) skills, by type of skill",Female,,,,,,Bayelsa,Copied or moved a file or folder,NGBY06,4.0
2021,"Proportion of youth and adults with information and communications technology (ICT) skills, by type of skill",Female,,,,,,Benue,Copied or moved a file or folder,NGBE07,3.7
2021,"Proportion of youth and adults with information and communications technology (ICT) skills, by type of skill",Female,,,,,,Borno,Copied or moved a file or folder,NGBO08,1.1
2021,"Proportion of youth and adults with information and communications technology (ICT) skills, by type of skill",Female,,,,,,Cross River,Copied or moved a file or folder,NGXR09,5.1
2021,"Proportion of youth and adults with information and communications technology (ICT) skills, by type of skill",Female,,,,,,Delta,Copied or moved a file or folder,NGDE10,2.1
2021,"Proportion of youth and adults with information and communications technology (ICT) skills, by type of skill",Female,,,,,,Ebonyi,Copied or moved a file or folder,NGEB11,15.2
2021,"Proportion of youth and adults with information and communications technology (ICT) skills, by type of skill",Female,,,,,,Edo,Copied or moved a file or folder,NGED12,10.4
2021,"Proportion of youth and adults with information and communications technology (ICT) skills, by type of skill",Female,,,,,,Ekiti,Copied or moved a file or folder,NGEK13,3.2
2021,"Proportion of youth and adults with information and communications technology (ICT) skills, by type of skill",Female,,,,,,Enugu,Copied or moved a file or folder,NGEN14,11.6
2021,"Proportion of youth and adults with information and communications technology (ICT) skills, by type of skill",Female,,,,,,Gombe,Copied or moved a file or folder,NGGO15,2.3
2021,"Proportion of youth and adults with information and communications technology (ICT) skills, by type of skill",Female,,,,,,Imo,Copied or moved a file or folder,NGIM16,10.7
2021,"Proportion of youth and adults with information and communications technology (ICT) skills, by type of skill",Female,,,,,,Jigawa,Copied or moved a file or folder,NGJI17,0.1
2021,"Proportion of youth and adults with information and communications technology (ICT) skills, by type of skill",Female,,,,,,Kaduna,Copied or moved a file or folder,NGKD18,2.9
2021,"Proportion of youth and adults with information and communications technology (ICT) skills, by type of skill",Female,,,,,,Kano,Copied or moved a file or folder,NGKN19,0.7
2021,"Proportion of youth and adults with information and communications technology (ICT) skills, by type of skill",Female,,,,,,Katsina,Copied or moved a file or folder,NGKT20,0.7
2021,"Proportion of youth and adults with information and communications technology (ICT) skills, by type of skill",Female,,,,,,Kebbi,Copied or moved a file or folder,NGKE21,0.4
2021,"Proportion of youth and adults with information and communications technology (ICT) skills, by type of skill",Female,,,,,,Kogi,Copied or moved a file or folder,NGKO22,3.2
2021,"Proportion of youth and adults with information and communications technology (ICT) skills, by type of skill",Female,,,,,,Kwara,Copied or moved a file or folder,NGKW23,3.9
2021,"Proportion of youth and adults with information and communications technology (ICT) skills, by type of skill",Female,,,,,,Lagos,Copied or moved a file or folder,NGLA24,18.1
2021,"Proportion of youth and adults with information and communications technology (ICT) skills, by type of skill",Female,,,,,,Nasarawa,Copied or moved a file or folder,NGNA25,1.7
2021,"Proportion of youth and adults with information and communications technology (ICT) skills, by type of skill",Female,,,,,,Niger,Copied or moved a file or folder,NGNI26,3.1
2021,"Proportion of youth and adults with information and communications technology (ICT) skills, by type of skill",Female,,,,,,Ogun,Copied or moved a file or folder,NGOG27,2.8
2021,"Proportion of youth and adults with information and communications technology (ICT) skills, by type of skill",Female,,,,,,Ondo,Copied or moved a file or folder,NGON28,2.1
2021,"Proportion of youth and adults with information and communications technology (ICT) skills, by type of skill",Female,,,,,,Osun,Copied or moved a file or folder,NGOS29,2.3
2021,"Proportion of youth and adults with information and communications technology (ICT) skills, by type of skill",Female,,,,,,Oyo,Copied or moved a file or folder,NGOY30,3.1
2021,"Proportion of youth and adults with information and communications technology (ICT) skills, by type of skill",Female,,,,,,Plateau,Copied or moved a file or folder,NGPL31,1.5
2021,"Proportion of youth and adults with information and communications technology (ICT) skills, by type of skill",Female,,,,,,Rivers,Copied or moved a file or folder,NGRI32,11.7
2021,"Proportion of youth and adults with information and communications technology (ICT) skills, by type of skill",Female,,,,,,Sokoto,Copied or moved a file or folder,NGSO33,0.1
2021,"Proportion of youth and adults with information and communications technology (ICT) skills, by type of skill",Female,,,,,,Taraba,Copied or moved a file or folder,NGTA34,1.3
2021,"Proportion of youth and adults with information and communications technology (ICT) skills, by type of skill",Female,,,,,,Yobe,Copied or moved a file or folder,NGYO35,0.4
2021,"Proportion of youth and adults with information and communications technology (ICT) skills, by type of skill",Female,,,,,,Zamfara,Copied or moved a file or folder,NGZA36,0.7
2021,"Proportion of youth and adults with information and communications technology (ICT) skills, by type of skill",Female,,,,,,Federal Capital Territory,Copied or moved a file or folder,NGFC37,11.8
2021,"Proportion of youth and adults with information and communications technology (ICT) skills, by type of skill",Female,,,,,,,Used a copy and paste tool to duplicate or move information within a document,NG,4.5
2021,"Proportion of youth and adults with information and communications technology (ICT) skills, by type of skill",Female,Urban,,,,,,Used a copy and paste tool to duplicate or move information within a document,NG,8.7
2021,"Proportion of youth and adults with information and communications technology (ICT) skills, by type of skill",Female,Rural,,,,,,Used a copy and paste tool to duplicate or move information within a document,NG,0.9
2021,"Proportion of youth and adults with information and communications technology (ICT) skills, by type of skill",Female,,15-24,,,,,Used a copy and paste tool to duplicate or move information within a document,NG,4.6
2021,"Proportion of youth and adults with information and communications technology (ICT) skills, by type of skill",Female,,15-19,,,,,Used a copy and paste tool to duplicate or move information within a document,NG,3.2
2021,"Proportion of youth and adults with information and communications technology (ICT) skills, by type of skill",Female,,15-17,,,,,Used a copy and paste tool to duplicate or move information within a document,NG,2.3
2021,"Proportion of youth and adults with information and communications technology (ICT) skills, by type of skill",Female,,18-19,,,,,Used a copy and paste tool to duplicate or move information within a document,NG,4.7
2021,"Proportion of youth and adults with information and communications technology (ICT) skills, by type of skill",Female,,20-24,,,,,Used a copy and paste tool to duplicate or move information within a document,NG,6.5
2021,"Proportion of youth and adults with information and communications technology (ICT) skills, by type of skill",Female,,25-29,,,,,Used a copy and paste tool to duplicate or move information within a document,NG,5.3
2021,"Proportion of youth and adults with information and communications technology (ICT) skills, by type of skill",Female,,30-34,,,,,Used a copy and paste tool to duplicate or move information within a document,NG,5.1
2021,"Proportion of youth and adults with information and communications technology (ICT) skills, by type of skill",Female,,35-39,,,,,Used a copy and paste tool to duplicate or move information within a document,NG,5.0
2021,"Proportion of youth and adults with information and communications technology (ICT) skills, by type of skill",Female,,40-44,,,,,Used a copy and paste tool to duplicate or move information within a document,NG,3.3
2021,"Proportion of youth and adults with information and communications technology (ICT) skills, by type of skill",Female,,45-49,,,,,Used a copy and paste tool to duplicate or move information within a document,NG,2.3
2021,"Proportion of youth and adults with information and communications technology (ICT) skills, by type of skill",Female,,,Hausa,,,,Used a copy and paste tool to duplicate or move information within a document,NG,0.9
2021,"Proportion of youth and adults with information and communications technology (ICT) skills, by type of skill",Female,,,Igbo,,,,Used a copy and paste tool to duplicate or move information within a document,NG,8.6
2021,"Proportion of youth and adults with information and communications technology (ICT) skills, by type of skill",Female,,,Yoruba,,,,Used a copy and paste tool to duplicate or move information within a document,NG,7.6
2021,"Proportion of youth and adults with information and communications technology (ICT) skills, by type of skill",Female,,,Fulani,,,,Used a copy and paste tool to duplicate or move information within a document,NG,0.5
2021,"Proportion of youth and adults with information and communications technology (ICT) skills, by type of skill",Female,,,Kanuri,,,,Used a copy and paste tool to duplicate or move information within a document,NG,1.3
2021,"Proportion of youth and adults with information and communications technology (ICT) skills, by type of skill",Female,,,Ijaw,,,,Used a copy and paste tool to duplicate or move information within a document,NG,6.7
2021,"Proportion of youth and adults with information and communications technology (ICT) skills, by type of skill",Female,,,Tiv,,,,Used a copy and paste tool to duplicate or move information within a document,NG,2.6
2021,"Proportion of youth and adults with information and communications technology (ICT) skills, by type of skill",Female,,,Ibibio,,,,Used a copy and paste tool to duplicate or move information within a document,NG,9.0
2021,"Proportion of youth and adults with information and communications technology (ICT) skills, by type of skill",Female,,,Edo,,,,Used a copy and paste tool to duplicate or move information within a document,NG,11.2
2021,"Proportion of youth and adults with information and communications technology (ICT) skills, by type of skill",Female,,,Other ethnicity,,,,Used a copy and paste tool to duplicate or move information within a document,NG,3.9
2021,"Proportion of youth and adults with information and communications technology (ICT) skills, by type of skill",Female,,,,Poorest,,,Used a copy and paste tool to duplicate or move information within a document,NG,0.1
2021,"Proportion of youth and adults with information and communications technology (ICT) skills, by type of skill",Female,,,,Second,,,Used a copy and paste tool to duplicate or move information within a document,NG,0.2
2021,"Proportion of youth and adults with information and communications technology (ICT) skills, by type of skill",Female,,,,Middle,,,Used a copy and paste tool to duplicate or move information within a document,NG,0.9
2021,"Proportion of youth and adults with information and communications technology (ICT) skills, by type of skill",Female,,,,Fourth,,,Used a copy and paste tool to duplicate or move information within a document,NG,3.1
2021,"Proportion of youth and adults with information and communications technology (ICT) skills, by type of skill",Female,,,,Richest,,,Used a copy and paste tool to duplicate or move information within a document,NG,15.8
2021,"Proportion of youth and adults with information and communications technology (ICT) skills, by type of skill",Female,,,,,North  Central,,Used a copy and paste tool to duplicate or move information within a document,NGNCZ06,3.8
2021,"Proportion of youth and adults with information and communications technology (ICT) skills, by type of skill",Female,,,,,North East,,Used a copy and paste tool to duplicate or move information within a document,NGNEZ05,1.0
2021,"Proportion of youth and adults with information and communications technology (ICT) skills, by type of skill",Female,,,,,North West,,Used a copy and paste tool to duplicate or move information within a document,NGNWZ04,0.9
2021,"Proportion of youth and adults with information and communications technology (ICT) skills, by type of skill",Female,,,,,South East,,Used a copy and paste tool to duplicate or move information within a document,NGSEZ03,7.4
2021,"Proportion of youth and adults with information and communications technology (ICT) skills, by type of skill",Female,,,,,South South,,Used a copy and paste tool to duplicate or move information within a document,NGSSZ02,6.9
2021,"Proportion of youth and adults with information and communications technology (ICT) skills, by type of skill",Female,,,,,South West,,Used a copy and paste tool to duplicate or move information within a document,NGSWZ01,8.3
2021,"Proportion of youth and adults with information and communications technology (ICT) skills, by type of skill",Female,,,,,,Abia,Used a copy and paste tool to duplicate or move information within a document,NGAB01,2.8
2021,"Proportion of youth and adults with information and communications technology (ICT) skills, by type of skill",Female,,,,,,Adamawa,Used a copy and paste tool to duplicate or move information within a document,NGAD02,1.2
2021,"Proportion of youth and adults with information and communications technology (ICT) skills, by type of skill",Female,,,,,,Akwa Ibom,Used a copy and paste tool to duplicate or move information within a document,NGAK03,5.2
2021,"Proportion of youth and adults with information and communications technology (ICT) skills, by type of skill",Female,,,,,,Anambra,Used a copy and paste tool to duplicate or move information within a document,NGAN04,3.2
2021,"Proportion of youth and adults with information and communications technology (ICT) skills, by type of skill",Female,,,,,,Bauchi,Used a copy and paste tool to duplicate or move information within a document,NGBA05,0.2
2021,"Proportion of youth and adults with information and communications technology (ICT) skills, by type of skill",Female,,,,,,Bayelsa,Used a copy and paste tool to duplicate or move information within a document,NGBY06,4.0
2021,"Proportion of youth and adults with information and communications technology (ICT) skills, by type of skill",Female,,,,,,Benue,Used a copy and paste tool to duplicate or move information within a document,NGBE07,3.2
2021,"Proportion of youth and adults with information and communications technology (ICT) skills, by type of skill",Female,,,,,,Borno,Used a copy and paste tool to duplicate or move information within a document,NGBO08,1.1
2021,"Proportion of youth and adults with information and communications technology (ICT) skills, by type of skill",Female,,,,,,Cross River,Used a copy and paste tool to duplicate or move information within a document,NGXR09,4.8
2021,"Proportion of youth and adults with information and communications technology (ICT) skills, by type of skill",Female,,,,,,Delta,Used a copy and paste tool to duplicate or move information within a document,NGDE10,1.9
2021,"Proportion of youth and adults with information and communications technology (ICT) skills, by type of skill",Female,,,,,,Ebonyi,Used a copy and paste tool to duplicate or move information within a document,NGEB11,11.7
2021,"Proportion of youth and adults with information and communications technology (ICT) skills, by type of skill",Female,,,,,,Edo,Used a copy and paste tool to duplicate or move information within a document,NGED12,8.3
2021,"Proportion of youth and adults with information and communications technology (ICT) skills, by type of skill",Female,,,,,,Ekiti,Used a copy and paste tool to duplicate or move information within a document,NGEK13,3.2
2021,"Proportion of youth and adults with information and communications technology (ICT) skills, by type of skill",Female,,,,,,Enugu,Used a copy and paste tool to duplicate or move information within a document,NGEN14,11.3
2021,"Proportion of youth and adults with information and communications technology (ICT) skills, by type of skill",Female,,,,,,Gombe,Used a copy and paste tool to duplicate or move information within a document,NGGO15,1.9
2021,"Proportion of youth and adults with information and communications technology (ICT) skills, by type of skill",Female,,,,,,Imo,Used a copy and paste tool to duplicate or move information within a document,NGIM16,9.5
2021,"Proportion of youth and adults with information and communications technology (ICT) skills, by type of skill",Female,,,,,,Jigawa,Used a copy and paste tool to duplicate or move information within a document,NGJI17,0.2
2021,"Proportion of youth and adults with information and communications technology (ICT) skills, by type of skill",Female,,,,,,Kaduna,Used a copy and paste tool to duplicate or move information within a document,NGKD18,3.0
2021,"Proportion of youth and adults with information and communications technology (ICT) skills, by type of skill",Female,,,,,,Kano,Used a copy and paste tool to duplicate or move information within a document,NGKN19,0.6
2021,"Proportion of youth and adults with information and communications technology (ICT) skills, by type of skill",Female,,,,,,Katsina,Used a copy and paste tool to duplicate or move information within a document,NGKT20,1.0
2021,"Proportion of youth and adults with information and communications technology (ICT) skills, by type of skill",Female,,,,,,Kebbi,Used a copy and paste tool to duplicate or move information within a document,NGKE21,0.2
2021,"Proportion of youth and adults with information and communications technology (ICT) skills, by type of skill",Female,,,,,,Kogi,Used a copy and paste tool to duplicate or move information within a document,NGKO22,3.6
2021,"Proportion of youth and adults with information and communications technology (ICT) skills, by type of skill",Female,,,,,,Kwara,Used a copy and paste tool to duplicate or move information within a document,NGKW23,4.0
2021,"Proportion of youth and adults with information and communications technology (ICT) skills, by type of skill",Female,,,,,,Lagos,Used a copy and paste tool to duplicate or move information within a document,NGLA24,18.0
2021,"Proportion of youth and adults with information and communications technology (ICT) skills, by type of skill",Female,,,,,,Nasarawa,Used a copy and paste tool to duplicate or move information within a document,NGNA25,1.4
2021,"Proportion of youth and adults with information and communications technology (ICT) skills, by type of skill",Female,,,,,,Niger,Used a copy and paste tool to duplicate or move information within a document,NGNI26,3.4
2021,"Proportion of youth and adults with information and communications technology (ICT) skills, by type of skill",Female,,,,,,Ogun,Used a copy and paste tool to duplicate or move information within a document,NGOG27,2.8
2021,"Proportion of youth and adults with information and communications technology (ICT) skills, by type of skill",Female,,,,,,Ondo,Used a copy and paste tool to duplicate or move information within a document,NGON28,1.7
2021,"Proportion of youth and adults with information and communications technology (ICT) skills, by type of skill",Female,,,,,,Osun,Used a copy and paste tool to duplicate or move information within a document,NGOS29,2.5
2021,"Proportion of youth and adults with information and communications technology (ICT) skills, by type of skill",Female,,,,,,Oyo,Used a copy and paste tool to duplicate or move information within a document,NGOY30,3.8
2021,"Proportion of youth and adults with information and communications technology (ICT) skills, by type of skill",Female,,,,,,Plateau,Used a copy and paste tool to duplicate or move information within a document,NGPL31,1.3
2021,"Proportion of youth and adults with information and communications technology (ICT) skills, by type of skill",Female,,,,,,Rivers,Used a copy and paste tool to duplicate or move information within a document,NGRI32,12.5
2021,"Proportion of youth and adults with information and communications technology (ICT) skills, by type of skill",Female,,,,,,Sokoto,Used a copy and paste tool to duplicate or move information within a document,NGSO33,0.2
2021,"Proportion of youth and adults with information and communications technology (ICT) skills, by type of skill",Female,,,,,,Taraba,Used a copy and paste tool to duplicate or move information within a document,NGTA34,1.7
2021,"Proportion of youth and adults with information and communications technology (ICT) skills, by type of skill",Female,,,,,,Yobe,Used a copy and paste tool to duplicate or move information within a document,NGYO35,0.7
2021,"Proportion of youth and adults with information and communications technology (ICT) skills, by type of skill",Female,,,,,,Zamfara,Used a copy and paste tool to duplicate or move information within a document,NGZA36,0.4
2021,"Proportion of youth and adults with information and communications technology (ICT) skills, by type of skill",Female,,,,,,Federal Capital Territory,Used a copy and paste tool to duplicate or move information within a document,NGFC37,11.1
2021,"Proportion of youth and adults with information and communications technology (ICT) skills, by type of skill",Female,,,,,,,"Sent e-mail with attached file, such as a document, picture or video",NG,4.5
2021,"Proportion of youth and adults with information and communications technology (ICT) skills, by type of skill",Female,Urban,,,,,,"Sent e-mail with attached file, such as a document, picture or video",NG,8.6
2021,"Proportion of youth and adults with information and communications technology (ICT) skills, by type of skill",Female,Rural,,,,,,"Sent e-mail with attached file, such as a document, picture or video",NG,1.1
2021,"Proportion of youth and adults with information and communications technology (ICT) skills, by type of skill",Female,,15-24,,,,,"Sent e-mail with attached file, such as a document, picture or video",NG,4.2
2021,"Proportion of youth and adults with information and communications technology (ICT) skills, by type of skill",Female,,15-19,,,,,"Sent e-mail with attached file, such as a document, picture or video",NG,2.5
2021,"Proportion of youth and adults with information and communications technology (ICT) skills, by type of skill",Female,,15-17,,,,,"Sent e-mail with attached file, such as a document, picture or video",NG,1.9
2021,"Proportion of youth and adults with information and communications technology (ICT) skills, by type of skill",Female,,18-19,,,,,"Sent e-mail with attached file, such as a document, picture or video",NG,3.5
2021,"Proportion of youth and adults with information and communications technology (ICT) skills, by type of skill",Female,,20-24,,,,,"Sent e-mail with attached file, such as a document, picture or video",NG,6.6
2021,"Proportion of youth and adults with information and communications technology (ICT) skills, by type of skill",Female,,25-29,,,,,"Sent e-mail with attached file, such as a document, picture or video",NG,5.8
2021,"Proportion of youth and adults with information and communications technology (ICT) skills, by type of skill",Female,,30-34,,,,,"Sent e-mail with attached file, such as a document, picture or video",NG,5.4
2021,"Proportion of youth and adults with information and communications technology (ICT) skills, by type of skill",Female,,35-39,,,,,"Sent e-mail with attached file, such as a document, picture or video",NG,5.4
2021,"Proportion of youth and adults with information and communications technology (ICT) skills, by type of skill",Female,,40-44,,,,,"Sent e-mail with attached file, such as a document, picture or video",NG,3.2
2021,"Proportion of youth and adults with information and communications technology (ICT) skills, by type of skill",Female,,45-49,,,,,"Sent e-mail with attached file, such as a document, picture or video",NG,2.1
2021,"Proportion of youth and adults with information and communications technology (ICT) skills, by type of skill",Female,,,Hausa,,,,"Sent e-mail with attached file, such as a document, picture or video",NG,1.0
2021,"Proportion of youth and adults with information and communications technology (ICT) skills, by type of skill",Female,,,Igbo,,,,"Sent e-mail with attached file, such as a document, picture or video",NG,8.6
2021,"Proportion of youth and adults with information and communications technology (ICT) skills, by type of skill",Female,,,Yoruba,,,,"Sent e-mail with attached file, such as a document, picture or video",NG,7.3
2021,"Proportion of youth and adults with information and communications technology (ICT) skills, by type of skill",Female,,,Fulani,,,,"Sent e-mail with attached file, such as a document, picture or video",NG,0.5
2021,"Proportion of youth and adults with information and communications technology (ICT) skills, by type of skill",Female,,,Kanuri,,,,"Sent e-mail with attached file, such as a document, picture or video",NG,1.3
2021,"Proportion of youth and adults with information and communications technology (ICT) skills, by type of skill",Female,,,Ijaw,,,,"Sent e-mail with attached file, such as a document, picture or video",NG,6.2
2021,"Proportion of youth and adults with information and communications technology (ICT) skills, by type of skill",Female,,,Tiv,,,,"Sent e-mail with attached file, such as a document, picture or video",NG,3.1
2021,"Proportion of youth and adults with information and communications technology (ICT) skills, by type of skill",Female,,,Ibibio,,,,"Sent e-mail with attached file, such as a document, picture or video",NG,8.6
2021,"Proportion of youth and adults with information and communications technology (ICT) skills, by type of skill",Female,,,Edo,,,,"Sent e-mail with attached file, such as a document, picture or video",NG,11.5
2021,"Proportion of youth and adults with information and communications technology (ICT) skills, by type of skill",Female,,,Other ethnicity,,,,"Sent e-mail with attached file, such as a document, picture or video",NG,4.1
2021,"Proportion of youth and adults with information and communications technology (ICT) skills, by type of skill",Female,,,,Poorest,,,"Sent e-mail with attached file, such as a document, picture or video",NG,0.1
2021,"Proportion of youth and adults with information and communications technology (ICT) skills, by type of skill",Female,,,,Second,,,"Sent e-mail with attached file, such as a document, picture or video",NG,0.3
2021,"Proportion of youth and adults with information and communications technology (ICT) skills, by type of skill",Female,,,,Middle,,,"Sent e-mail with attached file, such as a document, picture or video",NG,1.0
2021,"Proportion of youth and adults with information and communications technology (ICT) skills, by type of skill",Female,,,,Fourth,,,"Sent e-mail with attached file, such as a document, picture or video",NG,2.7
2021,"Proportion of youth and adults with information and communications technology (ICT) skills, by type of skill",Female,,,,Richest,,,"Sent e-mail with attached file, such as a document, picture or video",NG,16.0
2021,"Proportion of youth and adults with information and communications technology (ICT) skills, by type of skill",Female,,,,,North  Central,,"Sent e-mail with attached file, such as a document, picture or video",NGNCZ06,4.2
2021,"Proportion of youth and adults with information and communications technology (ICT) skills, by type of skill",Female,,,,,North East,,"Sent e-mail with attached file, such as a document, picture or video",NGNEZ05,1.0
2021,"Proportion of youth and adults with information and communications technology (ICT) skills, by type of skill",Female,,,,,North West,,"Sent e-mail with attached file, such as a document, picture or video",NGNWZ04,0.9
2021,"Proportion of youth and adults with information and communications technology (ICT) skills, by type of skill",Female,,,,,South East,,"Sent e-mail with attached file, such as a document, picture or video",NGSEZ03,7.6
2021,"Proportion of youth and adults with information and communications technology (ICT) skills, by type of skill",Female,,,,,South South,,"Sent e-mail with attached file, such as a document, picture or video",NGSSZ02,6.9
2021,"Proportion of youth and adults with information and communications technology (ICT) skills, by type of skill",Female,,,,,South West,,"Sent e-mail with attached file, such as a document, picture or video",NGSWZ01,7.9
2021,"Proportion of youth and adults with information and communications technology (ICT) skills, by type of skill",Female,,,,,,Abia,"Sent e-mail with attached file, such as a document, picture or video",NGAB01,4.1
2021,"Proportion of youth and adults with information and communications technology (ICT) skills, by type of skill",Female,,,,,,Adamawa,"Sent e-mail with attached file, such as a document, picture or video",NGAD02,1.2
2021,"Proportion of youth and adults with information and communications technology (ICT) skills, by type of skill",Female,,,,,,Akwa Ibom,"Sent e-mail with attached file, such as a document, picture or video",NGAK03,5.8
2021,"Proportion of youth and adults with information and communications technology (ICT) skills, by type of skill",Female,,,,,,Anambra,"Sent e-mail with attached file, such as a document, picture or video",NGAN04,4.3
2021,"Proportion of youth and adults with information and communications technology (ICT) skills, by type of skill",Female,,,,,,Bauchi,"Sent e-mail with attached file, such as a document, picture or video",NGBA05,0.4
2021,"Proportion of youth and adults with information and communications technology (ICT) skills, by type of skill",Female,,,,,,Bayelsa,"Sent e-mail with attached file, such as a document, picture or video",NGBY06,3.0
2021,"Proportion of youth and adults with information and communications technology (ICT) skills, by type of skill",Female,,,,,,Benue,"Sent e-mail with attached file, such as a document, picture or video",NGBE07,3.5
2021,"Proportion of youth and adults with information and communications technology (ICT) skills, by type of skill",Female,,,,,,Borno,"Sent e-mail with attached file, such as a document, picture or video",NGBO08,1.0
2021,"Proportion of youth and adults with information and communications technology (ICT) skills, by type of skill",Female,,,,,,Cross River,"Sent e-mail with attached file, such as a document, picture or video",NGXR09,4.4
2021,"Proportion of youth and adults with information and communications technology (ICT) skills, by type of skill",Female,,,,,,Delta,"Sent e-mail with attached file, such as a document, picture or video",NGDE10,2.1
2021,"Proportion of youth and adults with information and communications technology (ICT) skills, by type of skill",Female,,,,,,Ebonyi,"Sent e-mail with attached file, such as a document, picture or video",NGEB11,10.9
2021,"Proportion of youth and adults with information and communications technology (ICT) skills, by type of skill",Female,,,,,,Edo,"Sent e-mail with attached file, such as a document, picture or video",NGED12,9.5
2021,"Proportion of youth and adults with information and communications technology (ICT) skills, by type of skill",Female,,,,,,Ekiti,"Sent e-mail with attached file, such as a document, picture or video",NGEK13,1.9
2021,"Proportion of youth and adults with information and communications technology (ICT) skills, by type of skill",Female,,,,,,Enugu,"Sent e-mail with attached file, such as a document, picture or video",NGEN14,11.4
2021,"Proportion of youth and adults with information and communications technology (ICT) skills, by type of skill",Female,,,,,,Gombe,"Sent e-mail with attached file, such as a document, picture or video",NGGO15,1.6
2021,"Proportion of youth and adults with information and communications technology (ICT) skills, by type of skill",Female,,,,,,Imo,"Sent e-mail with attached file, such as a document, picture or video",NGIM16,8.2
2021,"Proportion of youth and adults with information and communications technology (ICT) skills, by type of skill",Female,,,,,,Jigawa,"Sent e-mail with attached file, such as a document, picture or video",NGJI17,0.3
2021,"Proportion of youth and adults with information and communications technology (ICT) skills, by type of skill",Female,,,,,,Kaduna,"Sent e-mail with attached file, such as a document, picture or video",NGKD18,2.8
2021,"Proportion of youth and adults with information and communications technology (ICT) skills, by type of skill",Female,,,,,,Kano,"Sent e-mail with attached file, such as a document, picture or video",NGKN19,0.5
2021,"Proportion of youth and adults with information and communications technology (ICT) skills, by type of skill",Female,,,,,,Katsina,"Sent e-mail with attached file, such as a document, picture or video",NGKT20,1.0
2021,"Proportion of youth and adults with information and communications technology (ICT) skills, by type of skill",Female,,,,,,Kebbi,"Sent e-mail with attached file, such as a document, picture or video",NGKE21,0.4
2021,"Proportion of youth and adults with information and communications technology (ICT) skills, by type of skill",Female,,,,,,Kogi,"Sent e-mail with attached file, such as a document, picture or video",NGKO22,3.4
2021,"Proportion of youth and adults with information and communications technology (ICT) skills, by type of skill",Female,,,,,,Kwara,"Sent e-mail with attached file, such as a document, picture or video",NGKW23,3.0
2021,"Proportion of youth and adults with information and communications technology (ICT) skills, by type of skill",Female,,,,,,Lagos,"Sent e-mail with attached file, such as a document, picture or video",NGLA24,18.3
2021,"Proportion of youth and adults with information and communications technology (ICT) skills, by type of skill",Female,,,,,,Nasarawa,"Sent e-mail with attached file, such as a document, picture or video",NGNA25,1.7
2021,"Proportion of youth and adults with information and communications technology (ICT) skills, by type of skill",Female,,,,,,Niger,"Sent e-mail with attached file, such as a document, picture or video",NGNI26,4.3
2021,"Proportion of youth and adults with information and communications technology (ICT) skills, by type of skill",Female,,,,,,Ogun,"Sent e-mail with attached file, such as a document, picture or video",NGOG27,1.9
2021,"Proportion of youth and adults with information and communications technology (ICT) skills, by type of skill",Female,,,,,,Ondo,"Sent e-mail with attached file, such as a document, picture or video",NGON28,2.8
2021,"Proportion of youth and adults with information and communications technology (ICT) skills, by type of skill",Female,,,,,,Osun,"Sent e-mail with attached file, such as a document, picture or video",NGOS29,2.4
2021,"Proportion of youth and adults with information and communications technology (ICT) skills, by type of skill",Female,,,,,,Oyo,"Sent e-mail with attached file, such as a document, picture or video",NGOY30,2.0
2021,"Proportion of youth and adults with information and communications technology (ICT) skills, by type of skill",Female,,,,,,Plateau,"Sent e-mail with attached file, such as a document, picture or video",NGPL31,2.9
2021,"Proportion of youth and adults with information and communications technology (ICT) skills, by type of skill",Female,,,,,,Rivers,"Sent e-mail with attached file, such as a document, picture or video",NGRI32,11.7
2021,"Proportion of youth and adults with information and communications technology (ICT) skills, by type of skill",Female,,,,,,Sokoto,"Sent e-mail with attached file, such as a document, picture or video",NGSO33,0.4
2021,"Proportion of youth and adults with information and communications technology (ICT) skills, by type of skill",Female,,,,,,Taraba,"Sent e-mail with attached file, such as a document, picture or video",NGTA34,1.6
2021,"Proportion of youth and adults with information and communications technology (ICT) skills, by type of skill",Female,,,,,,Yobe,"Sent e-mail with attached file, such as a document, picture or video",NGYO35,0.8
2021,"Proportion of youth and adults with information and communications technology (ICT) skills, by type of skill",Female,,,,,,Zamfara,"Sent e-mail with attached file, such as a document, picture or video",NGZA36,0.7
2021,"Proportion of youth and adults with information and communications technology (ICT) skills, by type of skill",Female,,,,,,Federal Capital Territory,"Sent e-mail with attached file, such as a document, picture or video",NGFC37,11.3
2021,"Proportion of youth and adults with information and communications technology (ICT) skills, by type of skill",Female,,,,,,,Used a basic arithmetic formula in a spreadsheet,NG,2.2
2021,"Proportion of youth and adults with information and communications technology (ICT) skills, by type of skill",Female,Urban,,,,,,Used a basic arithmetic formula in a spreadsheet,NG,4.3
2021,"Proportion of youth and adults with information and communications technology (ICT) skills, by type of skill",Female,Rural,,,,,,Used a basic arithmetic formula in a spreadsheet,NG,0.4
2021,"Proportion of youth and adults with information and communications technology (ICT) skills, by type of skill",Female,,15-24,,,,,Used a basic arithmetic formula in a spreadsheet,NG,2.0
2021,"Proportion of youth and adults with information and communications technology (ICT) skills, by type of skill",Female,,15-19,,,,,Used a basic arithmetic formula in a spreadsheet,NG,1.3
2021,"Proportion of youth and adults with information and communications technology (ICT) skills, by type of skill",Female,,15-17,,,,,Used a basic arithmetic formula in a spreadsheet,NG,1.1
2021,"Proportion of youth and adults with information and communications technology (ICT) skills, by type of skill",Female,,18-19,,,,,Used a basic arithmetic formula in a spreadsheet,NG,1.5
2021,"Proportion of youth and adults with information and communications technology (ICT) skills, by type of skill",Female,,20-24,,,,,Used a basic arithmetic formula in a spreadsheet,NG,2.9
2021,"Proportion of youth and adults with information and communications technology (ICT) skills, by type of skill",Female,,25-29,,,,,Used a basic arithmetic formula in a spreadsheet,NG,3.0
2021,"Proportion of youth and adults with information and communications technology (ICT) skills, by type of skill",Female,,30-34,,,,,Used a basic arithmetic formula in a spreadsheet,NG,2.5
2021,"Proportion of youth and adults with information and communications technology (ICT) skills, by type of skill",Female,,35-39,,,,,Used a basic arithmetic formula in a spreadsheet,NG,2.6
2021,"Proportion of youth and adults with information and communications technology (ICT) skills, by type of skill",Female,,40-44,,,,,Used a basic arithmetic formula in a spreadsheet,NG,1.7
2021,"Proportion of youth and adults with information and communications technology (ICT) skills, by type of skill",Female,,45-49,,,,,Used a basic arithmetic formula in a spreadsheet,NG,1.4
2021,"Proportion of youth and adults with information and communications technology (ICT) skills, by type of skill",Female,,,Hausa,,,,Used a basic arithmetic formula in a spreadsheet,NG,0.4
2021,"Proportion of youth and adults with information and communications technology (ICT) skills, by type of skill",Female,,,Igbo,,,,Used a basic arithmetic formula in a spreadsheet,NG,4.0
2021,"Proportion of youth and adults with information and communications technology (ICT) skills, by type of skill",Female,,,Yoruba,,,,Used a basic arithmetic formula in a spreadsheet,NG,4.5
2021,"Proportion of youth and adults with information and communications technology (ICT) skills, by type of skill",Female,,,Fulani,,,,Used a basic arithmetic formula in a spreadsheet,NG,0.2
2021,"Proportion of youth and adults with information and communications technology (ICT) skills, by type of skill",Female,,,Kanuri,,,,Used a basic arithmetic formula in a spreadsheet,NG,0.3
2021,"Proportion of youth and adults with information and communications technology (ICT) skills, by type of skill",Female,,,Ijaw,,,,Used a basic arithmetic formula in a spreadsheet,NG,4.6
2021,"Proportion of youth and adults with information and communications technology (ICT) skills, by type of skill",Female,,,Tiv,,,,Used a basic arithmetic formula in a spreadsheet,NG,1.0
2021,"Proportion of youth and adults with information and communications technology (ICT) skills, by type of skill",Female,,,Ibibio,,,,Used a basic arithmetic formula in a spreadsheet,NG,3.8
2021,"Proportion of youth and adults with information and communications technology (ICT) skills, by type of skill",Female,,,Edo,,,,Used a basic arithmetic formula in a spreadsheet,NG,3.5
2021,"Proportion of youth and adults with information and communications technology (ICT) skills, by type of skill",Female,,,Other ethnicity,,,,Used a basic arithmetic formula in a spreadsheet,NG,1.8
2021,"Proportion of youth and adults with information and communications technology (ICT) skills, by type of skill",Female,,,,Poorest,,,Used a basic arithmetic formula in a spreadsheet,NG,0.0
2021,"Proportion of youth and adults with information and communications technology (ICT) skills, by type of skill",Female,,,,Second,,,Used a basic arithmetic formula in a spreadsheet,NG,0.1
2021,"Proportion of youth and adults with information and communications technology (ICT) skills, by type of skill",Female,,,,Middle,,,Used a basic arithmetic formula in a spreadsheet,NG,0.5
2021,"Proportion of youth and adults with information and communications technology (ICT) skills, by type of skill",Female,,,,Fourth,,,Used a basic arithmetic formula in a spreadsheet,NG,1.3
2021,"Proportion of youth and adults with information and communications technology (ICT) skills, by type of skill",Female,,,,Richest,,,Used a basic arithmetic formula in a spreadsheet,NG,8.0
2021,"Proportion of youth and adults with information and communications technology (ICT) skills, by type of skill",Female,,,,,North  Central,,Used a basic arithmetic formula in a spreadsheet,NGNCZ06,1.6
2021,"Proportion of youth and adults with information and communications technology (ICT) skills, by type of skill",Female,,,,,North East,,Used a basic arithmetic formula in a spreadsheet,NGNEZ05,0.3
2021,"Proportion of youth and adults with information and communications technology (ICT) skills, by type of skill",Female,,,,,North West,,Used a basic arithmetic formula in a spreadsheet,NGNWZ04,0.4
2021,"Proportion of youth and adults with information and communications technology (ICT) skills, by type of skill",Female,,,,,South East,,Used a basic arithmetic formula in a spreadsheet,NGSEZ03,2.7
2021,"Proportion of youth and adults with information and communications technology (ICT) skills, by type of skill",Female,,,,,South South,,Used a basic arithmetic formula in a spreadsheet,NGSSZ02,2.8
2021,"Proportion of youth and adults with information and communications technology (ICT) skills, by type of skill",Female,,,,,South West,,Used a basic arithmetic formula in a spreadsheet,NGSWZ01,5.4
2021,"Proportion of youth and adults with information and communications technology (ICT) skills, by type of skill",Female,,,,,,Abia,Used a basic arithmetic formula in a spreadsheet,NGAB01,1.1
2021,"Proportion of youth and adults with information and communications technology (ICT) skills, by type of skill",Female,,,,,,Adamawa,Used a basic arithmetic formula in a spreadsheet,NGAD02,0.0
2021,"Proportion of youth and adults with information and communications technology (ICT) skills, by type of skill",Female,,,,,,Akwa Ibom,Used a basic arithmetic formula in a spreadsheet,NGAK03,2.5
2021,"Proportion of youth and adults with information and communications technology (ICT) skills, by type of skill",Female,,,,,,Anambra,Used a basic arithmetic formula in a spreadsheet,NGAN04,1.0
2021,"Proportion of youth and adults with information and communications technology (ICT) skills, by type of skill",Female,,,,,,Bauchi,Used a basic arithmetic formula in a spreadsheet,NGBA05,0.1
2021,"Proportion of youth and adults with information and communications technology (ICT) skills, by type of skill",Female,,,,,,Bayelsa,Used a basic arithmetic formula in a spreadsheet,NGBY06,0.3
2021,"Proportion of youth and adults with information and communications technology (ICT) skills, by type of skill",Female,,,,,,Benue,Used a basic arithmetic formula in a spreadsheet,NGBE07,1.0
2021,"Proportion of youth and adults with information and communications technology (ICT) skills, by type of skill",Female,,,,,,Borno,Used a basic arithmetic formula in a spreadsheet,NGBO08,0.5
2021,"Proportion of youth and adults with information and communications technology (ICT) skills, by type of skill",Female,,,,,,Cross River,Used a basic arithmetic formula in a spreadsheet,NGXR09,1.7
2021,"Proportion of youth and adults with information and communications technology (ICT) skills, by type of skill",Female,,,,,,Delta,Used a basic arithmetic formula in a spreadsheet,NGDE10,0.8
2021,"Proportion of youth and adults with information and communications technology (ICT) skills, by type of skill",Female,,,,,,Ebonyi,Used a basic arithmetic formula in a spreadsheet,NGEB11,4.9
2021,"Proportion of youth and adults with information and communications technology (ICT) skills, by type of skill",Female,,,,,,Edo,Used a basic arithmetic formula in a spreadsheet,NGED12,1.1
2021,"Proportion of youth and adults with information and communications technology (ICT) skills, by type of skill",Female,,,,,,Ekiti,Used a basic arithmetic formula in a spreadsheet,NGEK13,2.2
2021,"Proportion of youth and adults with information and communications technology (ICT) skills, by type of skill",Female,,,,,,Enugu,Used a basic arithmetic formula in a spreadsheet,NGEN14,3.5
2021,"Proportion of youth and adults with information and communications technology (ICT) skills, by type of skill",Female,,,,,,Gombe,Used a basic arithmetic formula in a spreadsheet,NGGO15,0.6
2021,"Proportion of youth and adults with information and communications technology (ICT) skills, by type of skill",Female,,,,,,Imo,Used a basic arithmetic formula in a spreadsheet,NGIM16,3.8
2021,"Proportion of youth and adults with information and communications technology (ICT) skills, by type of skill",Female,,,,,,Jigawa,Used a basic arithmetic formula in a spreadsheet,NGJI17,0.0
2021,"Proportion of youth and adults with information and communications technology (ICT) skills, by type of skill",Female,,,,,,Kaduna,Used a basic arithmetic formula in a spreadsheet,NGKD18,1.4
2021,"Proportion of youth and adults with information and communications technology (ICT) skills, by type of skill",Female,,,,,,Kano,Used a basic arithmetic formula in a spreadsheet,NGKN19,0.2
2021,"Proportion of youth and adults with information and communications technology (ICT) skills, by type of skill",Female,,,,,,Katsina,Used a basic arithmetic formula in a spreadsheet,NGKT20,0.8
2021,"Proportion of youth and adults with information and communications technology (ICT) skills, by type of skill",Female,,,,,,Kebbi,Used a basic arithmetic formula in a spreadsheet,NGKE21,0.0
2021,"Proportion of youth and adults with information and communications technology (ICT) skills, by type of skill",Female,,,,,,Kogi,Used a basic arithmetic formula in a spreadsheet,NGKO22,0.9
2021,"Proportion of youth and adults with information and communications technology (ICT) skills, by type of skill",Female,,,,,,Kwara,Used a basic arithmetic formula in a spreadsheet,NGKW23,1.0
2021,"Proportion of youth and adults with information and communications technology (ICT) skills, by type of skill",Female,,,,,,Lagos,Used a basic arithmetic formula in a spreadsheet,NGLA24,12.7
2021,"Proportion of youth and adults with information and communications technology (ICT) skills, by type of skill",Female,,,,,,Nasarawa,Used a basic arithmetic formula in a spreadsheet,NGNA25,0.5
2021,"Proportion of youth and adults with information and communications technology (ICT) skills, by type of skill",Female,,,,,,Niger,Used a basic arithmetic formula in a spreadsheet,NGNI26,2.3
2021,"Proportion of youth and adults with information and communications technology (ICT) skills, by type of skill",Female,,,,,,Ogun,Used a basic arithmetic formula in a spreadsheet,NGOG27,1.3
2021,"Proportion of youth and adults with information and communications technology (ICT) skills, by type of skill",Female,,,,,,Ondo,Used a basic arithmetic formula in a spreadsheet,NGON28,0.3
2021,"Proportion of youth and adults with information and communications technology (ICT) skills, by type of skill",Female,,,,,,Osun,Used a basic arithmetic formula in a spreadsheet,NGOS29,2.1
2021,"Proportion of youth and adults with information and communications technology (ICT) skills, by type of skill",Female,,,,,,Oyo,Used a basic arithmetic formula in a spreadsheet,NGOY30,1.2
2021,"Proportion of youth and adults with information and communications technology (ICT) skills, by type of skill",Female,,,,,,Plateau,Used a basic arithmetic formula in a spreadsheet,NGPL31,0.4
2021,"Proportion of youth and adults with information and communications technology (ICT) skills, by type of skill",Female,,,,,,Rivers,Used a basic arithmetic formula in a spreadsheet,NGRI32,6.9
2021,"Proportion of youth and adults with information and communications technology (ICT) skills, by type of skill",Female,,,,,,Sokoto,Used a basic arithmetic formula in a spreadsheet,NGSO33,0.1
2021,"Proportion of youth and adults with information and communications technology (ICT) skills, by type of skill",Female,,,,,,Taraba,Used a basic arithmetic formula in a spreadsheet,NGTA34,0.4
2021,"Proportion of youth and adults with information and communications technology (ICT) skills, by type of skill",Female,,,,,,Yobe,Used a basic arithmetic formula in a spreadsheet,NGYO35,0.1
2021,"Proportion of youth and adults with information and communications technology (ICT) skills, by type of skill",Female,,,,,,Zamfara,Used a basic arithmetic formula in a spreadsheet,NGZA36,0.0
2021,"Proportion of youth and adults with information and communications technology (ICT) skills, by type of skill",Female,,,,,,Federal Capital Territory,Used a basic arithmetic formula in a spreadsheet,NGFC37,5.7
2021,"Proportion of youth and adults with information and communications technology (ICT) skills, by type of skill",Female,,,,,,,"Connected and installed a new device, such as a modem, camera or printer",NG,2.7
2021,"Proportion of youth and adults with information and communications technology (ICT) skills, by type of skill",Female,Urban,,,,,,"Connected and installed a new device, such as a modem, camera or printer",NG,5.4
2021,"Proportion of youth and adults with information and communications technology (ICT) skills, by type of skill",Female,Rural,,,,,,"Connected and installed a new device, such as a modem, camera or printer",NG,0.4
2021,"Proportion of youth and adults with information and communications technology (ICT) skills, by type of skill",Female,,15-24,,,,,"Connected and installed a new device, such as a modem, camera or printer",NG,2.7
2021,"Proportion of youth and adults with information and communications technology (ICT) skills, by type of skill",Female,,15-19,,,,,"Connected and installed a new device, such as a modem, camera or printer",NG,1.8
2021,"Proportion of youth and adults with information and communications technology (ICT) skills, by type of skill",Female,,15-17,,,,,"Connected and installed a new device, such as a modem, camera or printer",NG,1.4
2021,"Proportion of youth and adults with information and communications technology (ICT) skills, by type of skill",Female,,18-19,,,,,"Connected and installed a new device, such as a modem, camera or printer",NG,2.5
2021,"Proportion of youth and adults with information and communications technology (ICT) skills, by type of skill",Female,,20-24,,,,,"Connected and installed a new device, such as a modem, camera or printer",NG,3.7
2021,"Proportion of youth and adults with information and communications technology (ICT) skills, by type of skill",Female,,25-29,,,,,"Connected and installed a new device, such as a modem, camera or printer",NG,3.2
2021,"Proportion of youth and adults with information and communications technology (ICT) skills, by type of skill",Female,,30-34,,,,,"Connected and installed a new device, such as a modem, camera or printer",NG,2.8
2021,"Proportion of youth and adults with information and communications technology (ICT) skills, by type of skill",Female,,35-39,,,,,"Connected and installed a new device, such as a modem, camera or printer",NG,3.1
2021,"Proportion of youth and adults with information and communications technology (ICT) skills, by type of skill",Female,,40-44,,,,,"Connected and installed a new device, such as a modem, camera or printer",NG,2.1
2021,"Proportion of youth and adults with information and communications technology (ICT) skills, by type of skill",Female,,45-49,,,,,"Connected and installed a new device, such as a modem, camera or printer",NG,1.8
2021,"Proportion of youth and adults with information and communications technology (ICT) skills, by type of skill",Female,,,Hausa,,,,"Connected and installed a new device, such as a modem, camera or printer",NG,0.5
2021,"Proportion of youth and adults with information and communications technology (ICT) skills, by type of skill",Female,,,Igbo,,,,"Connected and installed a new device, such as a modem, camera or printer",NG,4.8
2021,"Proportion of youth and adults with information and communications technology (ICT) skills, by type of skill",Female,,,Yoruba,,,,"Connected and installed a new device, such as a modem, camera or printer",NG,4.9
2021,"Proportion of youth and adults with information and communications technology (ICT) skills, by type of skill",Female,,,Fulani,,,,"Connected and installed a new device, such as a modem, camera or printer",NG,0.3
2021,"Proportion of youth and adults with information and communications technology (ICT) skills, by type of skill",Female,,,Kanuri,,,,"Connected and installed a new device, such as a modem, camera or printer",NG,0.7
2021,"Proportion of youth and adults with information and communications technology (ICT) skills, by type of skill",Female,,,Ijaw,,,,"Connected and installed a new device, such as a modem, camera or printer",NG,5.9
2021,"Proportion of youth and adults with information and communications technology (ICT) skills, by type of skill",Female,,,Tiv,,,,"Connected and installed a new device, such as a modem, camera or printer",NG,1.4
2021,"Proportion of youth and adults with information and communications technology (ICT) skills, by type of skill",Female,,,Ibibio,,,,"Connected and installed a new device, such as a modem, camera or printer",NG,3.7
2021,"Proportion of youth and adults with information and communications technology (ICT) skills, by type of skill",Female,,,Edo,,,,"Connected and installed a new device, such as a modem, camera or printer",NG,7.8
2021,"Proportion of youth and adults with information and communications technology (ICT) skills, by type of skill",Female,,,Other ethnicity,,,,"Connected and installed a new device, such as a modem, camera or printer",NG,2.3
2021,"Proportion of youth and adults with information and communications technology (ICT) skills, by type of skill",Female,,,,Poorest,,,"Connected and installed a new device, such as a modem, camera or printer",NG,0.0
2021,"Proportion of youth and adults with information and communications technology (ICT) skills, by type of skill",Female,,,,Second,,,"Connected and installed a new device, such as a modem, camera or printer",NG,0.1
2021,"Proportion of youth and adults with information and communications technology (ICT) skills, by type of skill",Female,,,,Middle,,,"Connected and installed a new device, such as a modem, camera or printer",NG,0.5
2021,"Proportion of youth and adults with information and communications technology (ICT) skills, by type of skill",Female,,,,Fourth,,,"Connected and installed a new device, such as a modem, camera or printer",NG,1.7
2021,"Proportion of youth and adults with information and communications technology (ICT) skills, by type of skill",Female,,,,Richest,,,"Connected and installed a new device, such as a modem, camera or printer",NG,9.7
2021,"Proportion of youth and adults with information and communications technology (ICT) skills, by type of skill",Female,,,,,North  Central,,"Connected and installed a new device, such as a modem, camera or printer",NGNCZ06,2.4
2021,"Proportion of youth and adults with information and communications technology (ICT) skills, by type of skill",Female,,,,,North East,,"Connected and installed a new device, such as a modem, camera or printer",NGNEZ05,0.5
2021,"Proportion of youth and adults with information and communications technology (ICT) skills, by type of skill",Female,,,,,North West,,"Connected and installed a new device, such as a modem, camera or printer",NGNWZ04,0.4
2021,"Proportion of youth and adults with information and communications technology (ICT) skills, by type of skill",Female,,,,,South East,,"Connected and installed a new device, such as a modem, camera or printer",NGSEZ03,3.9
2021,"Proportion of youth and adults with information and communications technology (ICT) skills, by type of skill",Female,,,,,South South,,"Connected and installed a new device, such as a modem, camera or printer",NGSSZ02,3.9
2021,"Proportion of youth and adults with information and communications technology (ICT) skills, by type of skill",Female,,,,,South West,,"Connected and installed a new device, such as a modem, camera or printer",NGSWZ01,5.5
2021,"Proportion of youth and adults with information and communications technology (ICT) skills, by type of skill",Female,,,,,,Abia,"Connected and installed a new device, such as a modem, camera or printer",NGAB01,2.0
2021,"Proportion of youth and adults with information and communications technology (ICT) skills, by type of skill",Female,,,,,,Adamawa,"Connected and installed a new device, such as a modem, camera or printer",NGAD02,0.7
2021,"Proportion of youth and adults with information and communications technology (ICT) skills, by type of skill",Female,,,,,,Akwa Ibom,"Connected and installed a new device, such as a modem, camera or printer",NGAK03,1.6
2021,"Proportion of youth and adults with information and communications technology (ICT) skills, by type of skill",Female,,,,,,Anambra,"Connected and installed a new device, such as a modem, camera or printer",NGAN04,2.6
2021,"Proportion of youth and adults with information and communications technology (ICT) skills, by type of skill",Female,,,,,,Bauchi,"Connected and installed a new device, such as a modem, camera or printer",NGBA05,0.1
2021,"Proportion of youth and adults with information and communications technology (ICT) skills, by type of skill",Female,,,,,,Bayelsa,"Connected and installed a new device, such as a modem, camera or printer",NGBY06,2.2
2021,"Proportion of youth and adults with information and communications technology (ICT) skills, by type of skill",Female,,,,,,Benue,"Connected and installed a new device, such as a modem, camera or printer",NGBE07,1.6
2021,"Proportion of youth and adults with information and communications technology (ICT) skills, by type of skill",Female,,,,,,Borno,"Connected and installed a new device, such as a modem, camera or printer",NGBO08,0.6
2021,"Proportion of youth and adults with information and communications technology (ICT) skills, by type of skill",Female,,,,,,Cross River,"Connected and installed a new device, such as a modem, camera or printer",NGXR09,3.8
2021,"Proportion of youth and adults with information and communications technology (ICT) skills, by type of skill",Female,,,,,,Delta,"Connected and installed a new device, such as a modem, camera or printer",NGDE10,1.5
2021,"Proportion of youth and adults with information and communications technology (ICT) skills, by type of skill",Female,,,,,,Ebonyi,"Connected and installed a new device, such as a modem, camera or printer",NGEB11,4.1
2021,"Proportion of youth and adults with information and communications technology (ICT) skills, by type of skill",Female,,,,,,Edo,"Connected and installed a new device, such as a modem, camera or printer",NGED12,5.3
2021,"Proportion of youth and adults with information and communications technology (ICT) skills, by type of skill",Female,,,,,,Ekiti,"Connected and installed a new device, such as a modem, camera or printer",NGEK13,2.7
2021,"Proportion of youth and adults with information and communications technology (ICT) skills, by type of skill",Female,,,,,,Enugu,"Connected and installed a new device, such as a modem, camera or printer",NGEN14,7.6
2021,"Proportion of youth and adults with information and communications technology (ICT) skills, by type of skill",Female,,,,,,Gombe,"Connected and installed a new device, such as a modem, camera or printer",NGGO15,1.0
2021,"Proportion of youth and adults with information and communications technology (ICT) skills, by type of skill",Female,,,,,,Imo,"Connected and installed a new device, such as a modem, camera or printer",NGIM16,3.4
2021,"Proportion of youth and adults with information and communications technology (ICT) skills, by type of skill",Female,,,,,,Jigawa,"Connected and installed a new device, such as a modem, camera or printer",NGJI17,0.2
2021,"Proportion of youth and adults with information and communications technology (ICT) skills, by type of skill",Female,,,,,,Kaduna,"Connected and installed a new device, such as a modem, camera or printer",NGKD18,1.3
2021,"Proportion of youth and adults with information and communications technology (ICT) skills, by type of skill",Female,,,,,,Kano,"Connected and installed a new device, such as a modem, camera or printer",NGKN19,0.1
2021,"Proportion of youth and adults with information and communications technology (ICT) skills, by type of skill",Female,,,,,,Katsina,"Connected and installed a new device, such as a modem, camera or printer",NGKT20,0.7
2021,"Proportion of youth and adults with information and communications technology (ICT) skills, by type of skill",Female,,,,,,Kebbi,"Connected and installed a new device, such as a modem, camera or printer",NGKE21,0.2
2021,"Proportion of youth and adults with information and communications technology (ICT) skills, by type of skill",Female,,,,,,Kogi,"Connected and installed a new device, such as a modem, camera or printer",NGKO22,1.4
2021,"Proportion of youth and adults with information and communications technology (ICT) skills, by type of skill",Female,,,,,,Kwara,"Connected and installed a new device, such as a modem, camera or printer",NGKW23,1.6
2021,"Proportion of youth and adults with information and communications technology (ICT) skills, by type of skill",Female,,,,,,Lagos,"Connected and installed a new device, such as a modem, camera or printer",NGLA24,12.2
2021,"Proportion of youth and adults with information and communications technology (ICT) skills, by type of skill",Female,,,,,,Nasarawa,"Connected and installed a new device, such as a modem, camera or printer",NGNA25,0.8
2021,"Proportion of youth and adults with information and communications technology (ICT) skills, by type of skill",Female,,,,,,Niger,"Connected and installed a new device, such as a modem, camera or printer",NGNI26,2.5
2021,"Proportion of youth and adults with information and communications technology (ICT) skills, by type of skill",Female,,,,,,Ogun,"Connected and installed a new device, such as a modem, camera or printer",NGOG27,1.7
2021,"Proportion of youth and adults with information and communications technology (ICT) skills, by type of skill",Female,,,,,,Ondo,"Connected and installed a new device, such as a modem, camera or printer",NGON28,1.1
2021,"Proportion of youth and adults with information and communications technology (ICT) skills, by type of skill",Female,,,,,,Osun,"Connected and installed a new device, such as a modem, camera or printer",NGOS29,1.4
2021,"Proportion of youth and adults with information and communications technology (ICT) skills, by type of skill",Female,,,,,,Oyo,"Connected and installed a new device, such as a modem, camera or printer",NGOY30,2.1
2021,"Proportion of youth and adults with information and communications technology (ICT) skills, by type of skill",Female,,,,,,Plateau,"Connected and installed a new device, such as a modem, camera or printer",NGPL31,1.0
2021,"Proportion of youth and adults with information and communications technology (ICT) skills, by type of skill",Female,,,,,,Rivers,"Connected and installed a new device, such as a modem, camera or printer",NGRI32,6.6
2021,"Proportion of youth and adults with information and communications technology (ICT) skills, by type of skill",Female,,,,,,Sokoto,"Connected and installed a new device, such as a modem, camera or printer",NGSO33,0.1
2021,"Proportion of youth and adults with information and communications technology (ICT) skills, by type of skill",Female,,,,,,Taraba,"Connected and installed a new device, such as a modem, camera or printer",NGTA34,0.8
2021,"Proportion of youth and adults with information and communications technology (ICT) skills, by type of skill",Female,,,,,,Yobe,"Connected and installed a new device, such as a modem, camera or printer",NGYO35,0.3
2021,"Proportion of youth and adults with information and communications technology (ICT) skills, by type of skill",Female,,,,,,Zamfara,"Connected and installed a new device, such as a modem, camera or printer",NGZA36,0.2
2021,"Proportion of youth and adults with information and communications technology (ICT) skills, by type of skill",Female,,,,,,Federal Capital Territory,"Connected and installed a new device, such as a modem, camera or printer",NGFC37,8.8
2021,"Proportion of youth and adults with information and communications technology (ICT) skills, by type of skill",Female,,,,,,,"Found, downloaded, installed and configured software",NG,2.5
2021,"Proportion of youth and adults with information and communications technology (ICT) skills, by type of skill",Female,Urban,,,,,,"Found, downloaded, installed and configured software",NG,4.8
2021,"Proportion of youth and adults with information and communications technology (ICT) skills, by type of skill",Female,Rural,,,,,,"Found, downloaded, installed and configured software",NG,0.5
2021,"Proportion of youth and adults with information and communications technology (ICT) skills, by type of skill",Female,,15-24,,,,,"Found, downloaded, installed and configured software",NG,2.5
2021,"Proportion of youth and adults with information and communications technology (ICT) skills, by type of skill",Female,,15-19,,,,,"Found, downloaded, installed and configured software",NG,1.7
2021,"Proportion of youth and adults with information and communications technology (ICT) skills, by type of skill",Female,,15-17,,,,,"Found, downloaded, installed and configured software",NG,1.4
2021,"Proportion of youth and adults with information and communications technology (ICT) skills, by type of skill",Female,,18-19,,,,,"Found, downloaded, installed and configured software",NG,2.3
2021,"Proportion of youth and adults with information and communications technology (ICT) skills, by type of skill",Female,,20-24,,,,,"Found, downloaded, installed and configured software",NG,3.6
2021,"Proportion of youth and adults with information and communications technology (ICT) skills, by type of skill",Female,,25-29,,,,,"Found, downloaded, installed and configured software",NG,2.9
2021,"Proportion of youth and adults with information and communications technology (ICT) skills, by type of skill",Female,,30-34,,,,,"Found, downloaded, installed and configured software",NG,3.0
2021,"Proportion of youth and adults with information and communications technology (ICT) skills, by type of skill",Female,,35-39,,,,,"Found, downloaded, installed and configured software",NG,3.0
2021,"Proportion of youth and adults with information and communications technology (ICT) skills, by type of skill",Female,,40-44,,,,,"Found, downloaded, installed and configured software",NG,1.6
2021,"Proportion of youth and adults with information and communications technology (ICT) skills, by type of skill",Female,,45-49,,,,,"Found, downloaded, installed and configured software",NG,1.0
2021,"Proportion of youth and adults with information and communications technology (ICT) skills, by type of skill",Female,,,Hausa,,,,"Found, downloaded, installed and configured software",NG,0.6
2021,"Proportion of youth and adults with information and communications technology (ICT) skills, by type of skill",Female,,,Igbo,,,,"Found, downloaded, installed and configured software",NG,4.9
2021,"Proportion of youth and adults with information and communications technology (ICT) skills, by type of skill",Female,,,Yoruba,,,,"Found, downloaded, installed and configured software",NG,4.0
2021,"Proportion of youth and adults with information and communications technology (ICT) skills, by type of skill",Female,,,Fulani,,,,"Found, downloaded, installed and configured software",NG,0.3
2021,"Proportion of youth and adults with information and communications technology (ICT) skills, by type of skill",Female,,,Kanuri,,,,"Found, downloaded, installed and configured software",NG,0.8
2021,"Proportion of youth and adults with information and communications technology (ICT) skills, by type of skill",Female,,,Ijaw,,,,"Found, downloaded, installed and configured software",NG,4.6
2021,"Proportion of youth and adults with information and communications technology (ICT) skills, by type of skill",Female,,,Tiv,,,,"Found, downloaded, installed and configured software",NG,1.3
2021,"Proportion of youth and adults with information and communications technology (ICT) skills, by type of skill",Female,,,Ibibio,,,,"Found, downloaded, installed and configured software",NG,4.1
2021,"Proportion of youth and adults with information and communications technology (ICT) skills, by type of skill",Female,,,Edo,,,,"Found, downloaded, installed and configured software",NG,6.0
2021,"Proportion of youth and adults with information and communications technology (ICT) skills, by type of skill",Female,,,Other ethnicity,,,,"Found, downloaded, installed and configured software",NG,2.1
2021,"Proportion of youth and adults with information and communications technology (ICT) skills, by type of skill",Female,,,,Poorest,,,"Found, downloaded, installed and configured software",NG,0.0
2021,"Proportion of youth and adults with information and communications technology (ICT) skills, by type of skill",Female,,,,Second,,,"Found, downloaded, installed and configured software",NG,0.1
2021,"Proportion of youth and adults with information and communications technology (ICT) skills, by type of skill",Female,,,,Middle,,,"Found, downloaded, installed and configured software",NG,0.6
2021,"Proportion of youth and adults with information and communications technology (ICT) skills, by type of skill",Female,,,,Fourth,,,"Found, downloaded, installed and configured software",NG,1.4
2021,"Proportion of youth and adults with information and communications technology (ICT) skills, by type of skill",Female,,,,Richest,,,"Found, downloaded, installed and configured software",NG,8.9
2021,"Proportion of youth and adults with information and communications technology (ICT) skills, by type of skill",Female,,,,,North  Central,,"Found, downloaded, installed and configured software",NGNCZ06,2.3
2021,"Proportion of youth and adults with information and communications technology (ICT) skills, by type of skill",Female,,,,,North East,,"Found, downloaded, installed and configured software",NGNEZ05,0.6
2021,"Proportion of youth and adults with information and communications technology (ICT) skills, by type of skill",Female,,,,,North West,,"Found, downloaded, installed and configured software",NGNWZ04,0.5
2021,"Proportion of youth and adults with information and communications technology (ICT) skills, by type of skill",Female,,,,,South East,,"Found, downloaded, installed and configured software",NGSEZ03,4.4
2021,"Proportion of youth and adults with information and communications technology (ICT) skills, by type of skill",Female,,,,,South South,,"Found, downloaded, installed and configured software",NGSSZ02,3.4
2021,"Proportion of youth and adults with information and communications technology (ICT) skills, by type of skill",Female,,,,,South West,,"Found, downloaded, installed and configured software",NGSWZ01,4.5
2021,"Proportion of youth and adults with information and communications technology (ICT) skills, by type of skill",Female,,,,,,Abia,"Found, downloaded, installed and configured software",NGAB01,2.0
2021,"Proportion of youth and adults with information and communications technology (ICT) skills, by type of skill",Female,,,,,,Adamawa,"Found, downloaded, installed and configured software",NGAD02,0.5
2021,"Proportion of youth and adults with information and communications technology (ICT) skills, by type of skill",Female,,,,,,Akwa Ibom,"Found, downloaded, installed and configured software",NGAK03,2.6
2021,"Proportion of youth and adults with information and communications technology (ICT) skills, by type of skill",Female,,,,,,Anambra,"Found, downloaded, installed and configured software",NGAN04,1.7
2021,"Proportion of youth and adults with information and communications technology (ICT) skills, by type of skill",Female,,,,,,Bauchi,"Found, downloaded, installed and configured software",NGBA05,0.2
2021,"Proportion of youth and adults with information and communications technology (ICT) skills, by type of skill",Female,,,,,,Bayelsa,"Found, downloaded, installed and configured software",NGBY06,2.2
2021,"Proportion of youth and adults with information and communications technology (ICT) skills, by type of skill",Female,,,,,,Benue,"Found, downloaded, installed and configured software",NGBE07,1.7
2021,"Proportion of youth and adults with information and communications technology (ICT) skills, by type of skill",Female,,,,,,Borno,"Found, downloaded, installed and configured software",NGBO08,0.6
2021,"Proportion of youth and adults with information and communications technology (ICT) skills, by type of skill",Female,,,,,,Cross River,"Found, downloaded, installed and configured software",NGXR09,3.0
2021,"Proportion of youth and adults with information and communications technology (ICT) skills, by type of skill",Female,,,,,,Delta,"Found, downloaded, installed and configured software",NGDE10,1.9
2021,"Proportion of youth and adults with information and communications technology (ICT) skills, by type of skill",Female,,,,,,Ebonyi,"Found, downloaded, installed and configured software",NGEB11,9.1
2021,"Proportion of youth and adults with information and communications technology (ICT) skills, by type of skill",Female,,,,,,Edo,"Found, downloaded, installed and configured software",NGED12,3.9
2021,"Proportion of youth and adults with information and communications technology (ICT) skills, by type of skill",Female,,,,,,Ekiti,"Found, downloaded, installed and configured software",NGEK13,2.6
2021,"Proportion of youth and adults with information and communications technology (ICT) skills, by type of skill",Female,,,,,,Enugu,"Found, downloaded, installed and configured software",NGEN14,7.0
2021,"Proportion of youth and adults with information and communications technology (ICT) skills, by type of skill",Female,,,,,,Gombe,"Found, downloaded, installed and configured software",NGGO15,0.8
2021,"Proportion of youth and adults with information and communications technology (ICT) skills, by type of skill",Female,,,,,,Imo,"Found, downloaded, installed and configured software",NGIM16,3.7
2021,"Proportion of youth and adults with information and communications technology (ICT) skills, by type of skill",Female,,,,,,Jigawa,"Found, downloaded, installed and configured software",NGJI17,0.1
2021,"Proportion of youth and adults with information and communications technology (ICT) skills, by type of skill",Female,,,,,,Kaduna,"Found, downloaded, installed and configured software",NGKD18,1.4
2021,"Proportion of youth and adults with information and communications technology (ICT) skills, by type of skill",Female,,,,,,Kano,"Found, downloaded, installed and configured software",NGKN19,0.4
2021,"Proportion of youth and adults with information and communications technology (ICT) skills, by type of skill",Female,,,,,,Katsina,"Found, downloaded, installed and configured software",NGKT20,0.6
2021,"Proportion of youth and adults with information and communications technology (ICT) skills, by type of skill",Female,,,,,,Kebbi,"Found, downloaded, installed and configured software",NGKE21,0.3
2021,"Proportion of youth and adults with information and communications technology (ICT) skills, by type of skill",Female,,,,,,Kogi,"Found, downloaded, installed and configured software",NGKO22,1.4
2021,"Proportion of youth and adults with information and communications technology (ICT) skills, by type of skill",Female,,,,,,Kwara,"Found, downloaded, installed and configured software",NGKW23,1.4
2021,"Proportion of youth and adults with information and communications technology (ICT) skills, by type of skill",Female,,,,,,Lagos,"Found, downloaded, installed and configured software",NGLA24,10.3
2021,"Proportion of youth and adults with information and communications technology (ICT) skills, by type of skill",Female,,,,,,Nasarawa,"Found, downloaded, installed and configured software",NGNA25,0.8
2021,"Proportion of youth and adults with information and communications technology (ICT) skills, by type of skill",Female,,,,,,Niger,"Found, downloaded, installed and configured software",NGNI26,2.4
2021,"Proportion of youth and adults with information and communications technology (ICT) skills, by type of skill",Female,,,,,,Ogun,"Found, downloaded, installed and configured software",NGOG27,0.7
2021,"Proportion of youth and adults with information and communications technology (ICT) skills, by type of skill",Female,,,,,,Ondo,"Found, downloaded, installed and configured software",NGON28,1.0
2021,"Proportion of youth and adults with information and communications technology (ICT) skills, by type of skill",Female,,,,,,Osun,"Found, downloaded, installed and configured software",NGOS29,1.4
2021,"Proportion of youth and adults with information and communications technology (ICT) skills, by type of skill",Female,,,,,,Oyo,"Found, downloaded, installed and configured software",NGOY30,1.0
2021,"Proportion of youth and adults with information and communications technology (ICT) skills, by type of skill",Female,,,,,,Plateau,"Found, downloaded, installed and configured software",NGPL31,1.5
2021,"Proportion of youth and adults with information and communications technology (ICT) skills, by type of skill",Female,,,,,,Rivers,"Found, downloaded, installed and configured software",NGRI32,5.3
2021,"Proportion of youth and adults with information and communications technology (ICT) skills, by type of skill",Female,,,,,,Sokoto,"Found, downloaded, installed and configured software",NGSO33,0.1
2021,"Proportion of youth and adults with information and communications technology (ICT) skills, by type of skill",Female,,,,,,Taraba,"Found, downloaded, installed and configured software",NGTA34,1.1
2021,"Proportion of youth and adults with information and communications technology (ICT) skills, by type of skill",Female,,,,,,Yobe,"Found, downloaded, installed and configured software",NGYO35,0.7
2021,"Proportion of youth and adults with information and communications technology (ICT) skills, by type of skill",Female,,,,,,Zamfara,"Found, downloaded, installed and configured software",NGZA36,0.3
2021,"Proportion of youth and adults with information and communications technology (ICT) skills, by type of skill",Female,,,,,,Federal Capital Territory,"Found, downloaded, installed and configured software",NGFC37,7.8
2021,"Proportion of youth and adults with information and communications technology (ICT) skills, by type of skill",Female,,,,,,,"Created an electronic presentation with presentation software, including text, images, sound, video or charts",NG,2.3
2021,"Proportion of youth and adults with information and communications technology (ICT) skills, by type of skill",Female,Urban,,,,,,"Created an electronic presentation with presentation software, including text, images, sound, video or charts",NG,4.6
2021,"Proportion of youth and adults with information and communications technology (ICT) skills, by type of skill",Female,Rural,,,,,,"Created an electronic presentation with presentation software, including text, images, sound, video or charts",NG,0.4
2021,"Proportion of youth and adults with information and communications technology (ICT) skills, by type of skill",Female,,15-24,,,,,"Created an electronic presentation with presentation software, including text, images, sound, video or charts",NG,2.0
2021,"Proportion of youth and adults with information and communications technology (ICT) skills, by type of skill",Female,,15-19,,,,,"Created an electronic presentation with presentation software, including text, images, sound, video or charts",NG,1.3
2021,"Proportion of youth and adults with information and communications technology (ICT) skills, by type of skill",Female,,15-17,,,,,"Created an electronic presentation with presentation software, including text, images, sound, video or charts",NG,1.1
2021,"Proportion of youth and adults with information and communications technology (ICT) skills, by type of skill",Female,,18-19,,,,,"Created an electronic presentation with presentation software, including text, images, sound, video or charts",NG,1.6
2021,"Proportion of youth and adults with information and communications technology (ICT) skills, by type of skill",Female,,20-24,,,,,"Created an electronic presentation with presentation software, including text, images, sound, video or charts",NG,3.1
2021,"Proportion of youth and adults with information and communications technology (ICT) skills, by type of skill",Female,,25-29,,,,,"Created an electronic presentation with presentation software, including text, images, sound, video or charts",NG,2.9
2021,"Proportion of youth and adults with information and communications technology (ICT) skills, by type of skill",Female,,30-34,,,,,"Created an electronic presentation with presentation software, including text, images, sound, video or charts",NG,2.9
2021,"Proportion of youth and adults with information and communications technology (ICT) skills, by type of skill",Female,,35-39,,,,,"Created an electronic presentation with presentation software, including text, images, sound, video or charts",NG,2.9
2021,"Proportion of youth and adults with information and communications technology (ICT) skills, by type of skill",Female,,40-44,,,,,"Created an electronic presentation with presentation software, including text, images, sound, video or charts",NG,1.7
2021,"Proportion of youth and adults with information and communications technology (ICT) skills, by type of skill",Female,,45-49,,,,,"Created an electronic presentation with presentation software, including text, images, sound, video or charts",NG,1.3
2021,"Proportion of youth and adults with information and communications technology (ICT) skills, by type of skill",Female,,,Hausa,,,,"Created an electronic presentation with presentation software, including text, images, sound, video or charts",NG,0.4
2021,"Proportion of youth and adults with information and communications technology (ICT) skills, by type of skill",Female,,,Igbo,,,,"Created an electronic presentation with presentation software, including text, images, sound, video or charts",NG,4.4
2021,"Proportion of youth and adults with information and communications technology (ICT) skills, by type of skill",Female,,,Yoruba,,,,"Created an electronic presentation with presentation software, including text, images, sound, video or charts",NG,4.4
2021,"Proportion of youth and adults with information and communications technology (ICT) skills, by type of skill",Female,,,Fulani,,,,"Created an electronic presentation with presentation software, including text, images, sound, video or charts",NG,0.1
2021,"Proportion of youth and adults with information and communications technology (ICT) skills, by type of skill",Female,,,Kanuri,,,,"Created an electronic presentation with presentation software, including text, images, sound, video or charts",NG,0.5
2021,"Proportion of youth and adults with information and communications technology (ICT) skills, by type of skill",Female,,,Ijaw,,,,"Created an electronic presentation with presentation software, including text, images, sound, video or charts",NG,5.3
2021,"Proportion of youth and adults with information and communications technology (ICT) skills, by type of skill",Female,,,Tiv,,,,"Created an electronic presentation with presentation software, including text, images, sound, video or charts",NG,0.8
2021,"Proportion of youth and adults with information and communications technology (ICT) skills, by type of skill",Female,,,Ibibio,,,,"Created an electronic presentation with presentation software, including text, images, sound, video or charts",NG,4.4
2021,"Proportion of youth and adults with information and communications technology (ICT) skills, by type of skill",Female,,,Edo,,,,"Created an electronic presentation with presentation software, including text, images, sound, video or charts",NG,5.4
2021,"Proportion of youth and adults with information and communications technology (ICT) skills, by type of skill",Female,,,Other ethnicity,,,,"Created an electronic presentation with presentation software, including text, images, sound, video or charts",NG,1.8
2021,"Proportion of youth and adults with information and communications technology (ICT) skills, by type of skill",Female,,,,Poorest,,,"Created an electronic presentation with presentation software, including text, images, sound, video or charts",NG,0.0
2021,"Proportion of youth and adults with information and communications technology (ICT) skills, by type of skill",Female,,,,Second,,,"Created an electronic presentation with presentation software, including text, images, sound, video or charts",NG,0.1
2021,"Proportion of youth and adults with information and communications technology (ICT) skills, by type of skill",Female,,,,Middle,,,"Created an electronic presentation with presentation software, including text, images, sound, video or charts",NG,0.3
2021,"Proportion of youth and adults with information and communications technology (ICT) skills, by type of skill",Female,,,,Fourth,,,"Created an electronic presentation with presentation software, including text, images, sound, video or charts",NG,1.5
2021,"Proportion of youth and adults with information and communications technology (ICT) skills, by type of skill",Female,,,,Richest,,,"Created an electronic presentation with presentation software, including text, images, sound, video or charts",NG,8.3
2021,"Proportion of youth and adults with information and communications technology (ICT) skills, by type of skill",Female,,,,,North  Central,,"Created an electronic presentation with presentation software, including text, images, sound, video or charts",NGNCZ06,1.7
2021,"Proportion of youth and adults with information and communications technology (ICT) skills, by type of skill",Female,,,,,North East,,"Created an electronic presentation with presentation software, including text, images, sound, video or charts",NGNEZ05,0.5
2021,"Proportion of youth and adults with information and communications technology (ICT) skills, by type of skill",Female,,,,,North West,,"Created an electronic presentation with presentation software, including text, images, sound, video or charts",NGNWZ04,0.4
2021,"Proportion of youth and adults with information and communications technology (ICT) skills, by type of skill",Female,,,,,South East,,"Created an electronic presentation with presentation software, including text, images, sound, video or charts",NGSEZ03,3.5
2021,"Proportion of youth and adults with information and communications technology (ICT) skills, by type of skill",Female,,,,,South South,,"Created an electronic presentation with presentation software, including text, images, sound, video or charts",NGSSZ02,3.2
2021,"Proportion of youth and adults with information and communications technology (ICT) skills, by type of skill",Female,,,,,South West,,"Created an electronic presentation with presentation software, including text, images, sound, video or charts",NGSWZ01,4.9
2021,"Proportion of youth and adults with information and communications technology (ICT) skills, by type of skill",Female,,,,,,Abia,"Created an electronic presentation with presentation software, including text, images, sound, video or charts",NGAB01,1.9
2021,"Proportion of youth and adults with information and communications technology (ICT) skills, by type of skill",Female,,,,,,Adamawa,"Created an electronic presentation with presentation software, including text, images, sound, video or charts",NGAD02,0.4
2021,"Proportion of youth and adults with information and communications technology (ICT) skills, by type of skill",Female,,,,,,Akwa Ibom,"Created an electronic presentation with presentation software, including text, images, sound, video or charts",NGAK03,1.8
2021,"Proportion of youth and adults with information and communications technology (ICT) skills, by type of skill",Female,,,,,,Anambra,"Created an electronic presentation with presentation software, including text, images, sound, video or charts",NGAN04,2.9
2021,"Proportion of youth and adults with information and communications technology (ICT) skills, by type of skill",Female,,,,,,Bauchi,"Created an electronic presentation with presentation software, including text, images, sound, video or charts",NGBA05,0.2
2021,"Proportion of youth and adults with information and communications technology (ICT) skills, by type of skill",Female,,,,,,Bayelsa,"Created an electronic presentation with presentation software, including text, images, sound, video or charts",NGBY06,2.1
2021,"Proportion of youth and adults with information and communications technology (ICT) skills, by type of skill",Female,,,,,,Benue,"Created an electronic presentation with presentation software, including text, images, sound, video or charts",NGBE07,0.9
2021,"Proportion of youth and adults with information and communications technology (ICT) skills, by type of skill",Female,,,,,,Borno,"Created an electronic presentation with presentation software, including text, images, sound, video or charts",NGBO08,0.7
2021,"Proportion of youth and adults with information and communications technology (ICT) skills, by type of skill",Female,,,,,,Cross River,"Created an electronic presentation with presentation software, including text, images, sound, video or charts",NGXR09,2.2
2021,"Proportion of youth and adults with information and communications technology (ICT) skills, by type of skill",Female,,,,,,Delta,"Created an electronic presentation with presentation software, including text, images, sound, video or charts",NGDE10,1.4
2021,"Proportion of youth and adults with information and communications technology (ICT) skills, by type of skill",Female,,,,,,Ebonyi,"Created an electronic presentation with presentation software, including text, images, sound, video or charts",NGEB11,7.6
2021,"Proportion of youth and adults with information and communications technology (ICT) skills, by type of skill",Female,,,,,,Edo,"Created an electronic presentation with presentation software, including text, images, sound, video or charts",NGED12,2.9
2021,"Proportion of youth and adults with information and communications technology (ICT) skills, by type of skill",Female,,,,,,Ekiti,"Created an electronic presentation with presentation software, including text, images, sound, video or charts",NGEK13,1.0
2021,"Proportion of youth and adults with information and communications technology (ICT) skills, by type of skill",Female,,,,,,Enugu,"Created an electronic presentation with presentation software, including text, images, sound, video or charts",NGEN14,4.3
2021,"Proportion of youth and adults with information and communications technology (ICT) skills, by type of skill",Female,,,,,,Gombe,"Created an electronic presentation with presentation software, including text, images, sound, video or charts",NGGO15,0.6
2021,"Proportion of youth and adults with information and communications technology (ICT) skills, by type of skill",Female,,,,,,Imo,"Created an electronic presentation with presentation software, including text, images, sound, video or charts",NGIM16,1.6
2021,"Proportion of youth and adults with information and communications technology (ICT) skills, by type of skill",Female,,,,,,Jigawa,"Created an electronic presentation with presentation software, including text, images, sound, video or charts",NGJI17,0.1
2021,"Proportion of youth and adults with information and communications technology (ICT) skills, by type of skill",Female,,,,,,Kaduna,"Created an electronic presentation with presentation software, including text, images, sound, video or charts",NGKD18,1.8
2021,"Proportion of youth and adults with information and communications technology (ICT) skills, by type of skill",Female,,,,,,Kano,"Created an electronic presentation with presentation software, including text, images, sound, video or charts",NGKN19,0.2
2021,"Proportion of youth and adults with information and communications technology (ICT) skills, by type of skill",Female,,,,,,Katsina,"Created an electronic presentation with presentation software, including text, images, sound, video or charts",NGKT20,0.3
2021,"Proportion of youth and adults with information and communications technology (ICT) skills, by type of skill",Female,,,,,,Kebbi,"Created an electronic presentation with presentation software, including text, images, sound, video or charts",NGKE21,0.1
2021,"Proportion of youth and adults with information and communications technology (ICT) skills, by type of skill",Female,,,,,,Kogi,"Created an electronic presentation with presentation software, including text, images, sound, video or charts",NGKO22,0.4
2021,"Proportion of youth and adults with information and communications technology (ICT) skills, by type of skill",Female,,,,,,Kwara,"Created an electronic presentation with presentation software, including text, images, sound, video or charts",NGKW23,0.6
2021,"Proportion of youth and adults with information and communications technology (ICT) skills, by type of skill",Female,,,,,,Lagos,"Created an electronic presentation with presentation software, including text, images, sound, video or charts",NGLA24,12.4
2021,"Proportion of youth and adults with information and communications technology (ICT) skills, by type of skill",Female,,,,,,Nasarawa,"Created an electronic presentation with presentation software, including text, images, sound, video or charts",NGNA25,0.5
2021,"Proportion of youth and adults with information and communications technology (ICT) skills, by type of skill",Female,,,,,,Niger,"Created an electronic presentation with presentation software, including text, images, sound, video or charts",NGNI26,2.8
2021,"Proportion of youth and adults with information and communications technology (ICT) skills, by type of skill",Female,,,,,,Ogun,"Created an electronic presentation with presentation software, including text, images, sound, video or charts",NGOG27,0.4
2021,"Proportion of youth and adults with information and communications technology (ICT) skills, by type of skill",Female,,,,,,Ondo,"Created an electronic presentation with presentation software, including text, images, sound, video or charts",NGON28,0.5
2021,"Proportion of youth and adults with information and communications technology (ICT) skills, by type of skill",Female,,,,,,Osun,"Created an electronic presentation with presentation software, including text, images, sound, video or charts",NGOS29,1.7
2021,"Proportion of youth and adults with information and communications technology (ICT) skills, by type of skill",Female,,,,,,Oyo,"Created an electronic presentation with presentation software, including text, images, sound, video or charts",NGOY30,0.7
2021,"Proportion of youth and adults with information and communications technology (ICT) skills, by type of skill",Female,,,,,,Plateau,"Created an electronic presentation with presentation software, including text, images, sound, video or charts",NGPL31,1.2
2021,"Proportion of youth and adults with information and communications technology (ICT) skills, by type of skill",Female,,,,,,Rivers,"Created an electronic presentation with presentation software, including text, images, sound, video or charts",NGRI32,6.4
2021,"Proportion of youth and adults with information and communications technology (ICT) skills, by type of skill",Female,,,,,,Sokoto,"Created an electronic presentation with presentation software, including text, images, sound, video or charts",NGSO33,0.1
2021,"Proportion of youth and adults with information and communications technology (ICT) skills, by type of skill",Female,,,,,,Taraba,"Created an electronic presentation with presentation software, including text, images, sound, video or charts",NGTA34,1.0
2021,"Proportion of youth and adults with information and communications technology (ICT) skills, by type of skill",Female,,,,,,Yobe,"Created an electronic presentation with presentation software, including text, images, sound, video or charts",NGYO35,0.1
2021,"Proportion of youth and adults with information and communications technology (ICT) skills, by type of skill",Female,,,,,,Zamfara,"Created an electronic presentation with presentation software, including text, images, sound, video or charts",NGZA36,0.1
2021,"Proportion of youth and adults with information and communications technology (ICT) skills, by type of skill",Female,,,,,,Federal Capital Territory,"Created an electronic presentation with presentation software, including text, images, sound, video or charts",NGFC37,5.5
2021,"Proportion of youth and adults with information and communications technology (ICT) skills, by type of skill",Female,,,,,,,Transferred a file between a computer and other device,NG,3.8
2021,"Proportion of youth and adults with information and communications technology (ICT) skills, by type of skill",Female,Urban,,,,,,Transferred a file between a computer and other device,NG,7.4
2021,"Proportion of youth and adults with information and communications technology (ICT) skills, by type of skill",Female,Rural,,,,,,Transferred a file between a computer and other device,NG,0.8
2021,"Proportion of youth and adults with information and communications technology (ICT) skills, by type of skill",Female,,15-24,,,,,Transferred a file between a computer and other device,NG,3.7
2021,"Proportion of youth and adults with information and communications technology (ICT) skills, by type of skill",Female,,15-19,,,,,Transferred a file between a computer and other device,NG,2.4
2021,"Proportion of youth and adults with information and communications technology (ICT) skills, by type of skill",Female,,15-17,,,,,Transferred a file between a computer and other device,NG,1.6
2021,"Proportion of youth and adults with information and communications technology (ICT) skills, by type of skill",Female,,18-19,,,,,Transferred a file between a computer and other device,NG,3.7
2021,"Proportion of youth and adults with information and communications technology (ICT) skills, by type of skill",Female,,20-24,,,,,Transferred a file between a computer and other device,NG,5.4
2021,"Proportion of youth and adults with information and communications technology (ICT) skills, by type of skill",Female,,25-29,,,,,Transferred a file between a computer and other device,NG,4.4
2021,"Proportion of youth and adults with information and communications technology (ICT) skills, by type of skill",Female,,30-34,,,,,Transferred a file between a computer and other device,NG,4.6
2021,"Proportion of youth and adults with information and communications technology (ICT) skills, by type of skill",Female,,35-39,,,,,Transferred a file between a computer and other device,NG,5.0
2021,"Proportion of youth and adults with information and communications technology (ICT) skills, by type of skill",Female,,40-44,,,,,Transferred a file between a computer and other device,NG,2.5
2021,"Proportion of youth and adults with information and communications technology (ICT) skills, by type of skill",Female,,45-49,,,,,Transferred a file between a computer and other device,NG,1.8
2021,"Proportion of youth and adults with information and communications technology (ICT) skills, by type of skill",Female,,,Hausa,,,,Transferred a file between a computer and other device,NG,0.7
2021,"Proportion of youth and adults with information and communications technology (ICT) skills, by type of skill",Female,,,Igbo,,,,Transferred a file between a computer and other device,NG,7.1
2021,"Proportion of youth and adults with information and communications technology (ICT) skills, by type of skill",Female,,,Yoruba,,,,Transferred a file between a computer and other device,NG,7.0
2021,"Proportion of youth and adults with information and communications technology (ICT) skills, by type of skill",Female,,,Fulani,,,,Transferred a file between a computer and other device,NG,0.4
2021,"Proportion of youth and adults with information and communications technology (ICT) skills, by type of skill",Female,,,Kanuri,,,,Transferred a file between a computer and other device,NG,1.2
2021,"Proportion of youth and adults with information and communications technology (ICT) skills, by type of skill",Female,,,Ijaw,,,,Transferred a file between a computer and other device,NG,7.6
2021,"Proportion of youth and adults with information and communications technology (ICT) skills, by type of skill",Female,,,Tiv,,,,Transferred a file between a computer and other device,NG,2.4
2021,"Proportion of youth and adults with information and communications technology (ICT) skills, by type of skill",Female,,,Ibibio,,,,Transferred a file between a computer and other device,NG,7.5
2021,"Proportion of youth and adults with information and communications technology (ICT) skills, by type of skill",Female,,,Edo,,,,Transferred a file between a computer and other device,NG,8.0
2021,"Proportion of youth and adults with information and communications technology (ICT) skills, by type of skill",Female,,,Other ethnicity,,,,Transferred a file between a computer and other device,NG,3.1
2021,"Proportion of youth and adults with information and communications technology (ICT) skills, by type of skill",Female,,,,Poorest,,,Transferred a file between a computer and other device,NG,0.1
2021,"Proportion of youth and adults with information and communications technology (ICT) skills, by type of skill",Female,,,,Second,,,Transferred a file between a computer and other device,NG,0.2
2021,"Proportion of youth and adults with information and communications technology (ICT) skills, by type of skill",Female,,,,Middle,,,Transferred a file between a computer and other device,NG,0.7
2021,"Proportion of youth and adults with information and communications technology (ICT) skills, by type of skill",Female,,,,Fourth,,,Transferred a file between a computer and other device,NG,2.6
2021,"Proportion of youth and adults with information and communications technology (ICT) skills, by type of skill",Female,,,,Richest,,,Transferred a file between a computer and other device,NG,13.5
2021,"Proportion of youth and adults with information and communications technology (ICT) skills, by type of skill",Female,,,,,North  Central,,Transferred a file between a computer and other device,NGNCZ06,3.1
2021,"Proportion of youth and adults with information and communications technology (ICT) skills, by type of skill",Female,,,,,North East,,Transferred a file between a computer and other device,NGNEZ05,0.9
2021,"Proportion of youth and adults with information and communications technology (ICT) skills, by type of skill",Female,,,,,North West,,Transferred a file between a computer and other device,NGNWZ04,0.7
2021,"Proportion of youth and adults with information and communications technology (ICT) skills, by type of skill",Female,,,,,South East,,Transferred a file between a computer and other device,NGSEZ03,6.4
2021,"Proportion of youth and adults with information and communications technology (ICT) skills, by type of skill",Female,,,,,South South,,Transferred a file between a computer and other device,NGSSZ02,5.7
2021,"Proportion of youth and adults with information and communications technology (ICT) skills, by type of skill",Female,,,,,South West,,Transferred a file between a computer and other device,NGSWZ01,7.3
2021,"Proportion of youth and adults with information and communications technology (ICT) skills, by type of skill",Female,,,,,,Abia,Transferred a file between a computer and other device,NGAB01,2.3
2021,"Proportion of youth and adults with information and communications technology (ICT) skills, by type of skill",Female,,,,,,Adamawa,Transferred a file between a computer and other device,NGAD02,1.0
2021,"Proportion of youth and adults with information and communications technology (ICT) skills, by type of skill",Female,,,,,,Akwa Ibom,Transferred a file between a computer and other device,NGAK03,4.6
2021,"Proportion of youth and adults with information and communications technology (ICT) skills, by type of skill",Female,,,,,,Anambra,Transferred a file between a computer and other device,NGAN04,3.0
2021,"Proportion of youth and adults with information and communications technology (ICT) skills, by type of skill",Female,,,,,,Bauchi,Transferred a file between a computer and other device,NGBA05,0.3
2021,"Proportion of youth and adults with information and communications technology (ICT) skills, by type of skill",Female,,,,,,Bayelsa,Transferred a file between a computer and other device,NGBY06,4.6
2021,"Proportion of youth and adults with information and communications technology (ICT) skills, by type of skill",Female,,,,,,Benue,Transferred a file between a computer and other device,NGBE07,3.4
2021,"Proportion of youth and adults with information and communications technology (ICT) skills, by type of skill",Female,,,,,,Borno,Transferred a file between a computer and other device,NGBO08,1.1
2021,"Proportion of youth and adults with information and communications technology (ICT) skills, by type of skill",Female,,,,,,Cross River,Transferred a file between a computer and other device,NGXR09,4.7
2021,"Proportion of youth and adults with information and communications technology (ICT) skills, by type of skill",Female,,,,,,Delta,Transferred a file between a computer and other device,NGDE10,2.1
2021,"Proportion of youth and adults with information and communications technology (ICT) skills, by type of skill",Female,,,,,,Ebonyi,Transferred a file between a computer and other device,NGEB11,12.9
2021,"Proportion of youth and adults with information and communications technology (ICT) skills, by type of skill",Female,,,,,,Edo,Transferred a file between a computer and other device,NGED12,5.5
2021,"Proportion of youth and adults with information and communications technology (ICT) skills, by type of skill",Female,,,,,,Ekiti,Transferred a file between a computer and other device,NGEK13,3.0
2021,"Proportion of youth and adults with information and communications technology (ICT) skills, by type of skill",Female,,,,,,Enugu,Transferred a file between a computer and other device,NGEN14,9.4
2021,"Proportion of youth and adults with information and communications technology (ICT) skills, by type of skill",Female,,,,,,Gombe,Transferred a file between a computer and other device,NGGO15,1.4
2021,"Proportion of youth and adults with information and communications technology (ICT) skills, by type of skill",Female,,,,,,Imo,Transferred a file between a computer and other device,NGIM16,6.4
2021,"Proportion of youth and adults with information and communications technology (ICT) skills, by type of skill",Female,,,,,,Jigawa,Transferred a file between a computer and other device,NGJI17,0.1
2021,"Proportion of youth and adults with information and communications technology (ICT) skills, by type of skill",Female,,,,,,Kaduna,Transferred a file between a computer and other device,NGKD18,2.4
2021,"Proportion of youth and adults with information and communications technology (ICT) skills, by type of skill",Female,,,,,,Kano,Transferred a file between a computer and other device,NGKN19,0.4
2021,"Proportion of youth and adults with information and communications technology (ICT) skills, by type of skill",Female,,,,,,Katsina,Transferred a file between a computer and other device,NGKT20,0.5
2021,"Proportion of youth and adults with information and communications technology (ICT) skills, by type of skill",Female,,,,,,Kebbi,Transferred a file between a computer and other device,NGKE21,0.3
2021,"Proportion of youth and adults with information and communications technology (ICT) skills, by type of skill",Female,,,,,,Kogi,Transferred a file between a computer and other device,NGKO22,2.8
2021,"Proportion of youth and adults with information and communications technology (ICT) skills, by type of skill",Female,,,,,,Kwara,Transferred a file between a computer and other device,NGKW23,2.3
2021,"Proportion of youth and adults with information and communications technology (ICT) skills, by type of skill",Female,,,,,,Lagos,Transferred a file between a computer and other device,NGLA24,16.1
2021,"Proportion of youth and adults with information and communications technology (ICT) skills, by type of skill",Female,,,,,,Nasarawa,Transferred a file between a computer and other device,NGNA25,1.5
2021,"Proportion of youth and adults with information and communications technology (ICT) skills, by type of skill",Female,,,,,,Niger,Transferred a file between a computer and other device,NGNI26,2.5
2021,"Proportion of youth and adults with information and communications technology (ICT) skills, by type of skill",Female,,,,,,Ogun,Transferred a file between a computer and other device,NGOG27,2.5
2021,"Proportion of youth and adults with information and communications technology (ICT) skills, by type of skill",Female,,,,,,Ondo,Transferred a file between a computer and other device,NGON28,1.8
2021,"Proportion of youth and adults with information and communications technology (ICT) skills, by type of skill",Female,,,,,,Osun,Transferred a file between a computer and other device,NGOS29,2.1
2021,"Proportion of youth and adults with information and communications technology (ICT) skills, by type of skill",Female,,,,,,Oyo,Transferred a file between a computer and other device,NGOY30,2.5
2021,"Proportion of youth and adults with information and communications technology (ICT) skills, by type of skill",Female,,,,,,Plateau,Transferred a file between a computer and other device,NGPL31,1.4
2021,"Proportion of youth and adults with information and communications technology (ICT) skills, by type of skill",Female,,,,,,Rivers,Transferred a file between a computer and other device,NGRI32,9.7
2021,"Proportion of youth and adults with information and communications technology (ICT) skills, by type of skill",Female,,,,,,Sokoto,Transferred a file between a computer and other device,NGSO33,0.2
2021,"Proportion of youth and adults with information and communications technology (ICT) skills, by type of skill",Female,,,,,,Taraba,Transferred a file between a computer and other device,NGTA34,1.2
2021,"Proportion of youth and adults with information and communications technology (ICT) skills, by type of skill",Female,,,,,,Yobe,Transferred a file between a computer and other device,NGYO35,0.7
2021,"Proportion of youth and adults with information and communications technology (ICT) skills, by type of skill",Female,,,,,,Zamfara,Transferred a file between a computer and other device,NGZA36,0.4
2021,"Proportion of youth and adults with information and communications technology (ICT) skills, by type of skill",Female,,,,,,Federal Capital Territory,Transferred a file between a computer and other device,NGFC37,9.0
2021,"Proportion of youth and adults with information and communications technology (ICT) skills, by type of skill",Female,,,,,,,Wrote a computer program in any programming language,NG,0.6
2021,"Proportion of youth and adults with information and communications technology (ICT) skills, by type of skill",Female,Urban,,,,,,Wrote a computer program in any programming language,NG,1.1
2021,"Proportion of youth and adults with information and communications technology (ICT) skills, by type of skill",Female,Rural,,,,,,Wrote a computer program in any programming language,NG,0.1
2021,"Proportion of youth and adults with information and communications technology (ICT) skills, by type of skill",Female,,15-24,,,,,Wrote a computer program in any programming language,NG,0.7
2021,"Proportion of youth and adults with information and communications technology (ICT) skills, by type of skill",Female,,15-19,,,,,Wrote a computer program in any programming language,NG,0.4
2021,"Proportion of youth and adults with information and communications technology (ICT) skills, by type of skill",Female,,15-17,,,,,Wrote a computer program in any programming language,NG,0.2
2021,"Proportion of youth and adults with information and communications technology (ICT) skills, by type of skill",Female,,18-19,,,,,Wrote a computer program in any programming language,NG,0.6
2021,"Proportion of youth and adults with information and communications technology (ICT) skills, by type of skill",Female,,20-24,,,,,Wrote a computer program in any programming language,NG,1.1
2021,"Proportion of youth and adults with information and communications technology (ICT) skills, by type of skill",Female,,25-29,,,,,Wrote a computer program in any programming language,NG,0.5
2021,"Proportion of youth and adults with information and communications technology (ICT) skills, by type of skill",Female,,30-34,,,,,Wrote a computer program in any programming language,NG,0.8
2021,"Proportion of youth and adults with information and communications technology (ICT) skills, by type of skill",Female,,35-39,,,,,Wrote a computer program in any programming language,NG,0.4
2021,"Proportion of youth and adults with information and communications technology (ICT) skills, by type of skill",Female,,40-44,,,,,Wrote a computer program in any programming language,NG,0.4
2021,"Proportion of youth and adults with information and communications technology (ICT) skills, by type of skill",Female,,45-49,,,,,Wrote a computer program in any programming language,NG,0.3
2021,"Proportion of youth and adults with information and communications technology (ICT) skills, by type of skill",Female,,,Hausa,,,,Wrote a computer program in any programming language,NG,0.3
2021,"Proportion of youth and adults with information and communications technology (ICT) skills, by type of skill",Female,,,Igbo,,,,Wrote a computer program in any programming language,NG,1.2
2021,"Proportion of youth and adults with information and communications technology (ICT) skills, by type of skill",Female,,,Yoruba,,,,Wrote a computer program in any programming language,NG,0.6
2021,"Proportion of youth and adults with information and communications technology (ICT) skills, by type of skill",Female,,,Fulani,,,,Wrote a computer program in any programming language,NG,0.0
2021,"Proportion of youth and adults with information and communications technology (ICT) skills, by type of skill",Female,,,Kanuri,,,,Wrote a computer program in any programming language,NG,0.3
2021,"Proportion of youth and adults with information and communications technology (ICT) skills, by type of skill",Female,,,Ijaw,,,,Wrote a computer program in any programming language,NG,0.2
2021,"Proportion of youth and adults with information and communications technology (ICT) skills, by type of skill",Female,,,Tiv,,,,Wrote a computer program in any programming language,NG,0.2
2021,"Proportion of youth and adults with information and communications technology (ICT) skills, by type of skill",Female,,,Ibibio,,,,Wrote a computer program in any programming language,NG,0.1
2021,"Proportion of youth and adults with information and communications technology (ICT) skills, by type of skill",Female,,,Edo,,,,Wrote a computer program in any programming language,NG,2.4
2021,"Proportion of youth and adults with information and communications technology (ICT) skills, by type of skill",Female,,,Other ethnicity,,,,Wrote a computer program in any programming language,NG,0.6
2021,"Proportion of youth and adults with information and communications technology (ICT) skills, by type of skill",Female,,,,Poorest,,,Wrote a computer program in any programming language,NG,0.0
2021,"Proportion of youth and adults with information and communications technology (ICT) skills, by type of skill",Female,,,,Second,,,Wrote a computer program in any programming language,NG,0.0
2021,"Proportion of youth and adults with information and communications technology (ICT) skills, by type of skill",Female,,,,Middle,,,Wrote a computer program in any programming language,NG,0.2
2021,"Proportion of youth and adults with information and communications technology (ICT) skills, by type of skill",Female,,,,Fourth,,,Wrote a computer program in any programming language,NG,0.5
2021,"Proportion of youth and adults with information and communications technology (ICT) skills, by type of skill",Female,,,,Richest,,,Wrote a computer program in any programming language,NG,1.9
2021,"Proportion of youth and adults with information and communications technology (ICT) skills, by type of skill",Female,,,,,North  Central,,Wrote a computer program in any programming language,NGNCZ06,1.0
2021,"Proportion of youth and adults with information and communications technology (ICT) skills, by type of skill",Female,,,,,North East,,Wrote a computer program in any programming language,NGNEZ05,0.2
2021,"Proportion of youth and adults with information and communications technology (ICT) skills, by type of skill",Female,,,,,North West,,Wrote a computer program in any programming language,NGNWZ04,0.1
2021,"Proportion of youth and adults with information and communications technology (ICT) skills, by type of skill",Female,,,,,South East,,Wrote a computer program in any programming language,NGSEZ03,1.1
2021,"Proportion of youth and adults with information and communications technology (ICT) skills, by type of skill",Female,,,,,South South,,Wrote a computer program in any programming language,NGSSZ02,0.8
2021,"Proportion of youth and adults with information and communications technology (ICT) skills, by type of skill",Female,,,,,South West,,Wrote a computer program in any programming language,NGSWZ01,0.6
2021,"Proportion of youth and adults with information and communications technology (ICT) skills, by type of skill",Female,,,,,,Abia,Wrote a computer program in any programming language,NGAB01,0.4
2021,"Proportion of youth and adults with information and communications technology (ICT) skills, by type of skill",Female,,,,,,Adamawa,Wrote a computer program in any programming language,NGAD02,0.0
2021,"Proportion of youth and adults with information and communications technology (ICT) skills, by type of skill",Female,,,,,,Akwa Ibom,Wrote a computer program in any programming language,NGAK03,0.0
2021,"Proportion of youth and adults with information and communications technology (ICT) skills, by type of skill",Female,,,,,,Anambra,Wrote a computer program in any programming language,NGAN04,1.0
2021,"Proportion of youth and adults with information and communications technology (ICT) skills, by type of skill",Female,,,,,,Bauchi,Wrote a computer program in any programming language,NGBA05,0.1
2021,"Proportion of youth and adults with information and communications technology (ICT) skills, by type of skill",Female,,,,,,Bayelsa,Wrote a computer program in any programming language,NGBY06,0.0
2021,"Proportion of youth and adults with information and communications technology (ICT) skills, by type of skill",Female,,,,,,Benue,Wrote a computer program in any programming language,NGBE07,0.2
2021,"Proportion of youth and adults with information and communications technology (ICT) skills, by type of skill",Female,,,,,,Borno,Wrote a computer program in any programming language,NGBO08,0.2
2021,"Proportion of youth and adults with information and communications technology (ICT) skills, by type of skill",Female,,,,,,Cross River,Wrote a computer program in any programming language,NGXR09,1.2
2021,"Proportion of youth and adults with information and communications technology (ICT) skills, by type of skill",Female,,,,,,Delta,Wrote a computer program in any programming language,NGDE10,1.3
2021,"Proportion of youth and adults with information and communications technology (ICT) skills, by type of skill",Female,,,,,,Ebonyi,Wrote a computer program in any programming language,NGEB11,0.1
2021,"Proportion of youth and adults with information and communications technology (ICT) skills, by type of skill",Female,,,,,,Edo,Wrote a computer program in any programming language,NGED12,1.1
2021,"Proportion of youth and adults with information and communications technology (ICT) skills, by type of skill",Female,,,,,,Ekiti,Wrote a computer program in any programming language,NGEK13,0.9
2021,"Proportion of youth and adults with information and communications technology (ICT) skills, by type of skill",Female,,,,,,Enugu,Wrote a computer program in any programming language,NGEN14,3.0
2021,"Proportion of youth and adults with information and communications technology (ICT) skills, by type of skill",Female,,,,,,Gombe,Wrote a computer program in any programming language,NGGO15,0.2
2021,"Proportion of youth and adults with information and communications technology (ICT) skills, by type of skill",Female,,,,,,Imo,Wrote a computer program in any programming language,NGIM16,0.7
2021,"Proportion of youth and adults with information and communications technology (ICT) skills, by type of skill",Female,,,,,,Jigawa,Wrote a computer program in any programming language,NGJI17,0.1
2021,"Proportion of youth and adults with information and communications technology (ICT) skills, by type of skill",Female,,,,,,Kaduna,Wrote a computer program in any programming language,NGKD18,0.2
2021,"Proportion of youth and adults with information and communications technology (ICT) skills, by type of skill",Female,,,,,,Kano,Wrote a computer program in any programming language,NGKN19,0.0
2021,"Proportion of youth and adults with information and communications technology (ICT) skills, by type of skill",Female,,,,,,Katsina,Wrote a computer program in any programming language,NGKT20,0.3
2021,"Proportion of youth and adults with information and communications technology (ICT) skills, by type of skill",Female,,,,,,Kebbi,Wrote a computer program in any programming language,NGKE21,0.0
2021,"Proportion of youth and adults with information and communications technology (ICT) skills, by type of skill",Female,,,,,,Kogi,Wrote a computer program in any programming language,NGKO22,0.1
2021,"Proportion of youth and adults with information and communications technology (ICT) skills, by type of skill",Female,,,,,,Kwara,Wrote a computer program in any programming language,NGKW23,0.4
2021,"Proportion of youth and adults with information and communications technology (ICT) skills, by type of skill",Female,,,,,,Lagos,Wrote a computer program in any programming language,NGLA24,0.8
2021,"Proportion of youth and adults with information and communications technology (ICT) skills, by type of skill",Female,,,,,,Nasarawa,Wrote a computer program in any programming language,NGNA25,0.3
2021,"Proportion of youth and adults with information and communications technology (ICT) skills, by type of skill",Female,,,,,,Niger,Wrote a computer program in any programming language,NGNI26,2.1
2021,"Proportion of youth and adults with information and communications technology (ICT) skills, by type of skill",Female,,,,,,Ogun,Wrote a computer program in any programming language,NGOG27,0.2
2021,"Proportion of youth and adults with information and communications technology (ICT) skills, by type of skill",Female,,,,,,Ondo,Wrote a computer program in any programming language,NGON28,0.0
2021,"Proportion of youth and adults with information and communications technology (ICT) skills, by type of skill",Female,,,,,,Osun,Wrote a computer program in any programming language,NGOS29,0.5
2021,"Proportion of youth and adults with information and communications technology (ICT) skills, by type of skill",Female,,,,,,Oyo,Wrote a computer program in any programming language,NGOY30,0.9
2021,"Proportion of youth and adults with information and communications technology (ICT) skills, by type of skill",Female,,,,,,Plateau,Wrote a computer program in any programming language,NGPL31,0.3
2021,"Proportion of youth and adults with information and communications technology (ICT) skills, by type of skill",Female,,,,,,Rivers,Wrote a computer program in any programming language,NGRI32,0.9
2021,"Proportion of youth and adults with information and communications technology (ICT) skills, by type of skill",Female,,,,,,Sokoto,Wrote a computer program in any programming language,NGSO33,0.1
2021,"Proportion of youth and adults with information and communications technology (ICT) skills, by type of skill",Female,,,,,,Taraba,Wrote a computer program in any programming language,NGTA34,0.3
2021,"Proportion of youth and adults with information and communications technology (ICT) skills, by type of skill",Female,,,,,,Yobe,Wrote a computer program in any programming language,NGYO35,0.2
2021,"Proportion of youth and adults with information and communications technology (ICT) skills, by type of skill",Female,,,,,,Zamfara,Wrote a computer program in any programming language,NGZA36,0.3
2021,"Proportion of youth and adults with information and communications technology (ICT) skills, by type of skill",Female,,,,,,Federal Capital Territory,Wrote a computer program in any programming language,NGFC37,3.2
2021,"Proportion of youth and adults with information and communications technology (ICT) skills, by type of skill",Female,,,,,,,Performed at least one of the nine listed computer related activities [1] [2],NG,5.8
2021,"Proportion of youth and adults with information and communications technology (ICT) skills, by type of skill",Female,Urban,,,,,,Performed at least one of the nine listed computer related activities [1] [2],NG,10.8
2021,"Proportion of youth and adults with information and communications technology (ICT) skills, by type of skill",Female,Rural,,,,,,Performed at least one of the nine listed computer related activities [1] [2],NG,1.5
2021,"Proportion of youth and adults with information and communications technology (ICT) skills, by type of skill",Female,,15-24,,,,,Performed at least one of the nine listed computer related activities [1] [2],NG,6.2
2021,"Proportion of youth and adults with information and communications technology (ICT) skills, by type of skill",Female,,15-19,,,,,Performed at least one of the nine listed computer related activities [1] [2],NG,4.4
2021,"Proportion of youth and adults with information and communications technology (ICT) skills, by type of skill",Female,,15-17,,,,,Performed at least one of the nine listed computer related activities [1] [2],NG,3.5
2021,"Proportion of youth and adults with information and communications technology (ICT) skills, by type of skill",Female,,18-19,,,,,Performed at least one of the nine listed computer related activities [1] [2],NG,5.9
2021,"Proportion of youth and adults with information and communications technology (ICT) skills, by type of skill",Female,,20-24,,,,,Performed at least one of the nine listed computer related activities [1] [2],NG,8.6
2021,"Proportion of youth and adults with information and communications technology (ICT) skills, by type of skill",Female,,25-29,,,,,Performed at least one of the nine listed computer related activities [1] [2],NG,6.6
2021,"Proportion of youth and adults with information and communications technology (ICT) skills, by type of skill",Female,,30-34,,,,,Performed at least one of the nine listed computer related activities [1] [2],NG,6.5
2021,"Proportion of youth and adults with information and communications technology (ICT) skills, by type of skill",Female,,35-39,,,,,Performed at least one of the nine listed computer related activities [1] [2],NG,6.3
2021,"Proportion of youth and adults with information and communications technology (ICT) skills, by type of skill",Female,,40-44,,,,,Performed at least one of the nine listed computer related activities [1] [2],NG,4.1
2021,"Proportion of youth and adults with information and communications technology (ICT) skills, by type of skill",Female,,45-49,,,,,Performed at least one of the nine listed computer related activities [1] [2],NG,2.5
2021,"Proportion of youth and adults with information and communications technology (ICT) skills, by type of skill",Female,,,Hausa,,,,Performed at least one of the nine listed computer related activities [1] [2],NG,1.4
2021,"Proportion of youth and adults with information and communications technology (ICT) skills, by type of skill",Female,,,Igbo,,,,Performed at least one of the nine listed computer related activities [1] [2],NG,11.3
2021,"Proportion of youth and adults with information and communications technology (ICT) skills, by type of skill",Female,,,Yoruba,,,,Performed at least one of the nine listed computer related activities [1] [2],NG,9.0
2021,"Proportion of youth and adults with information and communications technology (ICT) skills, by type of skill",Female,,,Fulani,,,,Performed at least one of the nine listed computer related activities [1] [2],NG,0.7
2021,"Proportion of youth and adults with information and communications technology (ICT) skills, by type of skill",Female,,,Kanuri,,,,Performed at least one of the nine listed computer related activities [1] [2],NG,1.7
2021,"Proportion of youth and adults with information and communications technology (ICT) skills, by type of skill",Female,,,Ijaw,,,,Performed at least one of the nine listed computer related activities [1] [2],NG,8.4
2021,"Proportion of youth and adults with information and communications technology (ICT) skills, by type of skill",Female,,,Tiv,,,,Performed at least one of the nine listed computer related activities [1] [2],NG,4.7
2021,"Proportion of youth and adults with information and communications technology (ICT) skills, by type of skill",Female,,,Ibibio,,,,Performed at least one of the nine listed computer related activities [1] [2],NG,12.1
2021,"Proportion of youth and adults with information and communications technology (ICT) skills, by type of skill",Female,,,Edo,,,,Performed at least one of the nine listed computer related activities [1] [2],NG,13.8
2021,"Proportion of youth and adults with information and communications technology (ICT) skills, by type of skill",Female,,,Other ethnicity,,,,Performed at least one of the nine listed computer related activities [1] [2],NG,5.0
2021,"Proportion of youth and adults with information and communications technology (ICT) skills, by type of skill",Female,,,,Poorest,,,Performed at least one of the nine listed computer related activities [1] [2],NG,0.2
2021,"Proportion of youth and adults with information and communications technology (ICT) skills, by type of skill",Female,,,,Second,,,Performed at least one of the nine listed computer related activities [1] [2],NG,0.4
2021,"Proportion of youth and adults with information and communications technology (ICT) skills, by type of skill",Female,,,,Middle,,,Performed at least one of the nine listed computer related activities [1] [2],NG,1.5
2021,"Proportion of youth and adults with information and communications technology (ICT) skills, by type of skill",Female,,,,Fourth,,,Performed at least one of the nine listed computer related activities [1] [2],NG,4.4
2021,"Proportion of youth and adults with information and communications technology (ICT) skills, by type of skill",Female,,,,Richest,,,Performed at least one of the nine listed computer related activities [1] [2],NG,19.5
2021,"Proportion of youth and adults with information and communications technology (ICT) skills, by type of skill",Female,,,,,North  Central,,Performed at least one of the nine listed computer related activities [1] [2],NGNCZ06,5.5
2021,"Proportion of youth and adults with information and communications technology (ICT) skills, by type of skill",Female,,,,,North East,,Performed at least one of the nine listed computer related activities [1] [2],NGNEZ05,1.4
2021,"Proportion of youth and adults with information and communications technology (ICT) skills, by type of skill",Female,,,,,North West,,Performed at least one of the nine listed computer related activities [1] [2],NGNWZ04,1.3
2021,"Proportion of youth and adults with information and communications technology (ICT) skills, by type of skill",Female,,,,,South East,,Performed at least one of the nine listed computer related activities [1] [2],NGSEZ03,10.6
2021,"Proportion of youth and adults with information and communications technology (ICT) skills, by type of skill",Female,,,,,South South,,Performed at least one of the nine listed computer related activities [1] [2],NGSSZ02,8.6
2021,"Proportion of youth and adults with information and communications technology (ICT) skills, by type of skill",Female,,,,,South West,,Performed at least one of the nine listed computer related activities [1] [2],NGSWZ01,9.5
2021,"Proportion of youth and adults with information and communications technology (ICT) skills, by type of skill",Female,,,,,,Abia,Performed at least one of the nine listed computer related activities [1] [2],NGAB01,4.8
2021,"Proportion of youth and adults with information and communications technology (ICT) skills, by type of skill",Female,,,,,,Adamawa,Performed at least one of the nine listed computer related activities [1] [2],NGAD02,1.6
2021,"Proportion of youth and adults with information and communications technology (ICT) skills, by type of skill",Female,,,,,,Akwa Ibom,Performed at least one of the nine listed computer related activities [1] [2],NGAK03,7.9
2021,"Proportion of youth and adults with information and communications technology (ICT) skills, by type of skill",Female,,,,,,Anambra,Performed at least one of the nine listed computer related activities [1] [2],NGAN04,5.6
2021,"Proportion of youth and adults with information and communications technology (ICT) skills, by type of skill",Female,,,,,,Bauchi,Performed at least one of the nine listed computer related activities [1] [2],NGBA05,0.5
2021,"Proportion of youth and adults with information and communications technology (ICT) skills, by type of skill",Female,,,,,,Bayelsa,Performed at least one of the nine listed computer related activities [1] [2],NGBY06,5.2
2021,"Proportion of youth and adults with information and communications technology (ICT) skills, by type of skill",Female,,,,,,Benue,Performed at least one of the nine listed computer related activities [1] [2],NGBE07,5.6
2021,"Proportion of youth and adults with information and communications technology (ICT) skills, by type of skill",Female,,,,,,Borno,Performed at least one of the nine listed computer related activities [1] [2],NGBO08,1.3
2021,"Proportion of youth and adults with information and communications technology (ICT) skills, by type of skill",Female,,,,,,Cross River,Performed at least one of the nine listed computer related activities [1] [2],NGXR09,6.5
2021,"Proportion of youth and adults with information and communications technology (ICT) skills, by type of skill",Female,,,,,,Delta,Performed at least one of the nine listed computer related activities [1] [2],NGDE10,3.8
2021,"Proportion of youth and adults with information and communications technology (ICT) skills, by type of skill",Female,,,,,,Ebonyi,Performed at least one of the nine listed computer related activities [1] [2],NGEB11,16.5
2021,"Proportion of youth and adults with information and communications technology (ICT) skills, by type of skill",Female,,,,,,Edo,Performed at least one of the nine listed computer related activities [1] [2],NGED12,11.4
2021,"Proportion of youth and adults with information and communications technology (ICT) skills, by type of skill",Female,,,,,,Ekiti,Performed at least one of the nine listed computer related activities [1] [2],NGEK13,3.4
2021,"Proportion of youth and adults with information and communications technology (ICT) skills, by type of skill",Female,,,,,,Enugu,Performed at least one of the nine listed computer related activities [1] [2],NGEN14,16.2
2021,"Proportion of youth and adults with information and communications technology (ICT) skills, by type of skill",Female,,,,,,Gombe,Performed at least one of the nine listed computer related activities [1] [2],NGGO15,2.4
2021,"Proportion of youth and adults with information and communications technology (ICT) skills, by type of skill",Female,,,,,,Imo,Performed at least one of the nine listed computer related activities [1] [2],NGIM16,11.6
2021,"Proportion of youth and adults with information and communications technology (ICT) skills, by type of skill",Female,,,,,,Jigawa,Performed at least one of the nine listed computer related activities [1] [2],NGJI17,0.4
2021,"Proportion of youth and adults with information and communications technology (ICT) skills, by type of skill",Female,,,,,,Kaduna,Performed at least one of the nine listed computer related activities [1] [2],NGKD18,3.4
2021,"Proportion of youth and adults with information and communications technology (ICT) skills, by type of skill",Female,,,,,,Kano,Performed at least one of the nine listed computer related activities [1] [2],NGKN19,0.9
2021,"Proportion of youth and adults with information and communications technology (ICT) skills, by type of skill",Female,,,,,,Katsina,Performed at least one of the nine listed computer related activities [1] [2],NGKT20,1.3
2021,"Proportion of youth and adults with information and communications technology (ICT) skills, by type of skill",Female,,,,,,Kebbi,Performed at least one of the nine listed computer related activities [1] [2],NGKE21,0.6
2021,"Proportion of youth and adults with information and communications technology (ICT) skills, by type of skill",Female,,,,,,Kogi,Performed at least one of the nine listed computer related activities [1] [2],NGKO22,4.1
2021,"Proportion of youth and adults with information and communications technology (ICT) skills, by type of skill",Female,,,,,,Kwara,Performed at least one of the nine listed computer related activities [1] [2],NGKW23,5.2
2021,"Proportion of youth and adults with information and communications technology (ICT) skills, by type of skill",Female,,,,,,Lagos,Performed at least one of the nine listed computer related activities [1] [2],NGLA24,19.9
2021,"Proportion of youth and adults with information and communications technology (ICT) skills, by type of skill",Female,,,,,,Nasarawa,Performed at least one of the nine listed computer related activities [1] [2],NGNA25,2.3
2021,"Proportion of youth and adults with information and communications technology (ICT) skills, by type of skill",Female,,,,,,Niger,Performed at least one of the nine listed computer related activities [1] [2],NGNI26,5.0
2021,"Proportion of youth and adults with information and communications technology (ICT) skills, by type of skill",Female,,,,,,Ogun,Performed at least one of the nine listed computer related activities [1] [2],NGOG27,3.9
2021,"Proportion of youth and adults with information and communications technology (ICT) skills, by type of skill",Female,,,,,,Ondo,Performed at least one of the nine listed computer related activities [1] [2],NGON28,2.8
2021,"Proportion of youth and adults with information and communications technology (ICT) skills, by type of skill",Female,,,,,,Osun,Performed at least one of the nine listed computer related activities [1] [2],NGOS29,3.1
2021,"Proportion of youth and adults with information and communications technology (ICT) skills, by type of skill",Female,,,,,,Oyo,Performed at least one of the nine listed computer related activities [1] [2],NGOY30,4.9
2021,"Proportion of youth and adults with information and communications technology (ICT) skills, by type of skill",Female,,,,,,Plateau,Performed at least one of the nine listed computer related activities [1] [2],NGPL31,3.6
2021,"Proportion of youth and adults with information and communications technology (ICT) skills, by type of skill",Female,,,,,,Rivers,Performed at least one of the nine listed computer related activities [1] [2],NGRI32,12.9
2021,"Proportion of youth and adults with information and communications technology (ICT) skills, by type of skill",Female,,,,,,Sokoto,Performed at least one of the nine listed computer related activities [1] [2],NGSO33,0.5
2021,"Proportion of youth and adults with information and communications technology (ICT) skills, by type of skill",Female,,,,,,Taraba,Performed at least one of the nine listed computer related activities [1] [2],NGTA34,2.3
2021,"Proportion of youth and adults with information and communications technology (ICT) skills, by type of skill",Female,,,,,,Yobe,Performed at least one of the nine listed computer related activities [1] [2],NGYO35,0.9
2021,"Proportion of youth and adults with information and communications technology (ICT) skills, by type of skill",Female,,,,,,Zamfara,Performed at least one of the nine listed computer related activities [1] [2],NGZA36,0.9
2021,"Proportion of youth and adults with information and communications technology (ICT) skills, by type of skill",Female,,,,,,Federal Capital Territory,Performed at least one of the nine listed computer related activities [1] [2],NGFC37,14.2
