{"type": "FeatureCollection", "name": "Nigeria_Zones", "crs": {"type": "name", "properties": {"name": "urn:ogc:def:crs:OGC:1.3:CRS84"}}, "features": [{"type": "Feature", "properties": {"Name_Caps": "SOUTH-EAST", "disaggregations": [{"Series": "Proportion of population with primary reliance on clean fuels and technology", "Sector": "", "Wealth Index Quintile": "", "Ethnicity": "", "Geopolitical zone": "South East", "State": "", "Education level": ""}], "values": [{"2021": 36.7}], "observation_attributes": [{}], "name": "South East", "geocode": "NGSEZ03"}, "geometry": {"type": "MultiPolygon", "coordinates": [[[[7.918395996093749, 5.655618750759798], [7.9046630859375, 5.559948458049067], [7.941741943359374, 5.44512359999259], [7.996673583984376, 5.360357820551923], [7.886810302734375, 5.37129600565628], [7.884063720703125, 5.390437356926979], [7.862091064453124, 5.423249696996985], [7.808532714843749, 5.423249696996985], [7.787933349609374, 5.44512359999259], [7.776947021484375, 5.480666993252218], [7.75634765625, 5.487502019076684], [7.754974365234376, 5.514841338097563], [7.713775634765624, 5.512107462769801], [7.6959228515625, 5.520309050962868], [7.691802978515625, 5.501171835635249], [7.702789306640625, 5.488869014844903], [7.697296142578124, 5.435553865190251], [7.661590576171875, 5.447857781963532], [7.643737792968749, 5.425983978294346], [7.627258300781249, 5.382233994428483], [7.658843994140625, 5.395906203699747], [7.676696777343749, 5.384968460898335], [7.65472412109375, 5.331644153439766], [7.628631591796875, 5.315235740232145], [7.603912353515626, 5.323440001568104], [7.566833496093749, 5.324807367819571], [7.555847167968749, 5.308398772287252], [7.535247802734375, 5.296092039023847], [7.550354003906251, 5.259170371222248], [7.527008056640625, 5.155231003951707], [7.550354003906251, 5.082736881549017], [7.5146484375, 5.051274622613658], [7.53387451171875, 5.045802769251596], [7.509155273437499, 5.029386932520485], [7.458343505859375, 4.97603261138461], [7.495422363281249, 4.95687872052383], [7.474822998046875, 4.928146843595562], [7.489929199218751, 4.855627550617055], [7.503662109375, 4.830996577036115], [7.499542236328124, 4.822786053407013], [7.466583251953125, 4.843312175978471], [7.444610595703125, 4.843312175978471], [7.419891357421875, 4.865206019900161], [7.381439208984374, 4.865206019900161], [7.3223876953125, 4.878889310947334], [7.200164794921874, 4.861100978309958], [7.154846191406249, 4.878889310947334], [7.142486572265625, 4.910359820532264], [7.169952392578124, 4.939092467404859], [7.220764160156249, 4.96371945969471], [7.248229980468751, 4.9992901577499], [7.248229980468751, 5.051274622613658], [7.271575927734376, 5.114197603914644], [7.285308837890626, 5.182585132438667], [7.260413927072263, 5.213901965000931], [7.25921630859375, 5.208570457504726], [7.241363525390626, 5.201732318002758], [7.219390869140625, 5.194894104202499], [7.16583251953125, 5.208570457504726], [7.126007080078125, 5.21540852261179], [7.032623291015625, 5.246862661161304], [6.898040771484374, 5.220878921068221], [6.854095458984375, 5.246862661161304], [6.83074951171875, 5.250965258186287], [6.756591796875, 5.312500962156912], [6.755218505859375, 5.391804573239835], [6.75933837890625, 5.42051540331158], [6.735992431640625, 5.456060253190292], [6.749725341796875, 5.468363749680853], [6.7401123046875, 5.497070923612718], [6.719512939453125, 5.488869014844903], [6.65496826171875, 5.490236007479093], [6.642608642578125, 5.495703946660202], [6.67694091796875, 5.723945005490632], [6.680373507741436, 5.728336235617079], [6.670074462890625, 5.717112745911043], [6.642608642578125, 5.726677886462397], [6.656341552734374, 5.770402200015781], [6.6522216796875, 5.816855588240969], [6.659088134765625, 5.85920680518689], [6.70440673828125, 5.912482802972587], [6.730499267578125, 6.042236111676112], [6.711273193359375, 6.077742151516975], [6.7510986328125, 6.118707747190845], [6.766204833984375, 6.189707330332202], [6.741485595703125, 6.219742749707098], [6.722259521484375, 6.289363699721321], [6.712646484375, 6.363069836364673], [6.686553955078124, 6.44358852539394], [6.664581298828125, 6.500899137995968], [6.664581298828125, 6.532280756929124], [6.681060791015625, 6.541831294229477], [6.807403564453124, 6.580031615259912], [6.799163818359375, 6.682339384819373], [6.81976318359375, 6.71370949505121], [6.851348876953125, 6.747805147613853], [6.876068115234374, 6.762806474971467], [6.898040771484374, 6.795535025719518], [6.92413330078125, 6.802353193752636], [6.930999755859375, 6.772352531766122], [6.932373046875, 6.704162283788004], [6.9378662109375, 6.705677718391067], [6.9378662109375, 6.779171028142886], [6.951599121093749, 6.836442580298941], [6.981811523437499, 6.852804622932613], [6.9873046875, 6.795535025719518], [7.05047607421875, 6.784625755799487], [7.07794189453125, 6.800989567885457], [7.130126953125, 6.847350671046949], [7.1575927734375, 6.874619806083099], [7.18505859375, 6.89916069002835], [7.22625732421875, 6.912793965187959], [7.239990234375, 6.970049417296232], [7.314147949218749, 6.9973114635733], [7.325134277343749, 7.01911995464383], [7.385559082031249, 7.051830774037793], [7.388305664062499, 7.092716048631412], [7.437744140625, 7.089990476360545], [7.459716796875001, 7.106343667874114], [7.5311279296875, 7.032749742778853], [7.5640869140625, 6.940059334882694], [7.62176513671875, 6.912793965187959], [7.676696777343749, 6.858258512427753], [7.71514892578125, 6.860985433763661], [7.75909423828125, 6.882800241767556], [7.84698486328125, 6.880073445529212], [7.888183593749999, 6.855531575482039], [7.8936767578125, 6.7737162387535], [7.852478027343751, 6.740986208759249], [7.811279296874999, 6.631870206172686], [7.69866943359375, 6.642782900356179], [7.69866943359375, 6.61277241008524], [7.717190734260942, 6.587473517592803], [7.700042724609374, 6.614136562876466], [7.704162597656249, 6.638690668382032], [7.794799804687499, 6.630506102399826], [7.804412841796874, 6.630506102399826], [7.83050537109375, 6.634598402389716], [7.859344482421875, 6.582760097407956], [7.888183593749999, 6.555474602201876], [7.941741943359374, 6.530916379570459], [7.963714599609375, 6.548652994833613], [7.993927001953125, 6.623685526922455], [7.9815673828125, 6.68643125265198], [8.0035400390625, 6.716437235313717], [8.0474853515625, 6.708253968671543], [8.076324462890625, 6.712345619186976], [8.095550537109375, 6.708253968671543], [8.139495849609375, 6.717801099710462], [8.147735595703125, 6.764170208924263], [8.177947998046875, 6.776443641161725], [8.219146728515625, 6.781898399690825], [8.232879638671875, 6.795535025719518], [8.26995849609375, 6.742350004207154], [8.29193115234375, 6.674155546461439], [8.31390380859375, 6.631870206172686], [8.315277099609373, 6.604587414293243], [8.389434814453125, 6.552745970448989], [8.416900634765625, 6.515907983305362], [8.411407470703125, 6.485889844658782], [8.4539794921875, 6.42721287289345], [8.447113037109375, 6.391730485481462], [8.408660888671875, 6.371258756713102], [8.39080810546875, 6.30164878488327], [8.416900634765625, 6.262062471868279], [8.40179443359375, 6.218377540534341], [8.37432861328125, 6.191072613776241], [8.293304443359375, 6.098225340510839], [8.287811279296875, 6.003996233586609], [8.263092041015625, 5.995801624171918], [8.24249267578125, 6.019019363914698], [8.2122802734375, 6.012190719736564], [8.11614990234375, 5.94116775688172], [8.092803955078125, 5.991704273292104], [8.054351806640625, 6.006727742674192], [7.988433837890625, 5.976680390439319], [7.987060546875, 5.926142490762487], [8.00628662109375, 5.897456756900255], [7.941741943359374, 5.830517620702843], [7.960968017578125, 5.771768530616775], [7.922515869140624, 5.762204147291129], [7.886810411589363, 5.691149293993083], [7.918395996093749, 5.655618750759798]]]]}}, {"type": "Feature", "properties": {"Name_Caps": "NORTH-EAST", "disaggregations": [{"Series": "Proportion of population with primary reliance on clean fuels and technology", "Sector": "", "Wealth Index Quintile": "", "Ethnicity": "", "Geopolitical zone": "North East", "State": "", "Education level": ""}], "values": [{"2021": 1.3}], "observation_attributes": [{}], "name": "North East", "geocode": "NGNEZ05"}, "geometry": {"type": "MultiPolygon", "coordinates": [[[[13.68896484375, 10.935798432254016], [13.68072509765625, 10.920966183278152], [13.671112060546875, 10.87107045949965], [13.6669921875, 10.837352405625222], [13.640899658203125, 10.819817515515387], [13.621673583984373, 10.76450845871857], [13.596954345703125, 10.698394077836666], [13.56536865234375, 10.687598521992154], [13.537902832031248, 10.643062800255745], [13.52691650390625, 10.628216112538693], [13.539276123046875, 10.60796946597645], [13.525543212890625, 10.564772144279075], [13.539276123046875, 10.53642059890193], [13.553009033203125, 10.532370164947919], [13.554382324218748, 10.508066443913332], [13.536529541015625, 10.482410441586682], [13.522796630859375, 10.463504658291983], [13.506317138671875, 10.427040252850256], [13.514556884765625, 10.395974612177655], [13.49945068359375, 10.389220802777864], [13.492584228515625, 10.328429960752777], [13.480224609375, 10.259519464003825], [13.454132080078125, 10.240600228181624], [13.456878662109373, 10.22032836593059], [13.440399169921873, 10.196000424383561], [13.440399169921873, 10.164912018010947], [13.415679931640625, 10.13922800920163], [13.393707275390625, 10.120301632173907], [13.36761474609375, 10.121653553280721], [13.36212158203125, 10.117597772879618], [13.32366943359375, 10.113541941247412], [13.3099365234375, 10.087853819145947], [13.278350830078125, 10.079741354627473], [13.252258300781248, 10.035119154109704], [13.2550048828125, 10.00536760185583], [13.286590576171875, 9.976965850016063], [13.283843994140625, 9.9404456734094], [13.238525390625, 9.912038270107562], [13.252258300781248, 9.857922126831564], [13.303070068359375, 9.830860720983315], [13.28521728515625, 9.809210001222878], [13.259124755859373, 9.775377920756757], [13.2550048828125, 9.703642540353869], [13.2330322265625, 9.683337280466793], [13.228912353515623, 9.603458034423026], [13.209686279296875, 9.561480020594107], [13.191833496093748, 9.565542635823142], [13.193206787109375, 9.537103310915796], [13.160247802734375, 9.533040356437336], [13.08197021484375, 9.51272485867024], [13.020172119140625, 9.496471591198308], [12.954254150390625, 9.438224391343347], [12.893829345703125, 9.400290685848121], [12.849884033203125, 9.375902535463014], [12.86773681640625, 9.350157628244498], [12.913055419921875, 9.352867708269304], [12.91717529296875, 9.308148692484803], [12.90618896484375, 9.229537785857646], [12.885589599609375, 9.164467220791428], [12.8924560546875, 9.138706823350471], [12.8924560546875, 9.09124858577939], [12.8704833984375, 8.996313269136376], [12.8485107421875, 8.984105487230773], [12.812805175781248, 8.951549393099837], [12.794952392578125, 8.932556991767045], [12.799072265624998, 8.836223192538503], [12.803192138671875, 8.795511185738743], [12.781219482421875, 8.746650870360723], [12.7606201171875, 8.757509273522448], [12.726287841796875, 8.749365500848814], [12.71392822265625, 8.729005290108992], [12.715301513671873, 8.701856614778896], [12.6727294921875, 8.640764905085144], [12.638397216796873, 8.643480302914657], [12.580718994140625, 8.600031594221486], [12.547760009765623, 8.613609852175768], [12.503814697265623, 8.61225204830186], [12.490081787109375, 8.629903118263488], [12.469482421875, 8.614967651175489], [12.470855712890625, 8.593242282695405], [12.451629638671875, 8.575589503988725], [12.41180419921875, 8.491388072978754], [12.39532470703125, 8.48867158917733], [12.389831542968748, 8.479163744535809], [12.369232177734375, 8.479163744535809], [12.355499267578125, 8.465580701366896], [12.292327880859373, 8.468297348367685], [12.271728515625, 8.451997178908954], [12.242889404296875, 8.437054751517428], [12.2222900390625, 8.382713786521965], [12.23052978515625, 8.351464289143236], [12.253875732421875, 8.267214075311472], [12.2552490234375, 8.189742344383703], [12.24700927734375, 8.147602256706778], [12.2003173828125, 8.108176866407044], [12.208557128906248, 8.102738577783168], [12.218170166015625, 8.032034155598001], [12.223663330078125, 8.008916572242065], [12.19482421875, 7.962677471899192], [12.161865234375, 7.890588474156229], [12.117919921874998, 7.84841737647579], [12.09320068359375, 7.834812882712155], [12.036895751953125, 7.710991655433217], [12.017669677734375, 7.652470080257471], [12.030029296875, 7.621164541350795], [12.039642333984375, 7.532680021759207], [11.94488525390625, 7.494558031590172], [11.907806396484375, 7.440092260798337], [11.8707275390625, 7.406047717076271], [11.858367919921875, 7.374724414066277], [11.822662353515623, 7.419665850784938], [11.770477294921875, 7.47958062149775], [11.769378532693061, 7.491018708835618], [11.770477294921875, 7.476857400769439], [11.858367919921875, 7.373362480979634], [11.825408935546875, 7.320243830434529], [11.80206298828125, 7.283465671007045], [11.8048095703125, 7.22352443376696], [11.822662353515623, 7.144498849647335], [11.828155517578125, 7.110431874886642], [11.855621337890625, 7.092716048631412], [11.828155517578125, 7.06000811836092], [11.75262451171875, 7.061370995033533], [11.732025146484373, 7.065459600954116], [11.71417236328125, 7.064096736330908], [11.66748046875, 6.989133016574015], [11.62628173828125, 6.975501953620171], [11.622161865234375, 6.95505461545472], [11.602935791015625, 6.911430655357409], [11.587829589843748, 6.914157271085625], [11.553497314453125, 6.85689504590574], [11.587829589843748, 6.839169626342808], [11.58233642578125, 6.821443549066319], [11.597442626953125, 6.813262061261421], [11.574096679687498, 6.781898399690825], [11.591949462890625, 6.739622409474375], [11.56036376953125, 6.721892669953593], [11.53289794921875, 6.646875098291585], [11.531524658203125, 6.616864857159944], [11.49169921875, 6.599130675207247], [11.466979980468748, 6.607315761274951], [11.42578125, 6.590945453863315], [11.427154541015625, 6.526823225180418], [11.361236572265625, 6.522730037335419], [11.3543701171875, 6.5118147063479], [11.271972656249998, 6.537738229153469], [11.245880126953125, 6.522730037335419], [11.19232177734375, 6.536373866680474], [11.15386962890625, 6.556838912478826], [11.14013671875, 6.545924325774918], [11.1016845703125, 6.539102587903153], [11.09893798828125, 6.675519529024594], [11.059112548828125, 6.71370949505121], [11.02752685546875, 6.715073367093703], [10.9918212890625, 6.689159145509243], [10.953369140624998, 6.695978810998878], [10.93963623046875, 6.691887023134461], [10.916290283203123, 6.716437235313717], [10.905303955078125, 6.770988820924266], [10.899810791015625, 6.760078995519165], [10.87646484375, 6.795535025719518], [10.850372314453125, 6.805080433872511], [10.825653076171873, 6.826897796641727], [10.8160400390625, 6.854168101157414], [10.84075927734375, 6.9332431402747], [10.776214599609375, 6.964596817535289], [10.76385498046875, 6.959144154386019], [10.680084228515625, 7.024571917846369], [10.658111572265623, 7.042290356532741], [10.627899169921873, 7.047742047725658], [10.594940185546875, 7.073636704289109], [10.605926513671875, 7.111794602472421], [10.5963134765625, 7.151311940328428], [10.572967529296875, 7.159487514966097], [10.561981201171875, 7.107706407586737], [10.559234619140625, 7.053193674788732], [10.54412841796875, 6.968686273301318], [10.531768798828125, 6.929153376172394], [10.496063232421875, 6.916883871079278], [10.48919677734375, 6.89779734091084], [10.465850830078125, 6.916883871079278], [10.43426513671875, 6.916883871079278], [10.37109375, 6.910067341594741], [10.27496337890625, 6.900524035220599], [10.218658447265625, 6.896433987868805], [10.204925537109373, 6.904614047238085], [10.20355224609375, 6.919610455332291], [10.1788330078125, 6.941422561963073], [10.17059326171875, 6.995948399019012], [10.158233642578125, 7.012304910822617], [10.162353515625, 7.036838601258569], [10.1513671875, 7.038201546082072], [10.09368896484375, 6.979591314203343], [10.009918212890625, 6.905977376721625], [9.941253662109375, 6.82826134882511], [9.88494873046875, 6.772352531766122], [9.77783203125, 6.794171380507544], [9.754486083984375, 6.701434474782401], [9.762725830078125, 6.675519529024594], [9.744873046874998, 6.652331309220675], [9.70367431640625, 6.520001226862838], [9.666595458984375, 6.5118147063479], [9.6514892578125, 6.529551998492275], [9.6295166015625, 6.518636816056048], [9.5965576171875, 6.535009500484907], [9.61029052734375, 6.630506102399826], [9.647369384765625, 6.740986208759249], [9.647369384765625, 6.795535025719518], [9.6405029296875, 6.875983221813905], [9.666595458984375, 6.953691427897033], [9.724273681640625, 7.065459600954116], [9.784698486328125, 7.129509692825984], [9.8272705078125, 7.175838224479953], [9.834136962890625, 7.207175441284046], [9.82177734375, 7.250771440010265], [9.84375, 7.290276669378382], [9.86297607421875, 7.347484957231748], [9.879455566406248, 7.419665850784938], [9.89044189453125, 7.47958062149775], [9.8712158203125, 7.543571403682195], [9.8382568359375, 7.58577291559387], [9.7503662109375, 7.649747950578051], [9.674835205078125, 7.751815872609364], [9.635009765625, 7.804881432818124], [9.595184326171875, 7.83073144786945], [9.559478759765625, 7.841615185204699], [9.4921875, 7.837533817049727], [9.3878173828125, 7.844336075064974], [9.315032958984375, 7.832091930594189], [9.2779541015625, 7.815765844835557], [9.246368408203125, 7.819847426192575], [9.169464111328125, 7.799439120500423], [9.122772216796875, 7.79127551927316], [9.1131591796875, 7.81304476842351], [9.154357910156248, 7.862021424977392], [9.183197021484375, 7.887867887739152], [9.17633056640625, 7.910992301186667], [9.244995117187498, 7.942276207509992], [9.327392578125, 7.977637753504988], [9.358978271484373, 8.012996241248228], [9.416656494140625, 8.060589352854752], [9.397430419921875, 8.080984688871991], [9.39056396484375, 8.116334161444891], [9.38507080078125, 8.148961683761335], [9.415283203125, 8.174789919410912], [9.394683837890625, 8.201975728982468], [9.328765869140623, 8.231877971989688], [9.3218994140625, 8.254982704877875], [9.34661865234375, 8.297111382548866], [9.36859130859375, 8.346029338263937], [9.474334716796875, 8.306623685431822], [9.542999267578125, 8.299829206884896], [9.61578369140625, 8.293034610795049], [9.613037109375, 8.3935825887093], [9.757232666015625, 8.367768687496708], [9.869842529296875, 8.432979443683774], [9.9755859375, 8.522626253160213], [10.2337646484375, 8.795511185738743], [10.325775146484373, 8.86336203355168], [10.432891845703123, 8.951549393099837], [10.600433349609375, 8.97596673745915], [10.62652587890625, 9.012589671033295], [10.641632080078125, 9.080400104155315], [10.619659423828125, 9.102096738726456], [10.636138916015625, 9.121080214365112], [10.616912841796875, 9.141418531966803], [10.60455322265625, 9.198359633230906], [10.57708740234375, 9.245803554357277], [10.578460693359375, 9.328476228699701], [10.55511474609375, 9.350157628244498], [10.557861328125, 9.388096825197016], [10.5743408203125, 9.411129312441558], [10.575714111328125, 9.45041648234431], [10.528456326149222, 9.489039297011402], [10.52490234375, 9.489699168705691], [10.4864501953125, 9.554708887391607], [10.40679931640625, 9.58720909671326], [10.338134765625, 9.627829978728215], [10.2667236328125, 9.668445975969965], [10.17333984375, 9.652200164514822], [10.1458740234375, 9.695520583913266], [10.11016845703125, 9.695520583913266], [10.11016845703125, 9.717178696853328], [10.04974365234375, 9.728007227819086], [9.9700927734375, 9.703642540353869], [9.9920654296875, 9.638661389766769], [9.95361328125, 9.60887417379781], [9.9151611328125, 9.606166114941981], [9.835510253906248, 9.603458034423026], [9.82452392578125, 9.579084335882534], [9.758605957031248, 9.527623008537583], [9.64874267578125, 9.524914302345891], [9.58831787109375, 9.508661614180864], [9.57183837890625, 9.470735674130932], [9.4317626953125, 9.473444808938526], [9.393310546875, 9.524914302345891], [9.3548583984375, 9.527623008537583], [9.31365966796875, 9.57095938061286], [9.33013916015625, 9.59262549583373], [9.29718017578125, 9.611582210984674], [9.2999267578125, 9.663030792615071], [9.28070068359375, 9.690105836991949], [9.22027587890625, 9.690105836991949], [9.15985107421875, 9.75778387784387], [9.244995117187498, 9.798384110679523], [9.28070068359375, 9.847097830667165], [9.2340087890625, 9.852510023143063], [9.22027587890625, 10.017539021316155], [9.25048828125, 10.031062285047685], [9.2230224609375, 10.04999390563513], [9.184570312499998, 10.031062285047685], [9.12689208984375, 10.04999390563513], [9.052734375, 10.014834300885987], [9.003295898437498, 10.031062285047685], [9.00604248046875, 9.985080889293013], [8.94561767578125, 10.031062285047685], [8.96209716796875, 10.098670120603392], [8.975830078125, 10.193297204997892], [8.931884765625, 10.223031355670871], [8.931884765625, 10.268978658034655], [8.95660400390625, 10.304110328329449], [8.9373779296875, 10.344642004246246], [8.9044189453125, 10.355449568155432], [8.87420654296875, 10.355449568155432], [8.822021484374998, 10.368958499166258], [8.76434326171875, 10.441896638117182], [8.7890625, 10.595820834654047], [8.822021484374998, 10.663307118268909], [8.85772705078125, 10.674103537369739], [8.8494873046875, 10.733476978551995], [8.800048828125, 10.784744659837438], [8.7835693359375, 10.800932640687549], [8.756103515625, 10.849491343257862], [8.76434326171875, 10.949281651229716], [8.7890625, 10.941191793456522], [8.8165283203125, 11.094861154145857], [8.85772705078125, 11.100251600839384], [8.912658691406248, 11.12181239218314], [8.931884765625, 11.178401873711785], [8.975830078125, 11.189179572173774], [9.05548095703125, 11.288854224631772], [9.1351318359375, 11.313094189482758], [9.20928955078125, 11.321173722096153], [9.2999267578125, 11.34541095076625], [9.34112548828125, 11.331946077410558], [9.3548583984375, 11.340025077568924], [9.41253662109375, 11.299627795341129], [9.51141357421875, 11.272693110431502], [9.5196533203125, 11.310400961284474], [9.607543945312498, 11.30770770776545], [9.5965576171875, 11.248449735768261], [9.698181152343748, 11.21881617411406], [9.73388671875, 11.243062041947772], [9.7943115234375, 11.253837328831702], [9.805297851562498, 11.269999503022248], [9.83001708984375, 11.269999503022248], [9.85748291015625, 11.208039579322028], [9.876708984375, 11.18648518513903], [9.895935058593748, 11.089470608001054], [9.85748291015625, 11.073298373317757], [9.876708984375, 10.99242382355001], [9.9151611328125, 10.989727622371035], [10.00579833984375, 10.951978221389624], [10.02227783203125, 10.976246247006731], [10.0579833984375, 10.96006778449538], [10.107421875, 10.987031396553103], [10.12115478515625, 10.951978221389624], [10.19256591796875, 10.946585056517058], [10.22003173828125, 10.951978221389624], [10.18157958984375, 10.987031396553103], [10.16510009765625, 11.011296541429488], [10.17333984375, 11.057125245224867], [10.21728515625, 11.094861154145857], [10.24200439453125, 11.073298373317757], [10.28594970703125, 11.100251600839384], [10.318908691406248, 11.129897277912118], [10.35186767578125, 11.116422343753479], [10.35186767578125, 11.14606637590688], [10.37109375, 11.175707386480804], [10.349121093749998, 11.202651131282447], [10.283203125, 11.210733765689508], [10.21728515625, 11.23498031239768], [10.15960693359375, 11.237674247415999], [10.12664794921875, 11.24036815726794], [10.08819580078125, 11.26461221250444], [10.0250244140625, 11.26461221250444], [9.9700927734375, 11.278080249522125], [9.942626953125, 11.313094189482758], [9.92340087890625, 11.313094189482758], [9.92340087890625, 11.34541095076625], [9.895935058593748, 11.377724055174113], [9.87396240234375, 11.447723189292294], [9.84649658203125, 11.466566156032615], [9.79705810546875, 11.455798900251002], [9.79156494140625, 11.504248316773985], [9.832763671875, 11.536543298200439], [9.8272705078125, 11.587669416896215], [9.83001708984375, 11.62802553766154], [9.835510253906248, 11.687203930285865], [9.810791015625, 11.692583158242133], [9.775085449218748, 11.743680604654593], [9.7119140625, 11.724856329545043], [9.64874267578125, 11.730234824932992], [9.6185302734375, 11.75174775769061], [9.6240234375, 11.76788135475553], [9.66522216796875, 11.778636560450623], [9.684448242187498, 11.827029771365764], [9.67071533203125, 11.851223169778889], [9.67620849609375, 11.861975103494535], [9.714660644531248, 11.851223169778889], [9.82177734375, 11.888853082975968], [9.89044189453125, 11.931852326960579], [9.942626953125, 11.945288193567402], [10.04150390625, 11.977531552647788], [10.09368896484375, 12.007084584179246], [10.140380859375, 12.017830337768213], [10.162353515625, 12.042006714207925], [10.1568603515625, 12.087667262738698], [10.18157958984375, 12.170910538226316], [10.15960693359375, 12.192388447608373], [10.14862060546875, 12.227286339104973], [10.18707275390625, 12.278282661643756], [10.2008056640625, 12.321219274328346], [10.206298828125, 12.350734120814016], [10.26397705078125, 12.390976272790702], [10.228271484374998, 12.431212216060944], [10.25299072265625, 12.455350793988645], [10.3546142578125, 12.439258658008388], [10.39306640625, 12.458032719634904], [10.4315185546875, 12.455350793988645], [10.4644775390625, 12.439258658008388], [10.5523681640625, 12.47948712590856], [10.579833984375, 12.474123690901123], [10.604038231178796, 12.489878450009007], [10.5963134765625, 12.504961924014806], [10.59734342106532, 12.511329848689192], [10.59356689453125, 12.5223906020692], [10.597027628912173, 12.522765976854057], [10.599257962754942, 12.523167046938307], [10.600433349609375, 12.53043421029691], [10.586700439453125, 12.58137122824567], [10.59906005859375, 12.592093524674375], [10.590820312499998, 12.64033830684679], [10.57708740234375, 12.651058133703483], [10.581207275390625, 12.664457284178722], [10.592193603515625, 12.665797160512822], [10.603179931640625, 12.693932935851421], [10.583953857421873, 12.711348761576284], [10.567474365234373, 12.802427434186294], [10.54962158203125, 12.815818588006746], [10.4974365234375, 12.818496733360389], [10.504302978515625, 12.801088279674323], [10.482330322265625, 12.79305320327989], [10.336761474609375, 12.846615538845874], [10.3216552734375, 12.81046221187237], [10.28594970703125, 12.818496733360389], [10.30517578125, 12.864020841931762], [10.29144287109375, 12.882763664161187], [10.284576416015625, 12.910875267801035], [10.262603759765625, 12.91622950073752], [10.272216796875, 12.930953049543119], [10.26397705078125, 12.95504425527593], [10.281829833984375, 12.961735843534306], [10.28594970703125, 12.97511848034919], [10.273590087890625, 12.976456704432241], [10.254364013671875, 13.004557745339769], [10.226898193359375, 13.0206140544476], [10.1568603515625, 12.992514831438045], [10.118408203125, 12.987162237749484], [10.062103271484375, 12.976456704432241], [10.053863525390623, 12.95905922981074], [10.034637451171875, 12.96842725192088], [9.954986572265625, 12.94433734014486], [9.941253662109375, 12.904182315342489], [9.92889404296875, 12.914890953258695], [9.9151611328125, 12.885441095773627], [9.913787841796875, 12.868037278927382], [9.85198974609375, 12.821174850230918], [9.773712158203125, 12.797070773470656], [9.740753173828125, 12.794392400452006], [9.7119140625, 12.818496733360389], [9.67620849609375, 12.825191972118773], [9.810791015625, 12.964412428478397], [9.842376708984373, 13.016600074665284], [9.927520751953125, 13.091516957879143], [9.971466064453125, 13.132979019087472], [9.98931884765625, 13.158387791929725], [10.053863525390623, 13.199838554004245], [10.210418701171875, 13.270689685634224], [10.382080078125, 13.282718960896405], [10.463104248046873, 13.289401634020445], [10.52490234375, 13.313457732365695], [10.663604736328125, 13.365571074958245], [10.704803466796873, 13.360226634252003], [10.8819580078125, 13.36957932776089], [11.02752685546875, 13.382939689016359], [11.174468994140625, 13.38026767603707], [11.254119873046875, 13.38160368623224], [11.30767822265625, 13.376259600992242], [11.405181884765625, 13.376259600992242], [11.4697265625, 13.360226634252003], [11.5301513671875, 13.357554369495743], [11.57135009765625, 13.340183927452808], [11.62353515625, 13.31613048473399], [11.699066162109375, 13.285392052231627], [11.738891601562498, 13.294747639977237], [11.7718505859375, 13.281382404188077], [11.844635009765625, 13.270689685634224], [11.905059814453125, 13.247966096402829], [11.966857910156248, 13.203849545203568], [12.008056640625, 13.182456831343838], [12.03277587890625, 13.146352385470161], [12.100067138671875, 13.123617229226902], [12.160491943359375, 13.103555050321653], [12.185211181640623, 13.116930018103586], [12.201690673828123, 13.12227980155627], [12.229156494140625, 13.108905124689748], [12.253875732421875, 13.116930018103586], [12.2662353515625, 13.108905124689748], [12.275848388671873, 13.090179355733738], [12.311553955078125, 13.102217513557752], [12.3486328125, 13.082153590400935], [12.392578125, 13.078140609755359], [12.432403564453125, 13.075465253049048], [12.41566415957644, 13.044663325822238], [12.436523437499998, 13.07412756381517], [12.476348876953125, 13.059412503703712], [12.48046875, 13.080815937441857], [12.49420166015625, 13.087504129660099], [12.48870849609375, 13.119604924382594], [12.506561279296875, 13.153038795325394], [12.53814697265625, 13.146352385470161], [12.550506591796875, 13.181119724574392], [12.5299072265625, 13.209197430990182], [12.566986083984375, 13.233261466546951], [12.59307861328125, 13.277372689908319], [12.638397216796873, 13.294747639977237], [12.6727294921875, 13.280045840120149], [12.691955566406248, 13.313457732365695], [12.737274169921875, 13.326821199055075], [12.7496337890625, 13.361562755530372], [12.782592773437498, 13.365571074958245], [12.783966064453125, 13.400307050494574], [12.827911376953125, 13.408322332907831], [12.8155517578125, 13.439045104716321], [12.852630615234375, 13.456408409113283], [12.871856689453125, 13.496472765758952], [12.904815673828125, 13.487125016522453], [12.94189453125, 13.50448483093049], [12.981719970703125, 13.517837674890684], [13.00506591796875, 13.511161346378216], [13.072357177734375, 13.551216510435106], [13.08746337890625, 13.520508153934646], [13.105316162109375, 13.536530399503015], [13.127288818359375, 13.521843382233701], [13.18634033203125, 13.536530399503015], [13.235778808593748, 13.556556689521155], [13.261871337890625, 13.599273798175751], [13.294830322265625, 13.674010189525353], [13.34564208984375, 13.7153719325982], [13.36761474609375, 13.704698631091055], [13.643646240234375, 13.695359094505406], [14.083099365234375, 13.082153590400935], [14.146270751953125, 12.719386432362123], [14.157257080078125, 12.73144246130947], [14.205322265624998, 12.541158630852774], [14.1998291015625, 12.502280484521698], [14.173736572265625, 12.48350962924727], [14.183349609375, 12.44596383590153], [14.1778564453125, 12.413777404146], [14.223175048828125, 12.3681731477505], [14.283599853515625, 12.373538768117175], [14.293212890625, 12.358783046999035], [14.319305419921875, 12.376221536966495], [14.352264404296877, 12.362807417197136], [14.39208984375, 12.358783046999035], [14.441528320312498, 12.373538768117175], [14.445648193359373, 12.352075625709524], [14.484100341796873, 12.352075625709524], [14.519805908203127, 12.327927485893891], [14.517059326171875, 12.297068292853817], [14.55963134765625, 12.258153712042176], [14.547271728515625, 12.23668113888057], [14.593963623046877, 12.228628473803463], [14.602203369140625, 12.204469007402999], [14.62554931640625, 12.187019133226132], [14.654388427734377, 12.197757653273491], [14.679107666015623, 12.161513406623875], [14.659881591796873, 12.141375577877461], [14.659881591796873, 12.118550864498058], [14.6392822265625, 12.091695761002715], [14.651641845703123, 12.063494999963579], [14.626922607421873, 12.054094086685643], [14.621429443359375, 12.028575662342247], [14.643402099609375, 11.97081450325369], [14.637908935546875, 11.93050870366805], [14.604949951171873, 11.870038775698646], [14.61456298828125, 11.849879148285773], [14.6063232421875, 11.793424280845365], [14.615936279296875, 11.784014005457767], [14.53765869140625, 11.726200963217737], [14.563751220703125, 11.704686038936124], [14.600830078125, 11.676445161005404], [14.631042480468752, 11.64416634948904], [14.64752197265625, 11.593050570216564], [14.632415771484373, 11.55807122245541], [14.632415771484373, 11.524433115006], [14.508819580078125, 11.471949630036582], [14.445648193359373, 11.465220271497596], [14.440155029296875, 11.431571076012284], [14.404449462890623, 11.405995013996774], [14.37835693359375, 11.39253300319364], [14.316558837890623, 11.375031436386504], [14.26849365234375, 11.340025077568924], [14.239654541015625, 11.322520288693578], [14.231414794921875, 11.303667780023039], [14.20257568359375, 11.298281121130604], [14.1668701171875, 11.269999503022248], [14.13116455078125, 11.24979664348188], [14.10919189453125, 11.256531087565236], [13.98284912109375, 11.313094189482758], [13.954010009765623, 11.248449735768261], [13.937530517578125, 11.214774998159251], [13.918304443359375, 11.195915430095884], [13.899078369140625, 11.162234574919237], [13.874359130859375, 11.14606637590688], [13.855133056640625, 11.109684643110402], [13.82354736328125, 11.062516387113732], [13.812561035156248, 11.06521192087006], [13.797454833984375, 11.012644546445717], [13.752136230468748, 10.989727622371035], [13.705444335937498, 10.978942571323032], [13.693084716796875, 10.938495125120143], [13.586220171491856, 10.948731326235505], [13.68896484375, 10.935798432254016]]]]}}, {"type": "Feature", "properties": {"Name_Caps": "SOUTH-SOUTH", "disaggregations": [{"Series": "Proportion of population with primary reliance on clean fuels and technology", "Sector": "", "Wealth Index Quintile": "", "Ethnicity": "", "Geopolitical zone": "South South", "State": "", "Education level": ""}], "values": [{"2021": 25.6}], "observation_attributes": [{}], "name": "South South", "geocode": "NGSSZ02"}, "geometry": {"type": "MultiPolygon", "coordinates": [[[[6.466827392578124, 4.316285161134079], [6.406402587890624, 4.305329913647438], [6.318511962890625, 4.293005071744637], [6.258087158203125, 4.293005071744637], [6.216888427734375, 4.277941105866812], [6.16058349609375, 4.275202171119132], [6.09466552734375, 4.266985308174466], [6.064453125, 4.283418945973975], [5.994415283203125, 4.299852230741914], [5.9600830078125, 4.332717735806342], [5.8612060546875, 4.388859663673164], [5.778808593749999, 4.461427111442065], [5.689544677734375, 4.524404370990771], [5.609893798828125, 4.628441720431344], [5.543975830078125, 4.718777551249855], [5.500030517578124, 4.815943874542815], [5.456085205078125, 4.889835742990713], [5.439605712890625, 4.96371945969471], [5.40802001953125, 5.059482316034992], [5.37506103515625, 5.127875697203711], [5.4327392578125, 5.137450188205765], [5.460205078125, 5.123772299948803], [5.4656982421875, 5.092312047102726], [5.4986572265625, 5.089576300054754], [5.528558886421772, 5.068616932197632], [5.500030517578124, 5.090944175033399], [5.458831787109375, 5.125140101962673], [5.46295166015625, 5.142921261354991], [5.447845458984375, 5.155231003951707], [5.392913818359375, 5.142921261354991], [5.36407470703125, 5.148392287485084], [5.348968505859375, 5.226349271800633], [5.33935546875, 5.285152514834127], [5.316009521484375, 5.363092385212534], [5.343475341796875, 5.365826937620923], [5.340728759765624, 5.393171786473429], [5.274810791015625, 5.423249696996985], [5.21575927734375, 5.456060253190292], [5.178680419921875, 5.508006626176606], [5.16082763671875, 5.549013715023947], [5.178680419921875, 5.584550886514872], [5.153961181640625, 5.61325241393641], [5.108642578125, 5.665184914439158], [5.085296630859375, 5.715746284204099], [5.060577392578125, 5.771768530616775], [5.038604736328124, 5.785431655361863], [5.027618408203125, 5.819588021308272], [4.97406005859375, 5.889260560133938], [4.99603271484375, 5.912482802972587], [5.071563720703125, 6.076376577831838], [5.131988525390625, 6.165131625741902], [5.140228271484375, 6.144651001885719], [5.154004424712449, 6.147012539644482], [5.140228271484375, 6.146016401359179], [5.134735107421875, 6.167862315899159], [5.126495361328125, 6.201994754217926], [5.05645751953125, 6.240220461451296], [5.0152587890625, 6.296188782911237], [5.03448486328125, 6.318028445858999], [5.027618408203125, 6.360340167236231], [5.044097900390625, 6.378082757182601], [5.06744384765625, 6.378082757182601], [5.104522705078125, 6.39718947487974], [5.104522705078125, 6.442223907855765], [5.153961181640625, 6.507721396011065], [5.16082763671875, 6.56229611623886], [5.1361083984375, 6.585488564561947], [5.108642578125, 6.630506102399826], [5.11138916015625, 6.685067300513248], [5.1580810546875, 6.758715250021171], [5.200653076171875, 6.772352531766122], [5.22674560546875, 6.840533143527431], [5.266571044921875, 6.886890406752077], [5.324249267578125, 6.890980536470747], [5.560455322265624, 6.877346633632362], [5.57830810546875, 6.847350671046949], [5.543975830078125, 6.837806105266394], [5.56182861328125, 6.715073367093703], [5.582427978515624, 6.701434474782401], [5.6414794921875, 6.745077583589011], [5.6634521484375, 6.72052881703117], [5.7073974609375, 6.730075707109153], [5.72113037109375, 6.766897665279352], [5.758209228515625, 6.781898399690825], [5.782928466796875, 6.817352822622144], [5.76507568359375, 6.840533143527431], [5.782928466796875, 6.860985433763661], [5.802154541015624, 6.91824716517374], [5.7843017578125, 6.968686273301318], [5.82000732421875, 7.077725201662539], [5.855712890625, 7.092716048631412], [5.8447265625, 7.118608179729221], [5.890045166015625, 7.196275785130203], [5.906524658203125, 7.208537879875238], [5.8941650390625, 7.25349605006954], [5.923004150390624, 7.294363218689945], [5.906524658203125, 7.313433288513169], [5.91339111328125, 7.337950752501032], [5.986175537109375, 7.354294978235896], [5.9710693359375, 7.416942257739039], [5.988922119140625, 7.453709339338142], [5.969696044921875, 7.453709339338142], [5.944976806640625, 7.493196470122287], [5.966949462890625, 7.528595682934751], [6.005401611328125, 7.534041459479559], [6.04248046875, 7.578966499501934], [6.118011474609375, 7.587134185893754], [6.1358642578125, 7.549016991857316], [6.16607666015625, 7.54629420634032], [6.149597167968749, 7.519065409404988], [6.11114501953125, 7.495919588801495], [6.115264892578125, 7.444177428771312], [6.164703369140624, 7.44281571034126], [6.17706298828125, 7.431921810761437], [6.230621337890625, 7.472772537828222], [6.27593994140625, 7.495919588801495], [6.296539306640625, 7.494558031590172], [6.38031005859375, 7.399238492395614], [6.421508789062499, 7.419665850784938], [6.429748535156249, 7.403324039821039], [6.421508789062499, 7.385619727854383], [6.444854736328124, 7.358380940700159], [6.46270751953125, 7.365190794511249], [6.502532958984375, 7.332502543763999], [6.50115966796875, 7.299811893066493], [6.510772705078125, 7.269843363909954], [6.5753173828125, 7.278016797797649], [6.6302490234375, 7.298449730693066], [6.67694091796875, 7.237148142566737], [6.690673828125, 7.230336339539009], [6.70440673828125, 7.177200757107744], [6.712646484375, 7.149949330320784], [6.711273193359375, 7.109069143257817], [6.68243408203125, 7.06000811836092], [6.6796875, 7.017756953860871], [6.675567626953125, 6.948238638117019], [6.645355224609375, 6.889617163817551], [6.61376953125, 6.82826134882511], [6.632995605468749, 6.766897665279352], [6.615142822265625, 6.706890077528039], [6.620635986328125, 6.689159145509243], [6.645355224609375, 6.648239156702318], [6.65771484375, 6.610044093207648], [6.661834716796875, 6.537738229153469], [6.668701171875, 6.503628052315478], [6.663461730112139, 6.500281474402585], [6.690673828125, 6.43403612558649], [6.712646484375, 6.346691604277331], [6.719512939453125, 6.289363699721321], [6.7401123046875, 6.217012327817175], [6.76483154296875, 6.185611458833264], [6.76483154296875, 6.161035564149087], [6.7510986328125, 6.118707747190845], [6.719512939453125, 6.094128765214361], [6.7071533203125, 6.080473288490142], [6.72637939453125, 6.049064377566057], [6.725006103515625, 6.014922187699065], [6.703033447265625, 5.916580744756599], [6.659088134765625, 5.85920680518689], [6.6522216796875, 5.816855588240969], [6.656341552734374, 5.774501181937736], [6.637115478515625, 5.733510031687763], [6.615142822265625, 5.721212111452892], [6.615142822265625, 5.712531034129591], [6.6357421875, 5.729410754362034], [6.671447753906249, 5.717112745911043], [6.653594970703125, 5.592751466691575], [6.639862060546875, 5.49843789742656], [6.648101806640624, 5.490236007479093], [6.712646484375, 5.488869014844903], [6.7401123046875, 5.497070923612718], [6.74835205078125, 5.466996706994796], [6.73736572265625, 5.454693182436793], [6.756591796875, 5.42051540331158], [6.753845214843749, 5.387702915066567], [6.757965087890625, 5.348052128123205], [6.762084960937499, 5.313868352712156], [6.793670654296875, 5.27968268025723], [6.829376220703125, 5.249597728843343], [6.862335205078125, 5.245495122823749], [6.898040771484374, 5.219511325926304], [6.955718994140625, 5.230452003501345], [6.996917724609374, 5.2386573862016], [7.03948974609375, 5.248230196501414], [7.068328857421875, 5.235922270597788], [7.123260498046875, 5.216776126697326], [7.169952392578124, 5.209938076480817], [7.216644287109375, 5.197629398632222], [7.241363525390626, 5.200364681183489], [7.266082763671875, 5.21540852261179], [7.288055419921874, 5.182585132438667], [7.283935546874999, 5.151127782902505], [7.263336181640625, 5.095047782510351], [7.248229980468751, 5.055378482325708], [7.2454833984375, 5.004762401727689], [7.216644287109375, 4.959615024698026], [7.167205810546874, 4.943197029768433], [7.139739990234374, 4.907623313295873], [7.152099609375, 4.884362549308419], [7.2015380859375, 4.859732625553682], [7.261962890625, 4.869311036456154], [7.318267822265624, 4.877520994381813], [7.378692626953124, 4.865206019900161], [7.418518066406249, 4.865206019900161], [7.444610595703125, 4.846048945302313], [7.46795654296875, 4.841943787162376], [7.495016972635174, 4.824417047921656], [7.502288818359374, 4.833733396156425], [7.4871826171875, 4.867942700387028], [7.477569580078125, 4.92951505644009], [7.496795654296875, 4.95824687402805], [7.458343505859375, 4.977400725138931], [7.510528564453125, 5.034858924155483], [7.535247802734375, 5.049906663601528], [7.516021728515624, 5.052642578738913], [7.548980712890624, 5.084104771062605], [7.529754638671874, 5.152495526196605], [7.554473876953125, 5.26737537610052], [7.537994384765625, 5.297459465942105], [7.557220458984375, 5.305663963878612], [7.570953369140625, 5.32207263227595], [7.598419189453125, 5.323440001568104], [7.627258300781249, 5.316603124716078], [7.657470703124999, 5.328909448322195], [7.678070068359375, 5.384968460898335], [7.658843994140625, 5.395906203699747], [7.627258300781249, 5.382233994428483], [7.640991210937501, 5.425983978294346], [7.6629638671875, 5.446490692533117], [7.69866943359375, 5.432819627299598], [7.701416015625001, 5.487502019076684], [7.689056396484375, 5.503905761280072], [7.697296142578124, 5.520309050962868], [7.713775634765624, 5.512107462769801], [7.75634765625, 5.513474402007618], [7.75909423828125, 5.490236007479093], [7.77557373046875, 5.479299978696055], [7.787933349609374, 5.44512359999259], [7.812652587890625, 5.424616839194558], [7.8607177734375, 5.42051540331158], [7.885437011718749, 5.38360122920073], [7.885437011718749, 5.368156357988464], [7.992553710937499, 5.357623243645234], [7.94036865234375, 5.453326108568553], [7.903289794921875, 5.56268211207975], [7.919769287109375, 5.651518917890183], [7.886810302734375, 5.688416366094462], [7.895050048828124, 5.708913926756642], [7.929382324218749, 5.766303188459986], [7.965087890625, 5.767669528936616], [7.94036865234375, 5.830517620702843], [8.00079345703125, 5.89882277792467], [7.987060546875, 5.928874387781904], [7.98431396484375, 5.980777853982561], [8.05572509765625, 6.005361989842799], [8.092803955078125, 5.990338482830246], [8.11614990234375, 5.94253366984838], [8.219146728515625, 6.014922187699065], [8.246612548828125, 6.017653641940933], [8.260345458984375, 5.994435843963697], [8.28369140625, 6.008093492080039], [8.296051025390625, 6.10232188451477], [8.37432861328125, 6.192437893691237], [8.40179443359375, 6.214281891752766], [8.416900634765625, 6.268887912904184], [8.389434814453125, 6.30164878488327], [8.411407470703125, 6.373988367796561], [8.447113037109375, 6.38763620519355], [8.45672607421875, 6.42311887733411], [8.411407470703125, 6.484525341265193], [8.419647216796875, 6.506356951818043], [8.392181396484375, 6.548652994833613], [8.370208740234375, 6.558203219021767], [8.316650390625, 6.604587414293243], [8.3221435546875, 6.616864857159944], [8.290557861328125, 6.67824748274901], [8.367462158203125, 6.69461488552154], [8.386688232421875, 6.742350004207154], [8.426513671875, 6.76553393902715], [8.459472656249998, 6.743713795817338], [8.4979248046875, 6.754623990449025], [8.562469482421875, 6.761442737169514], [8.62701416015625, 6.791444078484329], [8.63250732421875, 6.822807116784918], [8.598175048828125, 6.860985433763661], [8.655853271484375, 6.86643922958172], [8.697052001953125, 6.896433987868805], [8.754730224609375, 6.893707270014239], [8.852233886718748, 6.865075786485829], [8.971710205078125, 6.790080421674627], [8.9923095703125, 6.766897665279352], [8.974456787109375, 6.691887023134461], [8.98681640625, 6.689159145509243], [9.026641845703123, 6.644146970117752], [9.06646728515625, 6.638690668382032], [9.129638671875, 6.67824748274901], [9.29443359375, 6.721892669953593], [9.356231689453125, 6.638690668382032], [9.40704345703125, 6.600494865617158], [9.435882568359375, 6.551381648974565], [9.47296142578125, 6.521365633956204], [9.463348388671875, 6.446317749457659], [9.44000244140625, 6.372623564070267], [9.4317626953125, 6.316663493894265], [9.347991943359375, 6.356245636365621], [9.323272705078125, 6.279808432740438], [9.2779541015625, 6.189707330332202], [9.224395751953125, 6.181515555600317], [9.16534423828125, 6.13918936896938], [9.14886474609375, 6.092763233165229], [9.078826904296875, 6.027213623648789], [8.949737548828123, 5.916580744756599], [8.914031982421875, 5.89882277792467], [8.897552490234375, 5.867403444598711], [8.84124755859375, 5.82368664600483], [8.8494873046875, 5.793629371804992], [8.881072998046875, 5.799094449996251], [8.87420654296875, 5.745807686900409], [8.831634521484375, 5.702081487858424], [8.856353759765625, 5.659718554577286], [8.9044189453125, 5.617352516956665], [8.922271728515625, 5.56678256930651], [8.89617919921875, 5.520309050962868], [8.86871337890625, 5.477932961011244], [8.834381103515625, 5.434186747796514], [8.83575439453125, 5.37129600565628], [8.81103515625, 5.294724609080335], [8.822021484374998, 5.257802859889371], [8.817901611328125, 5.185320480244929], [8.787689208984375, 5.118301062622347], [8.751983642578125, 5.10462276468007], [8.719024658203125, 5.032122934090068], [8.661346435546875, 4.960983172532971], [8.64898681640625, 4.913096316540102], [8.62152099609375, 4.910359820532264], [8.60504150390625, 4.881625935709636], [8.61602783203125, 4.859732625553682], [8.6297607421875, 4.824154480910268], [8.584442138671875, 4.8036277791704], [8.548736572265625, 4.799522364577645], [8.53363037109375, 4.783100459421634], [8.529510498046875, 4.737938193476741], [8.53912353515625, 4.705091054270635], [8.515777587890625, 4.669504904730966], [8.4649658203125, 4.677717253825141], [8.3935546875, 4.722883447755574], [8.326950073242186, 4.766678160414357], [8.278061383901166, 4.801163983734155], [8.31390380859375, 4.766678160414357], [8.31390380859375, 4.721514818286932], [8.3221435546875, 4.665398694118884], [8.337249755859375, 4.63802334398948], [8.3441162109375, 4.603802664823001], [8.312530517578125, 4.594220579187978], [8.294677734375, 4.572318186037985], [8.27545166015625, 4.535356380895779], [8.1298828125, 4.547677193529829], [8.00628662109375, 4.538094357441249], [7.906036376953126, 4.533987388730701], [7.833251953125, 4.523035358096605], [7.746734619140625, 4.512083161853471], [7.661590576171875, 4.494285490770221], [7.614863021993933, 4.473322393703915], [7.617645263671875, 4.471010957775101], [7.579193115234374, 4.450473991058908], [7.494049072265625, 4.451843140027584], [7.444610595703125, 4.435413184507573], [7.39654541015625, 4.432674823020461], [7.342987060546875, 4.444997369727285], [7.318267822265624, 4.439520707701928], [7.31964111328125, 4.416244441260857], [7.23175048828125, 4.388859663673164], [7.180938720703124, 4.386121130558996], [7.1356201171875, 4.377905471002954], [7.134246826171875, 4.406659883767029], [7.169952392578124, 4.450473991058908], [7.156219482421875, 4.461427111442065], [7.09716796875, 4.454581430322458], [7.0751953125, 4.443628208034037], [7.03125, 4.438151535843029], [7.016143798828125, 4.395705952493886], [6.98455810546875, 4.371059019137535], [6.933746337890625, 4.377905471002954], [6.884307861328125, 4.390228926463396], [6.878814697265625, 4.360104566121367], [6.852722167968749, 4.353257951868224], [6.756591796875, 4.349149953414805], [6.700286865234375, 4.34093388932755], [6.65771484375, 4.331348368202979], [6.631622314453125, 4.310807557128092], [6.6192626953125, 4.331348368202979], [6.595916748046874, 4.332717735806342], [6.552900501801585, 4.324675196048713], [6.5533447265625, 4.320393338203392], [6.53411865234375, 4.323132110554507], [6.466827392578124, 4.316285161134079]]]]}}, {"type": "Feature", "properties": {"Name_Caps": "NORTH-CENTRAL", "disaggregations": [{"Series": "Proportion of population with primary reliance on clean fuels and technology", "Sector": "", "Wealth Index Quintile": "", "Ethnicity": "", "Geopolitical zone": "North Central", "State": "", "Education level": ""}], "values": [{"2021": 11.7}], "observation_attributes": [{}], "name": "North Central", "geocode": "NGNCZ06"}, "geometry": {"type": "MultiPolygon", "coordinates": [[[[9.14337158203125, 7.852498637813029], [9.109039306640625, 7.817126376390131], [9.122772216796875, 7.78855428348796], [9.17083740234375, 7.798078531355303], [9.249114990234375, 7.821207944438957], [9.2779541015625, 7.811684223567514], [9.3218994140625, 7.832091930594189], [9.40155029296875, 7.841615185204699], [9.488067626953125, 7.836173352103869], [9.53338623046875, 7.840254733600899], [9.573211669921875, 7.838894277548992], [9.62127685546875, 7.81440530884645], [9.6514892578125, 7.781751116696869], [9.70916748046875, 7.708269900679682], [9.743499755859375, 7.651109017589451], [9.792938232421875, 7.617081041247857], [9.842376708984373, 7.58577291559387], [9.8712158203125, 7.54629420634032], [9.889068603515625, 7.483665420726311], [9.875335693359375, 7.416942257739039], [9.85198974609375, 7.313433288513169], [9.82177734375, 7.254858348915568], [9.835510253906248, 7.204450551811744], [9.810791015625, 7.163575247345467], [9.766845703125, 7.109069143257817], [9.727020263671875, 7.069548170712811], [9.68719482421875, 7.008215836663394], [9.66522216796875, 6.950965040915367], [9.6405029296875, 6.884163634012892], [9.641876220703125, 6.840533143527431], [9.652862548828125, 6.762806474971467], [9.637756347656248, 6.717801099710462], [9.61029052734375, 6.642782900356179], [9.603424072265625, 6.597766481039665], [9.591064453125, 6.532280756929124], [9.5855712890625, 6.500899137995968], [9.584197998046875, 6.473609181213082], [9.548492431640625, 6.453140745340921], [9.512786865234375, 6.442223907855765], [9.4647216796875, 6.45450533349273], [9.482574462890625, 6.520001226862838], [9.435882568359375, 6.556838912478826], [9.402923583984375, 6.608679929122808], [9.361724853515625, 6.641418826812533], [9.33837890625, 6.674155546461439], [9.298553466796873, 6.724620364318773], [9.20654296875, 6.702798381193026], [9.125518798828125, 6.676883507787369], [9.070587158203125, 6.642782900356179], [9.0252685546875, 6.645511036096463], [8.988189697265625, 6.69461488552154], [8.977203369140625, 6.693250956233147], [8.99505615234375, 6.768261387680118], [8.966217041015625, 6.796898667064052], [8.85772705078125, 6.86643922958172], [8.75885009765625, 6.89507063090302], [8.694305419921875, 6.89916069002835], [8.6572265625, 6.869166104051696], [8.598175048828125, 6.863712339483681], [8.628387451171875, 6.824170680620874], [8.628387451171875, 6.791444078484329], [8.562469482421875, 6.761442737169514], [8.51165771484375, 6.761442737169514], [8.46221923828125, 6.743713795817338], [8.426513671875, 6.764170208924263], [8.386688232421875, 6.746441367521438], [8.368835449218748, 6.697342732664398], [8.296051025390625, 6.67961145390872], [8.28094482421875, 6.717801099710462], [8.26446533203125, 6.757351500676311], [8.232879638671875, 6.799625938147785], [8.221893310546875, 6.781898399690825], [8.177947998046875, 6.776443641161725], [8.15185546875, 6.761442737169514], [8.139495849609375, 6.716437235313717], [8.09967041015625, 6.708253968671543], [8.080444335937498, 6.715073367093703], [8.052978515625, 6.709617855996398], [7.999420166015624, 6.72052881703117], [7.98431396484375, 6.685067300513248], [7.989807128906249, 6.619593136373065], [7.962341308593749, 6.545924325774918], [7.941741943359374, 6.529551998492275], [7.89093017578125, 6.558203219021767], [7.855224609374999, 6.585488564561947], [7.827758789062499, 6.634598402389716], [7.804412841796874, 6.635962494832333], [7.822265625, 6.67824748274901], [7.856597900390625, 6.742350004207154], [7.900543212890625, 6.781898399690825], [7.886810302734375, 6.788716761000527], [7.885437011718749, 6.858258512427753], [7.853851318359375, 6.880073445529212], [7.792053222656251, 6.878710041537719], [7.750854492187499, 6.873256386440719], [7.708282470703125, 6.855531575482039], [7.673950195312499, 6.855531575482039], [7.642364501953125, 6.893707270014239], [7.614898681640625, 6.91824716517374], [7.5640869140625, 6.935969629956083], [7.5311279296875, 7.028660848301287], [7.537466235975775, 7.033693328695219], [7.5311279296875, 7.030023817125638], [7.459716796875001, 7.103618176327378], [7.437744140625, 7.088627684177268], [7.39105224609375, 7.095441604769603], [7.386932373046875, 7.047742047725658], [7.329254150390625, 7.02320893303664], [7.315521240234376, 6.993222257973445], [7.244110107421874, 6.970049417296232], [7.220764160156249, 6.91824716517374], [7.183685302734374, 6.901887376486809], [7.07794189453125, 6.792807731428893], [7.051849365234375, 6.783262079675447], [6.983184814453125, 6.796898667064052], [6.981811523437499, 6.848714164864813], [6.954345703125, 6.837806105266394], [6.939239501953125, 6.781898399690825], [6.922760009765625, 6.800989567885457], [6.900787353515625, 6.796898667064052], [6.87469482421875, 6.761442737169514], [6.852722167968749, 6.749168923865482], [6.799163818359375, 6.690523086226235], [6.80328369140625, 6.582760097407956], [6.66046142578125, 6.536373866680474], [6.6522216796875, 6.607315761274951], [6.64947509765625, 6.634598402389716], [6.626129150390624, 6.67824748274901], [6.61376953125, 6.708253968671543], [6.631622314453125, 6.769625106228673], [6.615142822265625, 6.82826134882511], [6.650848388671875, 6.904614047238085], [6.678314208984374, 6.949601841492901], [6.683807373046875, 7.05864523767334], [6.712646484375, 7.103618176327378], [6.71539306640625, 7.159487514966097], [6.689300537109375, 7.233061073084732], [6.672821044921875, 7.23851049083463], [6.634368896484375, 7.295725393504048], [6.573944091796875, 7.278016797797649], [6.512145996093749, 7.271205613225026], [6.50390625, 7.293001039730459], [6.50390625, 7.331140481161404], [6.46820068359375, 7.358380940700159], [6.44622802734375, 7.355656969903686], [6.42425537109375, 7.381534016633762], [6.429748535156249, 7.411495021091383], [6.383056640625, 7.401962194884145], [6.302032470703125, 7.495919588801495], [6.280059814453125, 7.495919588801495], [6.2347412109375, 7.475495784034798], [6.178436279296875, 7.431921810761437], [6.1688232421875, 7.44281571034126], [6.119384765624999, 7.440092260798337], [6.11114501953125, 7.495919588801495], [6.148223876953125, 7.514980942395872], [6.164703369140624, 7.539487167568613], [6.142730712890625, 7.549016991857316], [6.12213134765625, 7.587134185893754], [6.049346923828125, 7.580327791330129], [6.00677490234375, 7.529957133486046], [5.94085693359375, 7.647025803528082], [5.9271240234375, 7.701465437245542], [5.933990478515625, 7.743651345263343], [5.920257568359375, 7.754537346539386], [5.824127197265624, 7.731404257656411], [5.782928466796875, 7.747733628722438], [5.789794921875, 7.780390470088427], [5.755462646484375, 7.796717937785409], [5.73760986328125, 7.825289472549634], [5.7073974609375, 7.828010469092214], [5.64971923828125, 7.83073144786945], [5.62225341796875, 7.853859049350008], [5.597534179687499, 7.955877163205325], [5.609893798828125, 7.961317419188958], [5.623626708984375, 7.955877163205325], [5.64697265625, 7.964037520093624], [5.651092529296874, 7.989877576791056], [5.6689453125, 8.002117033082156], [5.648345947265625, 8.046991890790093], [5.6634521484375, 8.066028209767085], [5.662078857421875, 8.078265370235346], [5.576934814453125, 8.071466993513926], [5.504150390625, 8.02523500283288], [5.516510009765625, 8.106817301143353], [5.505523681640625, 8.112255534618535], [5.505523681640625, 8.123131780800188], [5.509670305225527, 8.126156460049609], [5.502090454101562, 8.123811536406281], [5.496597290039062, 8.11021620568467], [5.396347045898438, 8.104777944631763], [5.374374389648437, 8.100699200600124], [5.359954833984375, 8.085743452389469], [5.356521606445312, 8.069427458185993], [5.362701416015625, 8.039513092136946], [5.351715087890625, 8.02455508129814], [5.333175659179688, 8.010956411855394], [5.313262939453125, 8.007556673489722], [5.287857055664062, 8.008236623433508], [5.262451171875, 8.010956411855394], [5.2569580078125, 8.017075869362266], [5.230865478515625, 8.022515309869311], [5.203399658203125, 8.01775580340422], [5.191726684570312, 8.020475528205637], [5.184860229492188, 8.032034155598001], [5.140914916992188, 8.061949073939479], [5.116195678710938, 8.061949073939479], [5.083923339843749, 8.023875158625891], [5.0701904296875, 8.032034155598001], [5.058517456054688, 8.040192988623229], [5.051651000976562, 8.059229627200192], [5.038604736328124, 8.072146836335447], [5.028305053710938, 8.063988646996462], [5.011825561523437, 8.050391299107481], [5.002899169921875, 8.032714064614193], [4.991226196289062, 8.033393972491785], [4.97406005859375, 8.01775580340422], [4.967193603515625, 8.020475528205637], [4.969253540039062, 8.032714064614193], [4.965133666992188, 8.050391299107481], [4.945907592773438, 8.055150422824966], [4.9273681640625, 8.078265370235346], [4.911575317382812, 8.087103088796775], [4.854583740234375, 8.096620415240713], [4.851150512695312, 8.092541588573782], [4.857330322265624, 8.072146836335447], [4.832611083984375, 8.057190030151535], [4.820938110351562, 8.05311080522299], [4.805831909179688, 8.063988646996462], [4.786605834960938, 8.068747610789194], [4.767379760742188, 8.067387912564946], [4.748153686523438, 8.064668502396389], [4.72137451171875, 8.063988646996462], [4.7076416015625, 8.057190030151535], [4.702835083007812, 8.048351657539454], [4.689102172851562, 8.056510162184548], [4.67193603515625, 8.051071177348181], [4.67193603515625, 8.04563211947839], [4.665069580078125, 8.043592453958102], [4.650650024414062, 8.05311080522299], [4.63623046875, 8.057190030151535], [4.635543823242188, 8.063308790453595], [4.632797241210938, 8.072826678012898], [4.621124267578125, 8.07554603328031], [4.601211547851562, 8.067387912564946], [4.563446044921875, 8.055150422824966], [4.507827758789062, 8.088462720619615], [4.496841430664062, 8.12177226613482], [4.493408203125, 8.172071236432545], [4.474868774414062, 8.221004689859], [4.456329345703124, 8.24071229393371], [4.414443969726562, 8.276047606934002], [4.384918212890625, 8.311379750426571], [4.385604858398438, 8.319532870505398], [4.346466064453125, 8.399016875747527], [4.208450317382812, 8.681493815778659], [4.212570190429688, 8.685566464064587], [4.190597534179688, 8.75140146072507], [4.19403076171875, 8.821295977752117], [4.2242431640625, 8.872860154667443], [4.2572021484375, 8.902709791097374], [4.32586669921875, 8.948157965530214], [4.336166381835938, 8.963758270450187], [4.334793090820312, 8.983427265061882], [4.325180053710938, 8.996313269136376], [4.312820434570312, 8.999704246610108], [4.291534423828125, 8.992922259889296], [4.251708984375, 8.967827805073359], [4.205703735351562, 8.97325378027977], [4.161758422851562, 8.984783708130381], [4.128799438476562, 8.996313269136376], [4.082794189453125, 9.015302333420598], [4.040222167968749, 9.025474635846928], [4.006576538085937, 9.03971537725544], [3.986663818359375, 9.054633645237482], [3.975677490234375, 9.068873232721229], [3.967437744140625, 9.08921452049938], [3.957138061523438, 9.119046318809513], [3.945465087890625, 9.15090934945207], [3.920745849609375, 9.174635284692604], [3.859634399414062, 9.188870084473406], [3.82598876953125, 9.182091679681214], [3.790283203125, 9.161755687904089], [3.769683837890625, 9.148875624157974], [3.755950927734375, 9.119046318809513], [3.7518310546875, 9.082434219478325], [3.742218017578125, 9.045818379818597], [3.720932006835937, 9.013267838540092], [3.66943359375, 8.989531218880458], [3.52386474609375, 8.928487062665504], [3.384475708007812, 8.840972634148596], [3.282852172851562, 8.805011055128228], [3.236846923828125, 8.781260924757706], [3.193588256835938, 8.798904024226378], [3.18328857421875, 8.811796526762716], [3.162002563476562, 8.807725258724508], [3.101577758789062, 8.75140146072507], [3.011627197265625, 8.71068015052775], [2.940902709960938, 8.640086052571865], [2.918930053710938, 8.608178607442493], [2.865371704101562, 8.611573144537315], [2.822799682617188, 8.610215333353539], [2.802200317382812, 8.610894239554503], [2.788467407226562, 8.598673741646747], [2.762374877929688, 8.570836692590856], [2.750015258789062, 8.581021215641854], [2.7520751953125, 8.587810745936016], [2.747955322265625, 8.592563344854637], [2.750015258789062, 8.59935266854241], [2.747955322265625, 8.604784039902677], [2.755508422851562, 8.614967651175489], [2.748641967773438, 8.616325445300284], [2.745895385742187, 8.622435458514712], [2.754135131835938, 8.624472107633936], [2.750701904296875, 8.636012911829676], [2.750015258789062, 8.645516838449392], [2.755508422851562, 8.655699350978344], [2.742462158203125, 8.657056998508994], [2.734909057617188, 8.659772278875522], [2.734222412109375, 8.667239198813222], [2.742462158203125, 8.669275605784835], [2.74932861328125, 8.674027179131297], [2.751388549804688, 8.682172593563163], [2.73834228515625, 8.684208919548603], [2.74658203125, 8.702535355684526], [2.76031494140625, 8.708643968440692], [2.745895385742187, 8.714073762701176], [2.74658203125, 8.729683981712537], [2.747955322265625, 8.740542879419854], [2.751388549804688, 8.748008188078705], [2.74383544921875, 8.752758761122235], [2.730789184570312, 8.769045979538443], [2.734909057617188, 8.778546527230297], [2.728042602539062, 8.784653893732001], [2.739715576171875, 8.793475467723734], [2.737655639648438, 8.800939712392442], [2.745208740234375, 8.809760898348005], [2.7630615234375, 8.806368159416285], [2.765121459960937, 8.8151892158719], [2.767181396484375, 8.825367096227973], [2.761688232421875, 8.824688579600341], [2.758255004882812, 8.83147368972516], [2.7630615234375, 8.840972634148596], [2.761001586914062, 8.853185202744987], [2.761001586914062, 8.860648239550995], [2.76580810546875, 8.86404047892018], [2.756195068359375, 8.871503295265098], [2.763748168945312, 8.873538582487576], [2.769927978515625, 8.874217009053567], [2.774734497070312, 8.885071663468993], [2.767868041992188, 8.887785276858546], [2.77130126953125, 8.891855659258034], [2.772674560546875, 8.901353042223644], [2.7685546875, 8.910850178630009], [2.765121459960937, 8.906101641262628], [2.758255004882812, 8.909493459962771], [2.754135131835938, 8.915598654293941], [2.758941650390625, 8.921025408028118], [2.773361206054688, 8.922382083857064], [2.7740478515625, 8.930522032895022], [2.782974243164062, 8.940696713630183], [2.781600952148438, 8.951549393099837], [2.781600952148438, 8.957653883033906], [2.774734497070312, 8.961723486039805], [2.775421142578125, 8.967827805073359], [2.786407470703125, 8.968506056409781], [2.789154052734375, 8.980714363695563], [2.781600952148438, 8.986140146121443], [2.791900634765625, 8.990887639094675], [2.79052734375, 8.994278667400184], [2.781600952148438, 8.99563506982846], [2.78778076171875, 9.004451561672093], [2.7850341796875, 9.00919881440386], [2.778854370117188, 9.015302333420598], [2.789840698242188, 9.02140574928163], [2.79052734375, 9.026152779146141], [2.776107788085937, 9.03293414199754], [2.787094116210938, 9.037002898469423], [2.780914306640625, 9.044462165968259], [2.791900634765625, 9.05327746462043], [2.783660888671875, 9.052599372393788], [2.78228759765625, 9.06141447157409], [2.778167724609375, 9.06683904050055], [2.781600952148438, 9.070229354464294], [2.855758666992187, 9.068195169928394], [2.87841796875, 9.064126766278852], [2.899017333984375, 9.083112255354074], [2.955322265625, 9.09396065484442], [2.965621948242188, 9.079722063149356], [2.987594604492188, 9.074297688945892], [3.019180297851562, 9.079044020861087], [3.0706787109375, 9.097350712279075], [3.087844848632812, 9.095994693158746], [3.096084594726562, 9.142096455894267], [3.1256103515625, 9.197003998984497], [3.1256103515625, 9.245803554357277], [3.131790161132812, 9.255969278048351], [3.162002563476562, 9.288497617124671], [3.157882690429687, 9.30340543051755], [3.155136108398438, 9.329831355689189], [3.15582275390625, 9.3752250623519], [3.137283325195312, 9.415871104737773], [3.135223388671875, 9.434160265140793], [3.140716552734375, 9.465994636802066], [3.159942626953125, 9.493762638264792], [3.190155029296875, 9.510016034374488], [3.21075439453125, 9.552677521160899], [3.254013061523438, 9.61090520371976], [3.258819580078125, 9.628506952098645], [3.256072998046875, 9.637984436760592], [3.266372680664062, 9.654907854199024], [3.286972045898438, 9.662353888567326], [3.313751220703125, 9.658969347906899], [3.350143432617188, 9.686044719454854], [3.351516723632812, 9.707026630775736], [3.335723876953125, 9.735451639367996], [3.325424194335938, 9.765904320896558], [3.328170776367187, 9.797030849514234], [3.352890014648438, 9.822065286881513], [3.455886840820312, 9.859951642814687], [3.483352661132812, 9.86333414168581], [3.50738525390625, 9.858598633547436], [3.5321044921875, 9.864010637294104], [3.5650634765625, 9.89986291480916], [3.569183349609375, 9.921507678364286], [3.601455688476562, 9.951266892478653], [3.61175537109375, 9.97967088558205], [3.614501953125, 10.058783209920076], [3.618621826171875, 10.077713206587076], [3.633041381835938, 10.093938033440613], [3.650894165039063, 10.10205014024826], [3.663253784179688, 10.102726139914633], [3.67767333984375, 10.153698366565944], [3.67767333984375, 10.155449728333865], [3.68316650390625, 10.16761547789759], [3.67767333984375, 10.183835756592677], [3.65020751953125, 10.186539056216679], [3.60626220703125, 10.229788729398908], [3.58428955078125, 10.273032511740157], [3.58978271484375, 10.294652186398602], [3.635101318359375, 10.394623861979046], [3.636474609375, 10.422988388338242], [3.64471435546875, 10.435143823666877], [3.676300048828125, 10.445948256391747], [3.687286376953125, 10.459453269048119], [3.7847900390625, 10.406780403388979], [3.799896240234375, 10.454051334459445], [3.802642822265625, 10.499964778395473], [3.832855224609375, 10.578271961018412], [3.856201171875, 10.595820834654047], [3.843841552734375, 10.703791711680736], [3.7957763671875, 10.738873986831377], [3.768310546875, 10.79553674395381], [3.750457763671875, 10.809026304002867], [3.750457763671875, 10.836003604375168], [3.7738037109375, 10.903436206633991], [3.768310546875, 10.918269331108867], [3.852081298828125, 10.927708206534676], [3.9111328125, 10.919617760254697], [3.989410400390625, 11.020732446907125], [4.093780517578125, 11.028820125023437], [4.2242431640625, 11.01938447893334], [4.261322021484375, 11.030168049748383], [4.2626953125, 10.984335146101955], [4.28192138671875, 10.950629939379114], [4.28466796875, 10.933101714863891], [4.33135986328125, 10.90883015572212], [4.37255859375, 10.884556614796306], [4.40277099609375, 10.876464994816295], [4.45220947265625, 10.88725377263463], [4.531860351562499, 10.918269331108867], [4.581298828125, 10.903436206633991], [4.607391357421874, 10.891299463601994], [4.634857177734375, 10.895345099603954], [4.673309326171875, 10.916920895841397], [4.695281982421875, 10.919617760254697], [4.71588134765625, 10.89399656037844], [4.725494384765625, 10.865675826639414], [4.713134765624999, 10.854886268472459], [4.70489501953125, 10.81711974903753], [4.69390869140625, 10.787442717183227], [4.698028564453124, 10.757762756247049], [4.695281982421875, 10.726730582691106], [4.6856689453125, 10.688947987474858], [4.692535400390625, 10.667355820342438], [4.656829833984375, 10.632265280829237], [4.651336669921875, 10.614718497179924], [4.6307373046875, 10.613368702855206], [4.615631103515625, 10.590421288241636], [4.599151611328125, 10.578271961018412], [4.57855224609375, 10.56207210971587], [4.50714111328125, 10.53642059890193], [4.481048583984375, 10.463504658291983], [4.4769287109375, 10.416235163695223], [4.482421875, 10.364905881019954], [4.47967529296875, 10.3257278721883], [4.49066162109375, 10.310865970226073], [4.524993896484375, 10.297354541613823], [4.555206298828125, 10.278437569146138], [4.56756591796875, 10.25681678520799], [4.563446044921875, 10.22032836593059], [4.54010009765625, 10.186539056216679], [4.531860351562499, 10.155449728333865], [4.524993896484375, 10.120301632173907], [4.527740478515625, 10.10407813498404], [4.621124267578125, 10.10543012436838], [4.65545654296875, 10.109486058403773], [4.68841552734375, 10.117597772879618], [4.71038818359375, 10.132468717070843], [4.709014892578125, 10.16761547789759], [4.689788818359375, 10.182484098188255], [4.670562744140625, 10.214922317483653], [4.669189453125, 10.225734322414597], [4.71038818359375, 10.244654445228324], [4.791412353515625, 10.262222119724557], [4.868316650390625, 10.218976862438568], [4.924621582031249, 10.270329948377986], [4.947967529296874, 10.287896197088958], [4.947967529296874, 10.341940055108942], [4.950714111328125, 10.39327310593904], [4.93011474609375, 10.44324718340978], [4.894409179687499, 10.459453269048119], [4.85321044921875, 10.463504658291983], [4.842224121093749, 10.478359299402134], [4.8175048828125, 10.502665357167576], [4.82574462890625, 10.597170706385656], [4.802398681640625, 10.612018902571782], [4.79278564453125, 10.630915564033593], [4.802398681640625, 10.651160688912094], [4.813385009765625, 10.664656691613153], [4.8065185546875, 10.688947987474858], [4.827117919921874, 10.711887982219153], [4.84771728515625, 10.701092906770022], [4.864196777343749, 10.709189249411077], [4.8779296875, 10.69974349530582], [4.888916015625, 10.70649049256301], [4.904022216796875, 10.691646900442043], [4.917755126953124, 10.6902974469584], [4.925994873046875, 10.698394077836666], [4.934234619140625, 10.686249050511012], [4.947967529296874, 10.691646900442043], [4.950714111328125, 10.710538618820472], [4.9658203125, 10.709189249411077], [4.976806640625, 10.718634709026603], [5.009765625, 10.724031982206078], [5.009765625, 10.733476978551995], [5.024871826171875, 10.751016902876426], [5.057830810546875, 10.73617549474053], [5.066070556640625, 10.74966771410236], [5.083923339843749, 10.746969318460001], [5.083923339843749, 10.763159330300518], [5.09765625, 10.763159330300518], [5.10589599609375, 10.791489757811465], [5.085296630859375, 10.813073053815014], [5.046844482421875, 10.821166389650994], [5.03173828125, 10.854886268472459], [5.0262451171875, 10.895345099603954], [5.05645751953125, 10.90613319340842], [5.077056884765625, 10.923663010955066], [5.07568359375, 10.969505328558837], [5.064697265625, 11.007252489356302], [5.049591064453125, 11.044994813600685], [5.02899169921875, 11.054429637103798], [5.008392333984374, 11.055777444261793], [4.99603271484375, 11.057125245224867], [4.994659423828125, 11.071950646749547], [4.978179931640624, 11.081384602413062], [4.91363525390625, 11.081384602413062], [4.88616943359375, 11.09351352693142], [4.849090576171874, 11.106989519283017], [4.821624755859375, 11.119117380425525], [4.794158935546875, 11.119117380425525], [4.77081298828125, 11.139329360922703], [4.739227294921875, 11.147413760177777], [4.735107421875, 11.18379077304663], [4.714508056640625, 11.21342792694782], [4.700775146484375, 11.229592366884772], [4.73785400390625, 11.25249044001432], [4.706268310546875, 11.265959044594519], [4.713134765624999, 11.28346728760413], [4.71038818359375, 11.296934440596322], [4.72686767578125, 11.299627795341129], [4.73785400390625, 11.305014428931411], [4.78179931640625, 11.327906491710062], [4.813385009765625, 11.340025077568924], [4.83123779296875, 11.335985606036612], [4.840850830078125, 11.352143149410825], [4.8614501953125, 11.354835984407478], [4.87518310546875, 11.352143149410825], [4.8834228515625, 11.361567960696178], [4.87518310546875, 11.37368511744568], [4.904022216796875, 11.39253300319364], [4.9383544921875, 11.366953427299931], [4.961700439453125, 11.3696461224437], [4.972686767578125, 11.344064491988243], [4.980926513671875, 11.31848056989431], [4.991912841796875, 11.311747578549063], [5.000152587890625, 11.296934440596322], [4.99053955078125, 11.287507499851202], [5.0042724609375, 11.26461221250444], [5.019378662109375, 11.25249044001432], [5.042724609375, 11.271346309881611], [5.0592041015625, 11.267305870377978], [5.06744384765625, 11.251143544897465], [5.052337646484375, 11.24036815726794], [5.0482177734375, 11.224204320774966], [5.05645751953125, 11.202651131282447], [5.06744384765625, 11.22016322020345], [5.0701904296875, 11.239021205488116], [5.162200927734375, 11.222857293534627], [5.234985351562499, 11.225551341730872], [5.263824462890625, 11.299627795341129], [5.285797119140625, 11.321173722096153], [5.307769775390625, 11.335985606036612], [5.33111572265625, 11.35752879398917], [5.335235595703125, 11.338678593403094], [5.348968505859375, 11.33733210289208], [5.368194580078125, 11.280773781192053], [5.3778076171875, 11.24036815726794], [5.3887939453125, 11.229592366884772], [5.386047363281249, 11.203998252703641], [5.392913818359375, 11.178401873711785], [5.384674072265625, 11.166276484061314], [5.387420654296875, 11.119117380425525], [5.384674072265625, 11.089470608001054], [5.390167236328125, 11.066559678448693], [5.387420654296875, 11.043646956909253], [5.417633056640625, 10.99512000008428], [5.505523681640625, 10.973549898080215], [5.4986572265625, 10.991075726040743], [5.51239013671875, 10.982987011640736], [5.5096435546875, 10.999164218664298], [5.527496337890625, 10.99512000008428], [5.535736083984375, 10.961416023513427], [5.5535888671875, 10.949281651229716], [5.565948486328125, 10.95467476699103], [5.575561523437499, 10.970853524549222], [5.615386962890625, 10.964112483114837], [5.73211669921875, 11.007252489356302], [5.7403564453125, 11.026124257032576], [5.756835937499999, 11.028820125023437], [5.821380615234375, 11.089470608001054], [5.868072509765625, 11.105641948035744], [5.895538330078125, 11.115074816076346], [5.912017822265625, 11.106989519283017], [5.980682373046875, 11.14876113820503], [6.0205078125, 11.137981939204948], [6.021881103515625, 11.106989519283017], [6.03973388671875, 11.06521192087006], [6.065826416015625, 11.027472194117934], [6.11114501953125, 11.005904459659451], [6.139984130859375, 10.965460703696762], [6.15234375, 10.926359814133871], [6.16058349609375, 10.920966183278152], [6.16607666015625, 10.877813613398876], [6.16058349609375, 10.856234984558315], [6.150970458984375, 10.85758369455561], [6.12213134765625, 10.848142596740013], [6.12213134765625, 10.837352405625222], [6.134490966796874, 10.82925950697292], [6.128997802734375, 10.815770856696734], [6.11663818359375, 10.814421958289003], [6.109771728515625, 10.777999410603877], [6.112518310546875, 10.760461055348594], [6.115264892578125, 10.741572454818735], [6.109771728515625, 10.734826239658108], [6.10565185546875, 10.715936036343722], [6.097412109375, 10.717285375692333], [6.097412109375, 10.705141105125772], [6.104278564453124, 10.701092906770022], [6.119384765624999, 10.695695224886434], [6.118011474609375, 10.684899573032132], [6.13037109375, 10.680851104616385], [6.13861083984375, 10.668705375726015], [6.1248779296875, 10.634964696513318], [6.112518310546875, 10.60796946597645], [6.13037109375, 10.590421288241636], [6.126251220703125, 10.559372051427728], [6.11663818359375, 10.547221495690104], [6.097412109375, 10.549921660668863], [6.087799072265625, 10.509416700845861], [6.089172363281249, 10.483760810538781], [6.082305908203125, 10.47025685612118], [6.098785400390625, 10.458102794213447], [6.11114501953125, 10.463504658291983], [6.12213134765625, 10.455401826918397], [6.1358642578125, 10.463504658291983], [6.13861083984375, 10.445948256391747], [6.15234375, 10.440546086957772], [6.1578369140625, 10.416235163695223], [6.1688232421875, 10.397325356534134], [6.178436279296875, 10.38651923814336], [6.167449951171875, 10.371660215460267], [6.17156982421875, 10.35950230860545], [6.18255615234375, 10.371660215460267], [6.207275390625, 10.371660215460267], [6.2127685546875, 10.38651923814336], [6.241607666015625, 10.38246684741556], [6.2567138671875, 10.394623861979046], [6.2677001953125, 10.401377554543553], [6.282806396484375, 10.387870023379497], [6.295166015625, 10.394623861979046], [6.282806396484375, 10.412183158667512], [6.288299560546875, 10.427040252850256], [6.29791259765625, 10.420287116045849], [6.304779052734375, 10.433793243184432], [6.324005126953124, 10.44324718340978], [6.324005126953124, 10.460803738006575], [6.3336181640625, 10.472957694083897], [6.351470947265625, 10.477008906900293], [6.36383056640625, 10.489162227447448], [6.384429931640624, 10.494563550081804], [6.3885498046875, 10.508066443913332], [6.383056640625, 10.516167896948941], [6.395416259765625, 10.531020008464989], [6.383056640625, 10.533720315515536], [6.392669677734375, 10.56207210971587], [6.400909423828125, 10.574222078332806], [6.429748535156249, 10.579621910034739], [6.4324951171875, 10.590421288241636], [6.442108154296875, 10.58772147935399], [6.453094482421875, 10.602570133804496], [6.458587646484375, 10.59312107334358], [6.475067138671874, 10.610669096330364], [6.486053466796875, 10.605269811799227], [6.494293212890625, 10.617418067950293], [6.520385742187499, 10.599870431998047], [6.520385742187499, 10.574222078332806], [6.535491943359374, 10.551271734271523], [6.554718017578125, 10.552621801948721], [6.58355712890625, 10.568822151626943], [6.646728515625, 10.599870431998047], [6.6851806640625, 10.590421288241636], [6.708526611328124, 10.59312107334358], [6.727752685546875, 10.590421288241636], [6.716766357421874, 10.632265280829237], [6.725006103515625, 10.648461416601387], [6.749725341796875, 10.644412463305882], [6.78680419921875, 10.637664088316281], [6.80328369140625, 10.645762120380684], [6.826629638671875, 10.632265280829237], [6.8280029296875, 10.599870431998047], [6.8389892578125, 10.590421288241636], [6.83624267578125, 10.54587140431546], [6.845855712890625, 10.531020008464989], [6.85821533203125, 10.54587140431546], [6.8719482421875, 10.553971863699758], [6.917266845703125, 10.537770731719254], [6.936492919921874, 10.505365912342125], [6.955718994140625, 10.485111173601636], [6.955718994140625, 10.466205555063882], [6.93511962890625, 10.432442656839578], [6.925506591796875, 10.378414404173913], [6.93511962890625, 10.36355499665266], [6.966705322265624, 10.366256759561796], [6.981811523437499, 10.364905881019954], [6.998291015625, 10.355449568155432], [7.027130126953124, 10.355449568155432], [7.05047607421875, 10.324376819199129], [7.049102783203124, 10.293301000109102], [7.027130126953124, 10.282491301524178], [7.00653076171875, 10.24195163962343], [6.9873046875, 10.23924881098122], [6.969451904296875, 10.24195163962343], [6.952972412109375, 10.189242332922737], [6.932373046875, 10.179780764198233], [6.92413330078125, 10.18518740926906], [6.909027099609375, 10.181132434056531], [6.895294189453125, 10.155449728333865], [6.888427734375, 10.151394375623681], [6.884307861328125, 10.114893890815942], [6.900787353515625, 10.077037154404719], [6.914520263671875, 10.081093446231305], [6.951599121093749, 10.045937223048917], [7.005157470703125, 10.044584984211802], [7.01751708984375, 10.037823705246275], [7.033996582031249, 10.04728945623233], [7.062835693359375, 10.044584984211802], [7.08892822265625, 10.032414580381667], [7.108154296875, 10.022948394510141], [7.12738037109375, 10.037823705246275], [7.164459228515626, 10.032414580381667], [7.18231201171875, 10.025653047262292], [7.20703125, 10.0418804895794], [7.224884033203126, 10.037823705246275], [7.237243652343749, 10.045937223048917], [7.260589599609374, 10.035119154109704], [7.281188964843749, 10.013481932215157], [7.279815673828125, 9.978318370607663], [7.28668212890625, 9.939092995832704], [7.2894287109375, 9.912038270107562], [7.297668457031249, 9.870099035259127], [7.288055419921874, 9.841685549450675], [7.29217529296875, 9.809210001222878], [7.281188964843749, 9.783497934426292], [7.257843017578124, 9.790264460914448], [7.22625732421875, 9.786204561562302], [7.213897705078124, 9.782144612590105], [7.20703125, 9.755077019501561], [7.250976562499999, 9.717178696853328], [7.28668212890625, 9.679276081054397], [7.307281494140625, 9.627829978728215], [7.294921875, 9.607520147078151], [7.253723144531249, 9.58856320460346], [7.22900390625, 9.561480020594107], [7.194671630859376, 9.527623008537583], [7.197418212890624, 9.5059527577058], [7.197418212890624, 9.473444808938526], [7.205657958984375, 9.43009609103695], [7.218017578125001, 9.388096825197016], [7.220764160156249, 9.33254159387059], [7.24273681640625, 9.314924669358087], [7.281188964843749, 9.328476228699701], [7.31964111328125, 9.340672181980947], [7.349853515625, 9.343382335853477], [7.384185791015625, 9.340672181980947], [7.359466552734375, 9.314924669358087], [7.219582426857256, 9.116520020634198], [7.220764160156249, 9.115656467131009], [7.371826171874999, 9.324410816144873], [7.388305664062499, 9.335251810983614], [7.513275146484376, 9.360997821644473], [7.603912353515626, 9.400290685848121], [7.6629638671875, 9.403000374334932], [7.683563232421874, 9.359642815950757], [7.727652997664511, 9.326684548098807], [7.7288818359375, 9.327121096445316], [7.80029296875, 9.275622176792112], [7.92388916015625, 9.318990192397905], [8.052978515625, 9.275622176792112], [8.0859375, 9.240381714978785], [8.0584716796875, 9.050565088042529], [8.1353759765625, 9.028865339591997], [8.2122802734375, 9.045140273532223], [8.25347900390625, 9.161755687904089], [8.3935546875, 9.167178732976677], [8.46771240234375, 9.07226352747096], [8.4979248046875, 9.00716428515312], [8.5528564453125, 9.023440198300156], [8.57208251953125, 9.07497574020783], [8.624267578125, 9.107520691827698], [8.65447998046875, 9.18344737101288], [8.76708984375, 9.159044134320576], [8.767743790986858, 9.144839533366225], [8.76983642578125, 9.164467220791428], [8.72589111328125, 9.18344737101288], [8.6572265625, 9.19158141007364], [8.70941162109375, 9.318990192397905], [8.6956787109375, 9.389451719801794], [8.63250732421875, 9.405710041600022], [8.5858154296875, 9.476153922371239], [8.56109619140625, 9.584500864717143], [8.60504150390625, 9.73612839582732], [8.63250732421875, 9.765904320896558], [8.63525390625, 9.874157904704258], [8.67645263671875, 9.987785857426282], [8.6846923828125, 10.18518740926906], [8.74786376953125, 10.27708631346126], [8.8055419921875, 10.298705710538094], [8.81378173828125, 10.368958499166258], [8.9373779296875, 10.352747712085764], [8.95660400390625, 10.304110328329449], [8.931884765625, 10.271681232946728], [8.92364501953125, 10.209516177120328], [8.975830078125, 10.196000424383561], [8.9483642578125, 10.022948394510141], [9.0142822265625, 9.985080889293013], [9.003295898437498, 10.025653047262292], [9.04998779296875, 10.014834300885987], [9.1351318359375, 10.04728945623233], [9.1900634765625, 10.025653047262292], [9.217529296875, 10.04728945623233], [9.239501953125, 10.031062285047685], [9.20928955078125, 10.014834300885987], [9.23126220703125, 9.852510023143063], [9.26971435546875, 9.844391701148554], [9.24224853515625, 9.798384110679523], [9.1680908203125, 9.7604907141944], [9.22576904296875, 9.690105836991949], [9.283447265625, 9.690105836991949], [9.30267333984375, 9.665738395188692], [9.29718017578125, 9.60887417379781], [9.3218994140625, 9.589917307087418], [9.305419921874998, 9.57095938061286], [9.35211181640625, 9.52220557466749], [9.396057128906248, 9.51949682550827], [9.426269531249998, 9.476153922371239], [9.5745849609375, 9.462608141517805], [9.613037109375, 9.5059527577058], [9.6514892578125, 9.52220557466749], [9.7613525390625, 9.52220557466749], [9.8272705078125, 9.598041808419334], [9.95361328125, 9.603458034423026], [9.98931884765625, 9.630537864067712], [9.9755859375, 9.695520583913266], [10.046997070312498, 9.728007227819086], [10.09918212890625, 9.719885862465183], [10.11016845703125, 9.700935243406999], [10.1458740234375, 9.695520583913266], [10.1788330078125, 9.652200164514822], [10.2557373046875, 9.663030792615071], [10.404052734375, 9.58720909671326], [10.48919677734375, 9.552000396390506], [10.5194091796875, 9.489699168705691], [10.5743408203125, 9.446352499964977], [10.5743408203125, 9.413838916006183], [10.557861328125, 9.397580976145512], [10.546875, 9.354222740364856], [10.57159423828125, 9.329831355689189], [10.579833984375, 9.264779334169571], [10.6182861328125, 9.14006268023974], [10.64300537109375, 9.123792057073985], [10.621032714843748, 9.104808725563043], [10.6402587890625, 9.085824386028294], [10.6072998046875, 8.971897294083014], [10.560607910156248, 8.963758270450187], [10.40679931640625, 8.933913624704113], [10.2337646484375, 8.79279689256555], [10.06622314453125, 8.624472107633936], [9.879455566406248, 8.437054751517428], [9.758605957031248, 8.366410013681199], [9.61029052734375, 8.388148225618172], [9.461638605078864, 8.436274481872175], [9.607543945312498, 8.385431015567708], [9.61578369140625, 8.293034610795049], [9.48394775390625, 8.301188112000697], [9.38507080078125, 8.34467058872437], [9.31640625, 8.26041891631767], [9.32464599609375, 8.241391848991759], [9.3878173828125, 8.203334970708802], [9.41253662109375, 8.178867909130346], [9.3988037109375, 8.15439934578613], [9.396057128906248, 8.083703989184253], [9.41802978515625, 8.059229627200192], [9.3438720703125, 7.98851761453913], [9.184570312499998, 7.920513741772853], [9.154357910156248, 7.98851761453913], [9.07196044921875, 8.072826678012898], [9.066016298582964, 8.072826678012898], [9.140625, 7.989877576791056], [9.177703857421873, 7.910992301186667], [9.184570312499998, 7.890588474156229], [9.14337158203125, 7.852498637813029]]]]}}, {"type": "Feature", "properties": {"Name_Caps": "SOUTH-WEST", "disaggregations": [{"Series": "Proportion of population with primary reliance on clean fuels and technology", "Sector": "", "Wealth Index Quintile": "", "Ethnicity": "", "Geopolitical zone": "South West", "State": "", "Education level": ""}], "values": [{"2021": 54.7}], "observation_attributes": [{}], "name": "South West", "geocode": "NGSWZ01"}, "geometry": {"type": "MultiPolygon", "coordinates": [[[[2.711563110351562, 6.455528772193762], [2.712249755859375, 6.460645934665201], [2.711906433105469, 6.46508076694658], [2.71636962890625, 6.481796323398145], [2.716026306152344, 6.496805738748291], [2.706069946289062, 6.505333616241333], [2.703666687011719, 6.5118147063479], [2.706756591796875, 6.520342328984343], [2.722892761230469, 6.531939662938211], [2.724952697753906, 6.53978476588151], [2.743148803710938, 6.562637189489045], [2.743148803710938, 6.56707112048153], [2.735939025878906, 6.583101156622313], [2.732162475585938, 6.599130675207247], [2.729759216308594, 6.613454486951563], [2.72735595703125, 6.624367588714602], [2.734909057617188, 6.637667605072341], [2.746238708496094, 6.659833500291805], [2.76580810546875, 6.678929468804149], [2.780570983886719, 6.695978810998878], [2.779541015625, 6.722915557134445], [2.783660888671875, 6.732462400308738], [2.786750793457031, 6.750532696275585], [2.78228759765625, 6.755305869447798], [2.76580810546875, 6.757351500676311], [2.759971618652344, 6.755646808586727], [2.744865417480469, 6.761442737169514], [2.7301025390625, 6.770988820924266], [2.724266052246094, 6.781216558251031], [2.723236083984375, 6.793489556451504], [2.730445861816406, 6.811557567060759], [2.732162475585938, 6.823148008107947], [2.736282348632812, 6.826216019093131], [2.742118835449219, 6.84598717333274], [2.740745544433594, 6.850077654785543], [2.740058898925781, 6.863371477122872], [2.735595703125, 6.878369189928266], [2.739372253417969, 6.909726512539772], [2.737312316894531, 6.919951277256851], [2.726669311523438, 6.927108480815689], [2.716712951660156, 6.938355295480322], [2.711906433105469, 6.944830612386125], [2.711563110351562, 6.955736207749935], [2.716026306152344, 6.972094125854329], [2.720489501953125, 6.992199950978995], [2.723579406738281, 7.009919621924028], [2.729415893554688, 7.016393949086519], [2.755508422851562, 7.033431221692549], [2.767868041992188, 7.040586689891008], [2.769584655761719, 7.046379130937713], [2.76580810546875, 7.053193674788732], [2.753105163574219, 7.063415302512783], [2.749671936035156, 7.069548170712811], [2.750015258789062, 7.073295994540232], [2.757911682128906, 7.088286985501568], [2.752761840820312, 7.100892668623654], [2.741432189941406, 7.110431874886642], [2.736968994140625, 7.118267503268844], [2.736625671386718, 7.127125008991029], [2.745895385742187, 7.162553317686097], [2.759971618652344, 7.166981662996504], [2.767868041992188, 7.175156956636199], [2.771987915039062, 7.185375867163685], [2.771987915039062, 7.206153609652018], [2.769927978515625, 7.218415437068924], [2.764434814453125, 7.226589804072931], [2.759971618652344, 7.240894590402898], [2.749671936035156, 7.259285791683918], [2.747268676757812, 7.416601807423135], [2.777137756347656, 7.418984954103862], [2.788124084472656, 7.418984954103862], [2.801170349121094, 7.432943125331085], [2.79876708984375, 7.46324104244352], [2.798080444335938, 7.482984623510912], [2.792930603027344, 7.495579199897751], [2.783660888671875, 7.500685005509601], [2.775077819824219, 7.512257943049002], [2.753791809082031, 7.522809470402743], [2.744865417480469, 7.541869643319066], [2.74658203125, 7.550718724098262], [2.746238708496094, 7.55786592633358], [2.736625671386718, 7.564332340716811], [2.729072570800781, 7.584751960042333], [2.725296020507812, 7.643963367341144], [2.730445861816406, 7.687175708432646], [2.734222412109375, 7.776308503776205], [2.728042602539062, 7.802840573999913], [2.720146179199219, 7.812024360197078], [2.714309692382812, 7.811684223567514], [2.708816528320312, 7.815425711253995], [2.706413269042968, 7.835833235172714], [2.692750417785399, 7.862242669833798], [2.690277099609375, 7.860661040185469], [2.675857543945312, 7.883786974557146], [2.674484252929688, 7.896709728124899], [2.679290771484375, 7.898069994468869], [2.67791748046875, 7.904871258972597], [2.679977416992188, 7.908951963874835], [2.68890380859375, 7.911672411380461], [2.693023681640625, 7.917793352627911], [2.68890380859375, 7.92527437953272], [2.699203491210938, 7.933435344706873], [2.69439697265625, 7.945676488692929], [2.69989013671875, 7.947716643884279], [2.70538330078125, 7.962677471899192], [2.711563110351562, 7.989197596231404], [2.714309692382812, 8.004836862364069], [2.713623046875, 8.01367618210751], [2.717056274414062, 8.019795598710425], [2.718429565429688, 8.036113592614111], [2.7191162109375, 8.043592453958102], [2.72186279296875, 8.053790678898539], [2.725296020507812, 8.059909490598654], [2.731475830078125, 8.07554603328031], [2.731475830078125, 8.084383811398439], [2.728729248046875, 8.095260810940445], [2.736968994140625, 8.1061375167882], [2.729415893554688, 8.115654393181984], [2.733535766601562, 8.147602256706778], [2.7410888671875, 8.151000815683068], [2.745208740234375, 8.161876010321398], [2.754135131835938, 8.186344115256377], [2.750701904296875, 8.208771891120977], [2.754135131835938, 8.216247535155887], [2.751388549804688, 8.220325099822952], [2.747268676757812, 8.226441368214719], [2.742462158203125, 8.234596245894396], [2.734222412109375, 8.243430507161259], [2.728042602539062, 8.244110057549213], [2.720489501953125, 8.252264571092859], [2.717056274414062, 8.259739393981715], [2.718429565429688, 8.267893584772226], [2.714996337890625, 8.277406594221826], [2.7081298828125, 8.293714075690799], [2.70538330078125, 8.304585354215302], [2.701950073242188, 8.314776904399855], [2.6971435546875, 8.31885345030971], [2.695770263671875, 8.324968189650004], [2.700576782226562, 8.330403433345735], [2.695083618164062, 8.357578518416208], [2.718429565429688, 8.390865416667367], [2.719802856445312, 8.406488896157125], [2.713623046875, 8.41531928006663], [2.706756591796875, 8.424828699112437], [2.71087646484375, 8.425507934388358], [2.714309692382812, 8.431620998188286], [2.71636962890625, 8.437054751517428], [2.72186279296875, 8.440450808536344], [2.736282348632812, 8.43637553653038], [2.736968994140625, 8.441130016356192], [2.74932861328125, 8.44995960924773], [2.747955322265625, 8.465580701366896], [2.754135131835938, 8.474409733992518], [2.759628295898438, 8.491388072978754], [2.7520751953125, 8.494104537551882], [2.750701904296875, 8.500216512507082], [2.76031494140625, 8.500895614821786], [2.761688232421875, 8.518551852452152], [2.769241333007812, 8.523984377082092], [2.76580810546875, 8.530095875010678], [2.758255004882812, 8.534849194695267], [2.7520751953125, 8.536886313588766], [2.74932861328125, 8.541639548722024], [2.758255004882812, 8.55046682824691], [2.757568359375, 8.562009885228296], [2.763748168945312, 8.571515669286475], [2.785720825195312, 8.59935266854241], [2.801513671875, 8.610215333353539], [2.889404296875, 8.610215333353539], [2.921676635742188, 8.612930950848037], [2.94158935546875, 8.640764905085144], [3.0157470703125, 8.71068015052775], [3.102951049804688, 8.749365500848814], [3.162002563476562, 8.805011055128228], [3.182601928710938, 8.811117985203378], [3.19427490234375, 8.798225459016358], [3.23822021484375, 8.782618116072635], [3.286972045898438, 8.807046709692926], [3.387908935546875, 8.8423296062199], [3.523178100585938, 8.927808736732212], [3.648834228515625, 8.979357905399217], [3.720245361328125, 9.013946004773622], [3.741531372070313, 9.046496484827264], [3.7518310546875, 9.08379028994703], [3.753890991210938, 9.119724285282519], [3.77105712890625, 9.148875624157974], [3.821868896484375, 9.17938028146323], [3.8616943359375, 9.190225749868295], [3.920059204101562, 9.173957422829288], [3.946151733398437, 9.148197713142977], [3.966064453125, 9.089892543543131], [3.979110717773438, 9.063448694522718], [3.995590209960938, 9.044462165968259], [4.024429321289062, 9.03022161216302], [4.075927734375, 9.015980495833825], [4.119873046875, 8.999704246610108], [4.165191650390625, 8.982749041623837], [4.207763671875, 8.971897294083014], [4.24896240234375, 8.967827805073359], [4.28192138671875, 8.985461927760642], [4.290847778320312, 8.992244054228093], [4.312820434570312, 8.997669663939321], [4.326553344726562, 8.994278667400184], [4.334793090820312, 8.980714363695563], [4.334793090820312, 8.96104522203713], [4.325180053710938, 8.947479676222843], [4.302520751953125, 8.93187867340514], [4.277114868164062, 8.914920304406634], [4.252395629882812, 8.898639529381438], [4.229736328124999, 8.8748954343653], [4.211883544921875, 8.846400492433677], [4.193344116210938, 8.816546282793057], [4.191970825195312, 8.779225128474106], [4.189224243164062, 8.749365500848814], [4.212570190429688, 8.684208919548603], [4.209823608398438, 8.680815036766306], [4.308700561523437, 8.47237228290914], [4.384918212890625, 8.318174028935971], [4.38629150390625, 8.310700316100494], [4.415130615234375, 8.275368111531822], [4.457015991210938, 8.240032737708358], [4.47418212890625, 8.221004689859], [4.494094848632812, 8.166633814905826], [4.495468139648438, 8.12585079631711], [4.505081176757812, 8.089142534811616], [4.550399780273438, 8.062628932767904], [4.562072753906249, 8.056510162184548], [4.559326171875, 8.049711419725739], [4.563446044921875, 8.031354245443271], [4.562526764020002, 8.010872526388512], [4.568939208984375, 8.023875158625891], [4.563446044921875, 8.051071177348181], [4.5977783203125, 8.063308790453595], [4.629364013671875, 8.076905704047249], [4.63897705078125, 8.057869896976548], [4.648590087890625, 8.05243093040603], [4.68017578125, 8.05243093040603], [4.70489501953125, 8.049711419725739], [4.736480712890625, 8.067387912564946], [4.78179931640625, 8.067387912564946], [4.822998046875, 8.05243093040603], [4.857330322265624, 8.072826678012898], [4.85321044921875, 8.091861780114721], [4.894409179687499, 8.087782905281292], [4.931488037109375, 8.07962503184384], [4.947967529296874, 8.049711419725739], [4.9658203125, 8.046991890790093], [4.964447021484375, 8.022515309869311], [4.989166259765625, 8.032034155598001], [5.009765625, 8.038833194511096], [5.042724609375, 8.070107304439103], [5.060577392578125, 8.038833194511096], [5.059807332119447, 8.037714829570989], [5.086669921875, 8.022515309869311], [5.115509033203125, 8.057869896976548], [5.145721435546875, 8.060589352854752], [5.18829345703125, 8.036113592614111], [5.19927978515625, 8.023875158625891], [5.233612060546875, 8.022515309869311], [5.262451171875, 8.017075869362266], [5.284423828125, 8.01027646645311], [5.335235595703125, 8.01027646645311], [5.365447998046875, 8.04427234360511], [5.361328125, 8.072826678012898], [5.3778076171875, 8.097300215669739], [5.412139892578125, 8.102738577783168], [5.502777099609375, 8.110895983145387], [5.516510009765625, 8.10953642707463], [5.505523681640625, 8.02523500283288], [5.516510009765625, 8.029314508148934], [5.57830810546875, 8.070107304439103], [5.657958984374999, 8.076905704047249], [5.659332275390625, 8.068747610789194], [5.64422607421875, 8.05243093040603], [5.653839111328125, 8.02523500283288], [5.6689453125, 8.002117033082156], [5.651092529296874, 7.98851761453913], [5.64422607421875, 7.962677471899192], [5.627746582031249, 7.957237233971148], [5.607147216796875, 7.965397563771541], [5.597534179687499, 7.957237233971148], [5.607147216796875, 7.897389861856847], [5.615386962890625, 7.853859049350008], [5.642852783203124, 7.828010469092214], [5.673065185546874, 7.828010469092214], [5.708770751953125, 7.829370960701883], [5.73486328125, 7.823928967618237], [5.752716064453125, 7.796717937785409], [5.788421630859375, 7.783111758889569], [5.777435302734375, 7.746372871965332], [5.775634723635806, 7.745115106870863], [5.815887451171875, 7.731404257656411], [5.91888427734375, 7.751815872609364], [5.9326171875, 7.743651345263343], [5.923004150390624, 7.704187235738345], [5.936737060546875, 7.649747950578051], [6.005401611328125, 7.532680021759207], [5.968322753906249, 7.525872769006524], [5.94635009765625, 7.490473334419796], [5.968322753906249, 7.455071023918097], [5.988922119140625, 7.450985957477231], [5.968322753906249, 7.415580454895474], [5.986175537109375, 7.357018957392011], [5.917510986328125, 7.336588706569303], [5.914764404296875, 7.314795405212431], [5.923004150390624, 7.298449730693066], [5.8941650390625, 7.250771440010265], [5.906524658203125, 7.212625171059907], [5.888671875, 7.199000723728755], [5.846099853515625, 7.117245472370001], [5.854339599609374, 7.095441604769603], [5.815887451171875, 7.077725201662539], [5.782928466796875, 6.968686273301318], [5.799407958984375, 6.912793965187959], [5.785675048828125, 6.870529535424255], [5.766448974609375, 6.84326016621824], [5.771942138671874, 6.814625652260013], [5.760955810546875, 6.780534715846384], [5.72113037109375, 6.764170208924263], [5.706024169921875, 6.734167173980453], [5.6634521484375, 6.724620364318773], [5.635986328124999, 6.746441367521438], [5.579681396484375, 6.702798381193026], [5.563201904296875, 6.724620364318773], [5.554962158203125, 6.780534715846384], [5.545349121093749, 6.833715518693969], [5.57281494140625, 6.84598717333274], [5.55908203125, 6.878710041537719], [5.45196533203125, 6.882800241767556], [5.324249267578125, 6.890980536470747], [5.265197753906249, 6.888253787244411], [5.222625732421875, 6.839169626342808], [5.20751953125, 6.805080433872511], [5.19927978515625, 6.775079941885627], [5.159454345703124, 6.758715250021171], [5.134735107421875, 6.725984205760017], [5.110015869140625, 6.683703344568791], [5.11138916015625, 6.637326583496706], [5.12786865234375, 6.590945453863315], [5.1580810546875, 6.563660407838105], [5.14984130859375, 6.502263597007461], [5.129241943359374, 6.469515560329904], [5.104522705078125, 6.44358852539394], [5.10589599609375, 6.408107278685002], [5.068817138671874, 6.378082757182601], [5.046844482421875, 6.384906666803932], [5.0262451171875, 6.357610483611865], [5.03448486328125, 6.322123280148471], [5.013885498046875, 6.296188782911237], [5.0592041015625, 6.242950762610709], [5.123748779296875, 6.1978989780452], [5.134735107421875, 6.170592991992256], [5.090789794921875, 6.106418397205427], [5.0482177734375, 6.027213623648789], [5.008392333984374, 5.943899579425587], [4.975433349609375, 5.887894515576739], [4.894409179687499, 5.983509479291135], [4.822998046875, 6.051795659782027], [4.74884033203125, 6.124169589851178], [4.626617431640625, 6.219742749707098], [4.555206298828125, 6.282538526926375], [4.555453267136354, 6.282810302931338], [4.537696838378905, 6.295165026148823], [4.505424499511719, 6.313251098236298], [4.447402954101562, 6.340890855468203], [4.41375732421875, 6.352492287766378], [4.380455017089844, 6.362046212140628], [4.34783935546875, 6.370917554306585], [4.348086606898485, 6.371274969854505], [4.311790466308594, 6.377400361222258], [4.290847778320312, 6.380471135888946], [4.2572021484375, 6.383200697920848], [4.218406677246094, 6.386612630003022], [4.179954528808594, 6.393436425929688], [4.144248962402344, 6.399918947714143], [4.104080200195312, 6.408448456291106], [4.100303649902344, 6.407083744497664], [4.10064697265625, 6.404354309961019], [4.087944030761718, 6.409471987740317], [4.040565490722656, 6.420048359051565], [4.017906188964844, 6.422436541538564], [4.010353088378906, 6.420048359051565], [4.009323120117188, 6.424483546180726], [4.00177001953125, 6.426530542588075], [4.00074005126953, 6.422095373297768], [3.971900939941406, 6.428236366635176], [3.943061828613281, 6.43403612558649], [3.909072875976562, 6.436765401012172], [3.873367309570312, 6.437106559409203], [3.830451965332031, 6.439494661770624], [3.792686462402343, 6.437788875515728], [3.761100769042969, 6.433694965127303], [3.733978271484375, 6.430283347938643], [3.704452514648437, 6.42721287289345], [3.637847900390625, 6.424824712820545], [3.55133056640625, 6.422436541538564], [3.510475158691406, 6.421754204828316], [3.470649719238281, 6.422095373297768], [3.443527221679688, 6.422436541538564], [3.43597412109375, 6.42311887733411], [3.4332275390625, 6.417318993922702], [3.43597412109375, 6.412201394895643], [3.447990417480469, 6.412201394895643], [3.428421020507812, 6.409130810818783], [3.404731750488281, 6.397871844455321], [3.39752197265625, 6.392754050433289], [3.3673095703125, 6.397530659781427], [3.346366882324219, 6.399918947714143], [3.296585083007812, 6.403330768246758], [3.261222839355469, 6.403330768246758], [3.224143981933593, 6.402648405963896], [3.189125061035156, 6.403330768246758], [3.154106140136719, 6.402648405963896], [3.108787536621094, 6.400942496267271], [3.074111938476562, 6.399918947714143], [3.032569885253906, 6.398213028901386], [2.985877990722656, 6.396848289750262], [2.923736572265625, 6.395483546954681], [2.877731323242188, 6.394118800515444], [2.839622497558594, 6.392412862343618], [2.8179931640625, 6.389000968929814], [2.786750793457031, 6.385589052765731], [2.758598327636719, 6.381494723355257], [2.737655639648438, 6.378423954822116], [2.716026306152344, 6.376376765578512], [2.706413269042968, 6.376035566576473], [2.706413269042968, 6.404354309961019], [2.708816528320312, 6.4149307874388], [2.709159851074219, 6.421754204828316], [2.70538330078125, 6.42721287289345], [2.708816528320312, 6.442565062584394], [2.711906433105469, 6.455528772193762], [2.714424126232012, 6.456665920048794], [2.711563110351562, 6.455528772193762]]]]}}, {"type": "Feature", "properties": {"Name_Caps": "NORTH-WEST", "disaggregations": [{"Series": "Proportion of population with primary reliance on clean fuels and technology", "Sector": "", "Wealth Index Quintile": "", "Ethnicity": "", "Geopolitical zone": "North West", "State": "", "Education level": ""}], "values": [{"2021": 5.3}], "observation_attributes": [{}], "name": "North- West", "geocode": "NGNWZ04"}, "geometry": {"type": "MultiPolygon", "coordinates": [[[[7.325134277343749, 9.346092468634017], [7.24273681640625, 9.310859099000712], [7.234497070312499, 9.327121096445316], [7.21527099609375, 9.421967599204864], [7.19879150390625, 9.52220557466749], [7.27020263671875, 9.584500864717143], [7.31689453125, 9.619706192472623], [7.267456054687499, 9.687398430760624], [7.20977783203125, 9.746956312582398], [7.23175048828125, 9.779437952385068], [7.2894287109375, 9.782144612590105], [7.30316162109375, 9.849803938000607], [7.3004150390625, 9.876863789864302], [7.28668212890625, 9.936387623892003], [7.278442382812501, 10.028357677443418], [7.22625732421875, 10.039175972340953], [7.154846191406249, 10.033766870069249], [7.064208984374999, 10.039175972340953], [6.96533203125, 10.044584984211802], [6.89666748046875, 10.071628685919348], [6.8939208984375, 10.150042579964865], [6.921386718749999, 10.179780764198233], [6.95709228515625, 10.182484098188255], [6.97906494140625, 10.23924881098122], [7.01751708984375, 10.255465437158735], [7.05596923828125, 10.298705710538094], [7.0257568359375, 10.355449568155432], [6.92962646484375, 10.355449568155432], [6.94061279296875, 10.417585820332729], [6.9598388671875, 10.482410441586682], [6.913146972656249, 10.541821094659076], [6.86920166015625, 10.552621801948721], [6.84722900390625, 10.528319677756077], [6.82525634765625, 10.639013775260537], [6.800537109375, 10.636314395400303], [6.7291259765625, 10.644412463305882], [6.72637939453125, 10.590421288241636], [6.646728515625, 10.59312107334358], [6.53411865234375, 10.547221495690104], [6.520385742187499, 10.603919975778696], [6.44073486328125, 10.58772147935399], [6.38580322265625, 10.533720315515536], [6.295166015625, 10.417585820332729], [6.2347412109375, 10.38246684741556], [6.17706298828125, 10.39327310593904], [6.12213134765625, 10.460803738006575], [6.07818603515625, 10.458102794213447], [6.0919189453125, 10.54452130701825], [6.1248779296875, 10.555321919523907], [6.1138916015625, 10.601220285877382], [6.13311767578125, 10.666006258971239], [6.1029052734375, 10.698394077836666], [6.119384765624999, 10.733476978551995], [6.1138916015625, 10.809026304002867], [6.13311767578125, 10.844096320683942], [6.149597167968749, 10.85758369455561], [6.19354248046875, 10.86297847364485], [6.201095611125037, 10.87039605628397], [6.1907958984375, 10.876464994816295], [6.183929443359375, 10.867024493996666], [6.16607666015625, 10.868373155259606], [6.156463623046875, 10.923663010955066], [6.148223876953125, 10.926359814133871], [6.141357421875, 10.969505328558837], [6.107025146484375, 11.011296541429488], [6.063079833984375, 11.027472194117934], [6.0205078125, 11.106989519283017], [6.02325439453125, 11.137981939204948], [6.015942722313748, 11.142465609534208], [6.0150146484375, 11.139329360922703], [5.9820556640625, 11.14876113820503], [5.91064453125, 11.109684643110402], [5.892791748046874, 11.115074816076346], [5.815887451171875, 11.092165893502], [5.758209228515625, 11.030168049748383], [5.73760986328125, 11.027472194117934], [5.614013671875, 10.964112483114837], [5.571441650390625, 10.972201714389914], [5.567321777343749, 10.95871953933339], [5.55908203125, 10.947933356942126], [5.535736083984375, 10.95871953933339], [5.524749755859375, 10.99512000008428], [5.5096435546875, 11.00455642379427], [5.513763427734375, 10.984335146101955], [5.494537353515625, 10.993771914898083], [5.505523681640625, 10.981638871023351], [5.412139892578125, 10.99242382355001], [5.387420654296875, 11.034211786832714], [5.39154052734375, 11.06521192087006], [5.386047363281249, 11.088122955930965], [5.387420654296875, 11.113727282172755], [5.38330078125, 11.167623774602282], [5.39154052734375, 11.175707386480804], [5.3887939453125, 11.19860972938378], [5.392913818359375, 11.226898356401609], [5.376434326171875, 11.237674247415999], [5.350341796875, 11.333292593295132], [5.33660888671875, 11.340025077568924], [5.332489013671875, 11.35348957008566], [5.261077880859375, 11.298281121130604], [5.236358642578125, 11.226898356401609], [5.16632080078125, 11.221510260010541], [5.066070556640625, 11.237674247415999], [5.06744384765625, 11.22016322020345], [5.0592041015625, 11.20669247672413], [5.046844482421875, 11.221510260010541], [5.052337646484375, 11.24036815726794], [5.06744384765625, 11.247102821757334], [5.055084228515625, 11.263265374108466], [5.042724609375, 11.272693110431502], [5.0262451171875, 11.253837328831702], [4.99053955078125, 11.280773781192053], [5.002899169921875, 11.295587753738996], [4.99053955078125, 11.310400961284474], [4.978179931640624, 11.315787392354615], [4.9603271484375, 11.368299778052243], [4.942474365234375, 11.364260706715516], [4.901275634765625, 11.391186767046152], [4.86968994140625, 11.37368511744568], [4.88067626953125, 11.361567960696178], [4.871063232421875, 11.350796722383672], [4.857330322265624, 11.356182392375539], [4.840850830078125, 11.352143149410825], [4.83123779296875, 11.334639102837388], [4.816131591796875, 11.344064491988243], [4.730987548828125, 11.303667780023039], [4.71038818359375, 11.300974463227185], [4.713134765624999, 11.286160768752602], [4.70489501953125, 11.269999503022248], [4.735107421875, 11.251143544897465], [4.69940185546875, 11.230939362695736], [4.730987548828125, 11.182443557605605], [4.7406005859375, 11.14471898539305], [4.76806640625, 11.139329360922703], [4.791412353515625, 11.117769865203444], [4.82025146484375, 11.120464889418999], [4.91363525390625, 11.081384602413062], [4.97406005859375, 11.081384602413062], [4.99053955078125, 11.071950646749547], [4.998779296875, 11.055777444261793], [5.030364990234375, 11.051734004205963], [5.0482177734375, 11.043646956909253], [5.074310302734375, 10.976246247006731], [5.07843017578125, 10.923663010955066], [5.06195068359375, 10.907481677623215], [5.027618408203125, 10.896693632720057], [5.027618408203125, 10.85758369455561], [5.049591064453125, 10.821166389650994], [5.07843017578125, 10.813073053815014], [5.1031494140625, 10.791489757811465], [5.10040283203125, 10.760461055348594], [5.086669921875, 10.763159330300518], [5.086669921875, 10.745620111593173], [5.071563720703125, 10.746969318460001], [5.05645751953125, 10.734826239658108], [5.023498535156249, 10.74966771410236], [5.011138916015625, 10.73212771142289], [5.011138916015625, 10.721333357649327], [4.975433349609375, 10.718634709026603], [4.96856689453125, 10.707839873991668], [4.95208740234375, 10.713237339606419], [4.94659423828125, 10.692996347925087], [4.936981201171875, 10.687598521992154], [4.925994873046875, 10.69974349530582], [4.920501708984375, 10.692996347925087], [4.9053955078125, 10.692996347925087], [4.890289306640625, 10.709189249411077], [4.879302978515624, 10.6970446543633], [4.8614501953125, 10.709189249411077], [4.854583740234375, 10.703791711680736], [4.818878173828124, 10.709189249411077], [4.807891845703125, 10.6902974469584], [4.81201171875, 10.664656691613153], [4.794158935546875, 10.633614991656051], [4.803771972656249, 10.60796946597645], [4.822998046875, 10.597170706385656], [4.81475830078125, 10.506716181078506], [4.8504638671875, 10.462154201088106], [4.89166259765625, 10.458102794213447], [4.924621582031249, 10.447298784079655], [4.95208740234375, 10.394623861979046], [4.945220947265625, 10.285193760871739], [4.86968994140625, 10.22167986367494], [4.794158935546875, 10.262222119724557], [4.703521728515625, 10.246005839389985], [4.670562744140625, 10.224382841917658], [4.68017578125, 10.189242332922737], [4.706268310546875, 10.17167062483104], [4.709014892578125, 10.13652430945623], [4.681549072265625, 10.118949705373302], [4.621124267578125, 10.10543012436838], [4.527740478515625, 10.102726139914633], [4.527740478515625, 10.116245834693594], [4.535980224609375, 10.189242332922737], [4.5648193359375, 10.213570791008156], [4.563446044921875, 10.259519464003825], [4.5538330078125, 10.278437569146138], [4.5263671875, 10.300056873672533], [4.489288330078125, 10.309514853436628], [4.47967529296875, 10.3270789193731], [4.48516845703125, 10.355449568155432], [4.47967529296875, 10.413533832861882], [4.481048583984375, 10.463504658291983], [4.503021240234375, 10.525619323394588], [4.57305908203125, 10.56207210971587], [4.612884521484375, 10.590421288241636], [4.62799072265625, 10.614718497179924], [4.654083251953125, 10.613368702855206], [4.65545654296875, 10.636314395400303], [4.6856689453125, 10.666006258971239], [4.6856689453125, 10.6970446543633], [4.700775146484375, 10.753715262326795], [4.69390869140625, 10.783395622088614], [4.713134765624999, 10.846793844137942], [4.72686767578125, 10.867024493996666], [4.711761474609375, 10.903436206633991], [4.69940185546875, 10.920966183278152], [4.670562744140625, 10.920966183278152], [4.6307373046875, 10.89399656037844], [4.610137939453125, 10.89399656037844], [4.52362060546875, 10.915572454452976], [4.44671630859375, 10.889950906052515], [4.409637451171875, 10.876464994816295], [4.36981201171875, 10.885905196767663], [4.3121337890625, 10.918269331108867], [4.283294677734375, 10.933101714863891], [4.28741455078125, 10.951978221389624], [4.264068603515625, 10.981638871023351], [4.26544189453125, 11.026124257032576], [4.229736328124999, 11.020732446907125], [4.093780517578125, 11.030168049748383], [3.9935302734375, 11.01938447893334], [3.907012939453125, 10.916920895841397], [3.84521484375, 10.925011415607088], [3.769683837890625, 10.918269331108867], [3.76556396484375, 10.993771914898083], [3.750457763671875, 11.018036504784023], [3.724365234375, 11.030168049748383], [3.7188720703125, 11.049038346537106], [3.72711181640625, 11.06521192087006], [3.731231689453125, 11.081384602413062], [3.722991943359375, 11.09351352693142], [3.72161865234375, 11.13663451124856], [3.658447265625, 11.14876113820503], [3.65570068359375, 11.158192609513428], [3.60076904296875, 11.203998252703641], [3.56231689453125, 11.25249044001432], [3.527984619140625, 11.26461221250444], [3.5101318359375, 11.292894361058085], [3.49090576171875, 11.303667780023039], [3.526611328125, 11.455798900251002], [3.536224365234375, 11.533852191510546], [3.5650634765625, 11.625335311348687], [3.613128662109375, 11.6979622816819], [3.62548828125, 11.707375496072142], [3.66119384765625, 11.757125728454792], [3.659820556640625, 11.812243863321994], [3.6309814453125, 11.822997330187803], [3.615875244140625, 11.902291077727055], [3.670806884765625, 11.972157926492702], [3.670806884765625, 12.009771062776911], [3.62823486328125, 12.123921561081428], [3.637847900390625, 12.203126750176567], [3.658447265625, 12.274256994762874], [3.640594482421875, 12.511665400971031], [3.676300048828125, 12.555903979968493], [3.71612548828125, 12.584051844353079], [3.816375732421875, 12.661777510388525], [3.8616943359375, 12.703310836442176], [3.94134521484375, 12.759570965813761], [4.0155029296875, 12.87473119764905], [4.099273681640625, 13.001881592751694], [4.129486083984375, 13.146352385470161], [4.1253662109375, 13.193153422328292], [4.12811279296875, 13.231924637991806], [4.121246337890625, 13.257323125615741], [4.142608531712018, 13.255837906913605], [4.132232666015625, 13.257323125615741], [4.132232666015625, 13.281382404188077], [4.123992919921875, 13.301429981673076], [4.130859375, 13.415001530745021], [4.123992919921875, 13.443052132777558], [4.12811279296875, 13.471099452653357], [4.198150634765625, 13.47510594433495], [4.3890380859375, 13.649990358009026], [4.4769287109375, 13.707367001939167], [4.590911865234375, 13.728712877085783], [4.622497558593749, 13.738051086750025], [4.722747802734375, 13.747388924343081], [4.79827880859375, 13.774066408054827], [4.871063232421875, 13.780735303467575], [4.89990234375, 13.754058580410238], [4.939727783203124, 13.746054970332787], [5.005645751953125, 13.743387039520751], [5.07568359375, 13.755392488822052], [5.09490966796875, 13.755392488822052], [5.14984130859375, 13.746054970332787], [5.225372314453125, 13.744721008725115], [5.280303955078124, 13.764729634807106], [5.32012939453125, 13.810076180474647], [5.35308837890625, 13.850080514510164], [5.40802001953125, 13.874079811160689], [5.486297607421875, 13.89274421457224], [5.527496337890625, 13.89274421457224], [5.582427978515624, 13.866080321266567], [5.640106201171875, 13.846080390642838], [5.659332275390625, 13.83541305718796], [5.701904296875, 13.819411139969818], [5.741729736328124, 13.80074084711067], [5.88043212890625, 13.751390740782975], [6.054840087890625, 13.692690587327043], [6.107025146484375, 13.671341440254311], [6.16058349609375, 13.640648651718347], [6.22650146484375, 13.670007054279553], [6.295166015625, 13.678013256725489], [6.34735107421875, 13.64732133680047], [6.469573974609375, 13.588595242295824], [6.4984130859375, 13.567236687619163], [6.53961181640625, 13.505820148970754], [6.5753173828125, 13.461750711103367], [6.609649658203125, 13.429695112188552], [6.645355224609375, 13.386947652895737], [6.663208007812499, 13.353545916872893], [6.716766357421874, 13.308112139122006], [6.7510986328125, 13.255986429192898], [6.752471923828125, 13.210534384132387], [6.791710544001073, 13.13543944427549], [6.792297363281249, 13.135653750651828], [6.810150146484375, 13.106230102044576], [6.92962646484375, 12.997867309754252], [7.05322265625, 12.992514831438045], [7.117767333984374, 13.021952033258717], [7.219390869140625, 13.131641642380112], [7.297668457031249, 13.118267474880913], [7.3223876953125, 13.106230102044576], [7.389678955078125, 13.099542418228534], [7.680816650390624, 13.26266983782816], [7.774200439453124, 13.321475900935894], [7.820892333984374, 13.341520159660119], [7.917022705078125, 13.33216637904759], [7.948608398437499, 13.321475900935894], [8.07769775390625, 13.304102866767076], [8.1298828125, 13.280045840120149], [8.173828125, 13.253313014308297], [8.210906982421875, 13.219892851041191], [8.2562255859375, 13.209197430990182], [8.304290771484375, 13.16106224645679], [8.32763671875, 13.131641642380112], [8.35784912109375, 13.116930018103586], [8.414154052734375, 13.06075027268141], [8.441619873046875, 13.068776734357694], [8.480072021484375, 13.07947827722643], [8.548736572265625, 13.050047918030097], [8.628387451171875, 12.989838549012543], [8.639373779296875, 12.94433734014486], [8.870086669921875, 12.876069959946507], [8.985443115234375, 12.834565007142954], [9.004669189453125, 12.847954451145426], [9.041748046875, 12.842598759137967], [9.048614501953125, 12.822513897983297], [9.044037023382122, 12.821195142324575], [9.04998779296875, 12.822513897983297], [9.048614501953125, 12.842598759137967], [9.140625, 12.837242952998404], [9.180450439453125, 12.835903983635566], [9.339752197265625, 12.819835795356374], [9.386444091796875, 12.825191972118773], [9.652862548828125, 12.809123100045515], [9.674835205078125, 12.82653099850051], [9.713287353515625, 12.822513897983297], [9.744873046874998, 12.797070773470656], [9.776458740234375, 12.79573159051581], [9.853363037109375, 12.821174850230918], [9.919281005859375, 12.872053651605189], [9.913787841796875, 12.88142493762357], [9.92889404296875, 12.91622950073752], [9.942626953125, 12.905520920167197], [9.957733154296875, 12.941660539489433], [10.0030517578125, 12.95504425527593], [10.030517578125, 12.967088984637462], [10.05523681640625, 12.956382587313202], [10.0634765625, 12.976456704432241], [10.1239013671875, 12.988500396985364], [10.14862060546875, 12.987162237749484], [10.2227783203125, 13.016600074665284], [10.257110595703125, 13.003219672653879], [10.2667236328125, 12.983147716796578], [10.283203125, 12.976456704432241], [10.28045654296875, 12.963074139604124], [10.2667236328125, 12.956382587313202], [10.273590087890625, 12.93496841213425], [10.268096923828125, 12.91622950073752], [10.287322998046875, 12.909536691643723], [10.288696289062498, 12.882763664161187], [10.30517578125, 12.865359661408899], [10.28594970703125, 12.822513897983297], [10.323028564453125, 12.813140414175562], [10.3326416015625, 12.845276619410988], [10.388946533203125, 12.843937692841445], [10.47821044921875, 12.78903556912079], [10.5029296875, 12.802427434186294], [10.496063232421875, 12.8171576642436], [10.530395507812498, 12.818496733360389], [10.5523681640625, 12.815818588006746], [10.57159423828125, 12.79305320327989], [10.5853271484375, 12.711348761576284], [10.601806640625, 12.697952078455677], [10.592193603515625, 12.665797160512822], [10.581207275390625, 12.661777510388525], [10.578460693359375, 12.651058133703483], [10.59356689453125, 12.6363182557884], [10.59906005859375, 12.593433780220462], [10.58807373046875, 12.576009912063801], [10.594940185546875, 12.56394654151914], [10.597686767578123, 12.529093626349596], [10.592193603515625, 12.504961924014806], [10.605926513671875, 12.488872869773877], [10.572967529296875, 12.471441931743174], [10.55511474609375, 12.48082796730043], [10.507049560546873, 12.467419240954229], [10.452117919921875, 12.439258658008388], [10.4315185546875, 12.459373672058103], [10.382080078125, 12.463396487719582], [10.34088134765625, 12.441940749941743], [10.24749755859375, 12.459373672058103], [10.24200439453125, 12.432553307021802], [10.2227783203125, 12.433894391062397], [10.257110595703125, 12.389634967649153], [10.202178955078125, 12.350734120814016], [10.188446044921875, 12.325244221859764], [10.207672119140625, 12.313169194006136], [10.1898193359375, 12.302435369557129], [10.149993896484375, 12.238023225867888], [10.149993896484375, 12.197757653273491], [10.17333984375, 12.169568111199663], [10.160980224609375, 12.138690418934845], [10.15411376953125, 12.086324416503132], [10.163726806640625, 12.064837960671113], [10.171966552734375, 12.0473789469445], [10.14862060546875, 12.024546215925072], [10.096435546875, 12.020516709145957], [10.04150390625, 11.978874942482795], [10.015411376953125, 11.981561702103395], [9.964599609375, 11.95469290365025], [9.894561767578125, 11.937226753541461], [9.82452392578125, 11.888853082975968], [9.7064208984375, 11.851223169778889], [9.678955078125, 11.863319065419729], [9.66796875, 11.845847044118496], [9.680328369140625, 11.839126738255754], [9.669342041015625, 11.788047020120791], [9.635009765625, 11.771914606200369], [9.6185302734375, 11.75040324858915], [9.641876220703125, 11.728890210912423], [9.716033935546875, 11.722167042552478], [9.776458740234375, 11.738302371436854], [9.80255126953125, 11.69392794890226], [9.832763671875, 11.69392794890226], [9.823150634765625, 11.675100285480939], [9.825897216796875, 11.629370641070977], [9.812164306640623, 11.626680427753884], [9.834136962890625, 11.598431619860778], [9.82177734375, 11.583633483895829], [9.83001708984375, 11.539234379090713], [9.781951904296873, 11.504248316773985], [9.78607177734375, 11.465220271497596], [9.80255126953125, 11.442339253918387], [9.853363037109375, 11.466566156032615], [9.872589111328123, 11.453107022219326], [9.89044189453125, 11.365607070187439], [9.88494873046875, 11.360221578150188], [9.911041259765625, 11.346757403195502], [9.911041259765625, 11.321173722096153], [9.939880371093748, 11.313094189482758], [9.9591064453125, 11.28346728760413], [10.0140380859375, 11.261918529407323], [10.08544921875, 11.268652689854141], [10.12115478515625, 11.248449735768261], [10.119781494140625, 11.237674247415999], [10.147247314453125, 11.241715102754728], [10.17608642578125, 11.222857293534627], [10.210418701171875, 11.229592366884772], [10.28045654296875, 11.208039579322028], [10.364227294921875, 11.20669247672413], [10.364227294921875, 11.174360133476918], [10.33538818359375, 11.14606637590688], [10.336761474609375, 11.119117380425525], [10.318908691406248, 11.132592189954725], [10.301055908203125, 11.117769865203444], [10.281829833984375, 11.101599196968122], [10.24749755859375, 11.082732285536572], [10.21728515625, 11.0962087751446], [10.16510009765625, 11.057125245224867], [10.158233642578125, 11.012644546445717], [10.169219970703125, 10.985683274406332], [10.202178955078125, 10.97759441224152], [10.22003173828125, 10.951978221389624], [10.198059082031248, 10.949281651229716], [10.17059326171875, 10.943888437257428], [10.122528076171875, 10.949281651229716], [10.1129150390625, 10.962764256386821], [10.111541748046875, 10.989727622371035], [10.08819580078125, 10.991075726040743], [10.046997070312498, 10.965460703696762], [10.015411376953125, 10.9748980756194], [10.00579833984375, 10.957371288028199], [9.982452392578125, 10.957371288028199], [9.92340087890625, 10.99242382355001], [9.880828857421875, 10.991075726040743], [9.853363037109375, 11.024776313768111], [9.858856201171875, 11.058473039992311], [9.854736328125, 11.077341515794133], [9.89044189453125, 11.088122955930965], [9.883575439453125, 11.133939636622722], [9.876708984375, 11.18379077304663], [9.88494873046875, 11.197262582874904], [9.86297607421875, 11.197262582874904], [9.847869873046875, 11.226898356401609], [9.825897216796875, 11.275386692600028], [9.7943115234375, 11.275386692600028], [9.790191650390625, 11.259224821092337], [9.766845703125, 11.251143544897465], [9.73114013671875, 11.24979664348188], [9.716033935546875, 11.230939362695736], [9.68170166015625, 11.222857293534627], [9.663848876953125, 11.232286352218692], [9.59381103515625, 11.247102821757334], [9.597930908203125, 11.288854224631772], [9.611663818359375, 11.31444079408486], [9.510040283203123, 11.315787392354615], [9.50042724609375, 11.278080249522125], [9.46746826171875, 11.28481403133667], [9.408416748046875, 11.30232112478806], [9.380950927734375, 11.333292593295132], [9.345245361328125, 11.348103849275297], [9.334259033203125, 11.33733210289208], [9.3218994140625, 11.341371555388873], [9.30267333984375, 11.35348957008566], [9.206868191082986, 11.330608071239928], [9.20654296875, 11.329253026617318], [9.14886474609375, 11.315787392354615], [9.11041259765625, 11.31848056989431], [9.05548095703125, 11.299627795341129], [8.973083496093748, 11.199956869621811], [8.92364501953125, 11.178401873711785], [8.9044189453125, 11.12181239218314], [8.86871337890625, 11.105641948035744], [8.81378173828125, 11.102946786877578], [8.7890625, 11.022080408704667], [8.7835693359375, 10.943888437257428], [8.76434326171875, 10.949281651229716], [8.7506103515625, 10.854886268472459], [8.7835693359375, 10.798234704435858], [8.8165283203125, 10.779348472547028], [8.85772705078125, 10.719984036345847], [8.85498046875, 10.676802582247122], [8.8165283203125, 10.671404468527436], [8.78082275390625, 10.598520572167248], [8.74049237453228, 10.567221915355212], [8.7835693359375, 10.598520572167248], [8.75885009765625, 10.43919552993234], [8.8165283203125, 10.371660215460267], [8.80279541015625, 10.298705710538094], [8.7451171875, 10.274383784757543], [8.6956787109375, 10.223031355670871], [8.670959472656248, 10.18518740926906], [8.6737060546875, 10.001310360636928], [8.63800048828125, 9.879569652774814], [8.63800048828125, 9.77131783956118], [8.602294921875, 9.744249366331491], [8.57208251953125, 9.641369188207088], [8.550109863281248, 9.573667720630613], [8.580322265624998, 9.497826059631098], [8.640747070312498, 9.403000374334932], [8.690185546875, 9.384032109601689], [8.7066650390625, 9.316279848963172], [8.62152099609375, 9.115656467131009], [8.5638427734375, 9.064126766278852], [8.55560302734375, 9.028865339591997], [8.5089111328125, 9.001738817838342], [8.470458984375, 9.083112255354074], [8.39080810546875, 9.169890224453907], [8.2562255859375, 9.178024574578373], [8.2012939453125, 9.050565088042529], [8.1353759765625, 9.037002898469423], [8.06121826171875, 9.042427835611676], [8.0914306640625, 9.232248799418674], [8.050231933593748, 9.275622176792112], [7.92388916015625, 9.321700514793777], [7.882690429687501, 9.300017346869128], [7.80029296875, 9.272911497538322], [7.6849365234375, 9.362352822055605], [7.660217285156249, 9.405710041600022], [7.599792480468749, 9.403000374334932], [7.51190185546875, 9.362352822055605], [7.393798828125, 9.337962007022371], [7.371826171874999, 9.340672181980947], [7.325134277343749, 9.346092468634017]]]]}}]}